id,number,name,provinceCode,provinceName,areaNumber,partyId,partyCode,partyName,partyColor,totalVotes,rank,percentage
3c9a835c-5c1c-4b9d-822f-2e65c63585ae,1,นายชยพล สท้อนดี,10,กรุงเทพมหานคร,8,1116011c-1ef3-4cca-a186-c1b9f7984ede,46,พรรคประชาชน,#F57C00,250,1,26.852846401718583
7a6ea9d5-c659-49cd-a99b-7f2a54503ea8,2,นางสาววีริสรา ช่วงยรรยง,10,กรุงเทพมหานคร,8,339fa187-133c-4766-a6c2-36d1b32cda8f,23,พรรคปวงชนไทย,#827717,250,2,26.852846401718583
e310ed5d-4d96-47ac-821b-dc8e7adb2874,2,นางสาวเพชรรัตน์ ใหม่ชมภู,50,เชียงใหม่,1,1116011c-1ef3-4cca-a186-c1b9f7984ede,46,พรรคประชาชน,#F57C00,185,1,19.87110633727175
34afc7ef-88f6-4726-bb7a-a11c4645eefe,1,นางสาววิเวียน จุลมนต์,10,กรุงเทพมหานคร,9,d7155f6d-736d-42c0-8bc0-00ee6e1970dc,27,พรรคประชาธิปัตย์,#0066B3,100,1,10.741138560687432
3a5fd4bb-0d32-4ce6-bd06-5a5abe23ca1a,2,นางสาววรินทร์ลดา วงศ์ศรีรัฐ,10,กรุงเทพมหานคร,9,cb1b6cf2-41fa-49b1-a060-01acf13edc81,48,พรรคไทยสร้างไทย,#00ACC1,100,2,10.741138560687432
40d2781d-3277-436a-a1c6-86248aea4c1c,1,นายปราณกมล สุขวรวงษ์,50,เชียงใหม่,1,c126e4e4-be85-44e6-bf3e-f9331b9f91a9,24,พรรควิชชั่นใหม่,#7CB342,9,2,0.966702470461869
6ad62db8-82af-4309-af03-92667a0d02e6,6,นายธีรพัฒน์ ตันพิริยะกุล,50,เชียงใหม่,1,2d8a1c84-0bc8-4377-965d-c020a0097c27,9,พรรคเพื่อไทย,#E4002B,6,3,0.644468313641246
8fc4829e-66cc-4cdc-8bc6-6ccd73559554,1,นายไวชิต อุดมวนิช,94,ปัตตานี,1,1116011c-1ef3-4cca-a186-c1b9f7984ede,46,พรรคประชาชน,#F57C00,5,1,0.5370569280343717
8e046fd2-d428-4e59-bbaf-89c948273661,3,นางสาวชุติมา ชุมขุน,86,ชุมพร,1,1116011c-1ef3-4cca-a186-c1b9f7984ede,46,พรรคประชาชน,#F57C00,5,1,0.5370569280343717
3eefed37-00a5-4ce2-9c4a-830758725952,2,นายชารีฟุดดีน สารีมิง,94,ปัตตานี,1,d7155f6d-736d-42c0-8bc0-00ee6e1970dc,27,พรรคประชาธิปัตย์,#0066B3,3,2,0.322234156820623
c374dc3f-e320-4f19-92f1-dec9afd48754,3,นางสาวมนัญชยา นิลประยูร,50,เชียงใหม่,1,0c044088-618b-49af-a291-fb28ffe9e0f8,11,พรรคเศรษฐกิจ,#FFA000,3,4,0.322234156820623
ee246ef4-838d-4d9c-bdfb-99232c3b75ea,4,นายภวฤทธิ์ กาญจนเกตุ,50,เชียงใหม่,1,a62aca08-91b7-4f3f-ba8f-cb9e884a3799,42,พรรคกล้าธรรม,#5D4037,3,5,0.322234156820623
fdba7624-0dfc-4f67-b41d-577d644f094e,6,นายอรุณรัตน พลอยจันทร์กูล,52,ลำปาง,3,115da917-bf32-4e96-a2ae-b7818d0909ee,6,พรรครวมไทยสร้างชาติ,#FF6D00,2,1,0.21482277121374865
e894c73c-7d64-4611-9058-29b005a55fad,1,นางระพีพรรณ โพธิ์ทอง,52,ลำปาง,3,a62aca08-91b7-4f3f-ba8f-cb9e884a3799,42,พรรคกล้าธรรม,#5D4037,1,7,0.10741138560687433
545cd2c0-748d-4fee-a702-b2f290077d24,2,นายประยูร แก้วเดียว,52,ลำปาง,3,0c044088-618b-49af-a291-fb28ffe9e0f8,11,พรรคเศรษฐกิจ,#FFA000,1,4,0.10741138560687433
ded1d8d6-f562-4a9d-ae57-9a66bb078e04,3,นายชาญณรงค์ มาเรียน,52,ลำปาง,3,03347cbc-6089-474c-a3f6-484ae981c9a6,43,พรรคพลังประชารัฐ,#1565C0,1,6,0.10741138560687433
525ad14b-bca9-4b30-8a9e-ed27bb4232ee,4,นายชลธานี เชื้อน้อย,52,ลำปาง,3,1116011c-1ef3-4cca-a186-c1b9f7984ede,46,พรรคประชาชน,#F57C00,1,3,0.10741138560687433
f953d335-1bdb-461b-a39d-18ccafed6313,4,นายวิชัย สุดสวาสดิ์,86,ชุมพร,1,013c219e-e197-416d-84ea-00ba9c35465e,37,พรรคภูมิใจไทย,#3949AB,1,2,0.10741138560687433
a9127fde-b20d-45a4-8398-5d9ccda9dff9,5,นายชินภัสร์ กิจเลิศสิริวัฒนา,50,เชียงใหม่,1,013c219e-e197-416d-84ea-00ba9c35465e,37,พรรคภูมิใจไทย,#3949AB,1,8,0.10741138560687433
376f2e46-df46-4d10-aeb2-33026de7440c,7,นางสาวนารากร ติยายน,50,เชียงใหม่,1,d7155f6d-736d-42c0-8bc0-00ee6e1970dc,27,พรรคประชาธิปัตย์,#0066B3,1,7,0.10741138560687433
67b0252d-90b5-486b-9b16-fecf86f4c11f,7,นายบุญเลิศ แสนเทพ,52,ลำปาง,3,2d8a1c84-0bc8-4377-965d-c020a0097c27,9,พรรคเพื่อไทย,#E4002B,1,5,0.10741138560687433
0957d0a6-3c6e-4d30-a1bd-b64c2bdc6b1f,8,นายพจนารถ ศรียารัณย,50,เชียงใหม่,1,2ee17641-917b-4ea0-8c19-da383e03e915,44,พรรคโอกาสใหม่,#26C6DA,1,6,0.10741138560687433
367a2695-4dde-4e96-a0f2-e1ec1e99d5c5,9,นายวิชัย หมื่นประจักร์,52,ลำปาง,3,7ffe2115-72d1-4d71-9962-03ff61afc67c,31,พรรคประชากรไทย,#00695C,1,2,0.10741138560687433
006ed360-ab51-46ba-a79d-5c3a09bce7c9,1,นายประเวศ จันทร์ตื้อ,47,สกลนคร,3,d7155f6d-736d-42c0-8bc0-00ee6e1970dc,27,พรรคประชาธิปัตย์,#0066B3,0,0,0.0
00afbad0-1f9e-4c8e-b9f8-49e5ddbfdeaa,1,นายอาณัติ ชินทะวัน,39,หนองบัวลำภู,3,013c219e-e197-416d-84ea-00ba9c35465e,37,พรรคภูมิใจไทย,#3949AB,0,0,0.0
00b8f3e2-6aca-457b-bde9-123523d3b5e6,1,นายเกรียงไกร คารศรี,32,สุรินทร์,7,1116011c-1ef3-4cca-a186-c1b9f7984ede,46,พรรคประชาชน,#F57C00,0,0,0.0
00c4d71d-027f-44f5-8873-63bc30cfd86e,1,นางหทัยรัตน์ เพชรพนมพร,41,อุดรธานี,2,2d8a1c84-0bc8-4377-965d-c020a0097c27,9,พรรคเพื่อไทย,#E4002B,0,0,0.0
0228b28a-d78c-4878-838b-0cf1a059f439,1,ร้อยตำรวจเอกธวัชชัย ถนนทอง,26,นครนายก,2,b6a2dc38-6f7d-4865-a6e0-a1b60a2edf32,30,พรรคแรงงานสร้างชาติ,#1976D2,0,0,0.0
023cc89e-0746-4f43-9f9a-17364aac4f91,1,นายสุกฤษฏิ์ชัย ธีระเริงฤทธิ์,10,กรุงเทพมหานคร,3,965b4b93-c01e-4a2b-a987-577f2b99ebb4,49,พรรคไทยก้าวใหม่,#1E88E5,0,0,0.0
02a67334-32cc-4aa9-8472-b9d480450fdf,1,นายจักพันธ์ ปิยพรไพบูลย์,77,ประจวบคีรีขันธ์,2,a62aca08-91b7-4f3f-ba8f-cb9e884a3799,42,พรรคกล้าธรรม,#5D4037,0,0,0.0
03895548-8d72-43d9-96d5-bb2de7855477,1,นายสรชัด สุจิตต์,72,สุพรรณบุรี,1,013c219e-e197-416d-84ea-00ba9c35465e,37,พรรคภูมิใจไทย,#3949AB,0,0,0.0
047e8f7d-9e83-4345-a23b-51066d9ebf27,1,นางสาวศุภิกา พัฒน์ธนันภู,10,กรุงเทพมหานคร,32,013c219e-e197-416d-84ea-00ba9c35465e,37,พรรคภูมิใจไทย,#3949AB,0,0,0.0
04ffa3d9-df02-4a34-86bb-2452f6e7e2f5,1,นายวิสุทธิ์ชาติ ปัญญาทรงรุจิ,33,ศรีสะเกษ,7,013c219e-e197-416d-84ea-00ba9c35465e,37,พรรคภูมิใจไทย,#3949AB,0,0,0.0
0585408c-0985-4f29-8fea-c0dc277a2fd8,1,นายบุญเลิศ สงบจิตร์,13,ปทุมธานี,6,115da917-bf32-4e96-a2ae-b7818d0909ee,6,พรรครวมไทยสร้างชาติ,#FF6D00,0,0,0.0
0676b2e0-a60c-415e-8b16-4588b574d36c,1,นายพรชัย อินทร์สุข,66,พิจิตร,1,a62aca08-91b7-4f3f-ba8f-cb9e884a3799,42,พรรคกล้าธรรม,#5D4037,0,0,0.0
08912d1a-7b97-44bb-a436-642b6655e378,1,นายกิตติพัทธ์ ปราบพาล,41,อุดรธานี,10,0c044088-618b-49af-a291-fb28ffe9e0f8,11,พรรคเศรษฐกิจ,#FFA000,0,0,0.0
0954aca2-3c9f-44e0-9b89-b1000fe175b9,1,นายประเสริฐศักดิ์ ขำหินตั้ง,36,ชัยภูมิ,2,965b4b93-c01e-4a2b-a987-577f2b99ebb4,49,พรรคไทยก้าวใหม่,#1E88E5,0,0,0.0
09ff8414-0150-4b41-8bfc-f5c776ac5fe4,1,นางสาวณัฐณิชา บุรณศิริ,14,พระนครศรีอยุธยา,4,2d8a1c84-0bc8-4377-965d-c020a0097c27,9,พรรคเพื่อไทย,#E4002B,0,0,0.0
0b09f641-18ab-4776-a295-4396e85473e1,1,นายทรงศักดิ์ อยู่ยืน,14,พระนครศรีอยุธยา,2,115da917-bf32-4e96-a2ae-b7818d0909ee,6,พรรครวมไทยสร้างชาติ,#FF6D00,0,0,0.0
0b35127c-182a-4819-a982-ce49eda59c26,1,นายศักดิ์ชาย เชาวน์ไวย,83,ภูเก็ต,3,2d8a1c84-0bc8-4377-965d-c020a0097c27,9,พรรคเพื่อไทย,#E4002B,0,0,0.0
0b6c80a6-5e2e-410f-8804-b40c06345a8f,1,นายวิทูลย์ แก้วสุวรรณ,19,สระบุรี,1,965b4b93-c01e-4a2b-a987-577f2b99ebb4,49,พรรคไทยก้าวใหม่,#1E88E5,0,0,0.0
0beb54d0-0124-43c1-aa3d-f1fa76e67cd3,1,นายวาสนา แต้มพุดซา,11,สมุทรปราการ,5,115da917-bf32-4e96-a2ae-b7818d0909ee,6,พรรครวมไทยสร้างชาติ,#FF6D00,0,0,0.0
0c1ee6e1-8fd5-47fd-95d9-cf51e2d19781,1,นายสิรวิชญ์ กิตติวงศา,22,จันทบุรี,2,d7155f6d-736d-42c0-8bc0-00ee6e1970dc,27,พรรคประชาธิปัตย์,#0066B3,0,0,0.0
0c60b35f-7882-45c9-82ab-ee8808fc3ab9,1,นางสาวนุศรา ศรีสังข์งาม,72,สุพรรณบุรี,2,1116011c-1ef3-4cca-a186-c1b9f7984ede,46,พรรคประชาชน,#F57C00,0,0,0.0
0cb4568a-aa9e-4d57-9bfb-0fe6fefddf8a,1,นายเนรมิต จันทร์ทอง,35,ยโสธร,1,d7155f6d-736d-42c0-8bc0-00ee6e1970dc,27,พรรคประชาธิปัตย์,#0066B3,0,0,0.0
0e3ceb84-6198-461b-909d-df2815eda158,1,พลตำรวจโทสุรพล วิรัตน์โยสินทร์,22,จันทบุรี,1,013c219e-e197-416d-84ea-00ba9c35465e,37,พรรคภูมิใจไทย,#3949AB,0,0,0.0
0e4c7611-a3b9-4a6b-af5d-513aef2a2f80,1,นายสุระชัย ไชยทองศรี,46,กาฬสินธุ์,4,115da917-bf32-4e96-a2ae-b7818d0909ee,6,พรรครวมไทยสร้างชาติ,#FF6D00,0,0,0.0
0f2cb945-738e-4b06-9e9a-383376cbe127,1,นายสุรณัฐ แนบเนียม,33,ศรีสะเกษ,3,a62aca08-91b7-4f3f-ba8f-cb9e884a3799,42,พรรคกล้าธรรม,#5D4037,0,0,0.0
0f60fc6e-4ea0-4d8f-9a3a-ddf2b9dbcfa3,1,นายสากล ม่วงศิริ,10,กรุงเทพมหานคร,27,2d8a1c84-0bc8-4377-965d-c020a0097c27,9,พรรคเพื่อไทย,#E4002B,0,0,0.0
100f32b1-5372-4f53-acf2-249e16b47b6e,1,นายชลพฤกษ วงศ์อรุณนิยม,73,นครปฐม,6,1116011c-1ef3-4cca-a186-c1b9f7984ede,46,พรรคประชาชน,#F57C00,0,0,0.0
106dca26-1f1c-45db-900a-6c732d349a3b,1,นายชนาธิป ศุภศิริ,54,แพร่,2,013c219e-e197-416d-84ea-00ba9c35465e,37,พรรคภูมิใจไทย,#3949AB,0,0,0.0
10893e2c-05dd-4f10-9100-c1ef7c27747a,1,นายเลขาดำไตรสรณคมน์ หนองเรือง,49,มุกดาหาร,2,a62aca08-91b7-4f3f-ba8f-cb9e884a3799,42,พรรคกล้าธรรม,#5D4037,0,0,0.0
108a8302-fc84-400f-b0c1-ea6209d97643,1,ร้อยตำรวจเอกดอน สมควร,57,เชียงราย,7,d7155f6d-736d-42c0-8bc0-00ee6e1970dc,27,พรรคประชาธิปัตย์,#0066B3,0,0,0.0
10dc9d98-2b3b-43a0-9ca0-ea9cc11bfea5,1,นายพิทักษ์เดช เดชเดโช,80,นครศรีธรรมราช,3,d7155f6d-736d-42c0-8bc0-00ee6e1970dc,27,พรรคประชาธิปัตย์,#0066B3,0,0,0.0
119f3eb6-ee67-4113-9d3f-5b2eab8d962b,1,นางสาวนิรมล เพ็งจันทร์,80,นครศรีธรรมราช,9,115da917-bf32-4e96-a2ae-b7818d0909ee,6,พรรครวมไทยสร้างชาติ,#FF6D00,0,0,0.0
11c5963f-5212-4b62-8bd4-d557725ef67c,1,นายวันนิวัติ สมบูรณ์,40,ขอนแก่น,10,2d8a1c84-0bc8-4377-965d-c020a0097c27,9,พรรคเพื่อไทย,#E4002B,0,0,0.0
1244952c-33b2-4d11-8146-242f16d5ef4f,1,นายนวมินทร์ ปิ่นปฐมรัฐ,90,สงขลา,3,1116011c-1ef3-4cca-a186-c1b9f7984ede,46,พรรคประชาชน,#F57C00,0,0,0.0
1253f55e-4f57-42df-a133-385ab0aa4549,1,นางสาววรรณิดา นพสิทธิ์,20,ชลบุรี,2,1116011c-1ef3-4cca-a186-c1b9f7984ede,46,พรรคประชาชน,#F57C00,0,0,0.0
12beabb7-5fc1-4b45-a8ee-a0256bf06089,1,นายสุรสิทธิ์ เจียมวิจักษณ์,57,เชียงราย,4,a62aca08-91b7-4f3f-ba8f-cb9e884a3799,42,พรรคกล้าธรรม,#5D4037,0,0,0.0
12e661d9-3c7f-439a-8007-022676ebba3b,1,นางสาวไพลิน เทียนสุวรรณ,11,สมุทรปราการ,7,013c219e-e197-416d-84ea-00ba9c35465e,37,พรรคภูมิใจไทย,#3949AB,0,0,0.0
135dda82-2840-48ce-b1e3-5631b46a58ac,1,นายอภิศักดิ์ แก้วหาญ,11,สมุทรปราการ,8,b6a2dc38-6f7d-4865-a6e0-a1b60a2edf32,30,พรรคแรงงานสร้างชาติ,#1976D2,0,0,0.0
141335e3-5bf5-48f9-b0df-62918c723f5c,1,นายสะหาก หมุดตะเหล็บ,90,สงขลา,5,2d8a1c84-0bc8-4377-965d-c020a0097c27,9,พรรคเพื่อไทย,#E4002B,0,0,0.0
149ac3cc-7cb1-48f4-ba84-c877c60ef447,1,นางสาวลลิดา เพริศวิวัฒนา,10,กรุงเทพมหานคร,1,013c219e-e197-416d-84ea-00ba9c35465e,37,พรรคภูมิใจไทย,#3949AB,0,0,0.0
16e13b20-a7f2-453b-86dc-0899cf5a89ec,1,นายวีระ วิชาธรรม,40,ขอนแก่น,9,f9cadd57-8256-49aa-9386-0da392b19fc2,29,พรรคไทยภักดี,#D32F2F,0,0,0.0
175608bd-8f83-4711-9350-eac8f613b51d,1,นายสุวรรณ อินพรหม,81,กระบี่,1,2d8a1c84-0bc8-4377-965d-c020a0097c27,9,พรรคเพื่อไทย,#E4002B,0,0,0.0
17e2e4d1-9485-4987-ac3d-d4b41237f6b5,1,นายเพชร สุพพัตกุล,31,บุรีรัมย์,8,1116011c-1ef3-4cca-a186-c1b9f7984ede,46,พรรคประชาชน,#F57C00,0,0,0.0
191efd95-d3be-4d53-b41f-b8e931c5677e,1,นายวิทวิสิทธิ์ ปันสวนปลูก,51,ลำพูน,1,1116011c-1ef3-4cca-a186-c1b9f7984ede,46,พรรคประชาชน,#F57C00,0,0,0.0
19304fac-270b-4527-9b02-073bdc382844,1,นางสาวมารยาท มานัส,45,ร้อยเอ็ด,4,d7155f6d-736d-42c0-8bc0-00ee6e1970dc,27,พรรคประชาธิปัตย์,#0066B3,0,0,0.0
19e83d60-8af2-4df3-9605-52f877e07c50,1,นายปรีชา ชื่นชนกพิบูล,13,ปทุมธานี,8,03347cbc-6089-474c-a3f6-484ae981c9a6,43,พรรคพลังประชารัฐ,#1565C0,0,0,0.0
1a5b7368-689a-4b6f-a56e-bfd9e74f0298,1,นายโกเมศ ทีฆธนานนท์,40,ขอนแก่น,2,2d8a1c84-0bc8-4377-965d-c020a0097c27,9,พรรคเพื่อไทย,#E4002B,0,1,0.0
1abb32c4-a4df-4208-9a04-1106d193d620,1,นายอนุสรณ์ ไกรวัตนุสสรณ์,74,สมุทรสาคร,2,013c219e-e197-416d-84ea-00ba9c35465e,37,พรรคภูมิใจไทย,#3949AB,0,0,0.0
1cd9b993-fa55-425e-8459-8c0dc0943ea1,1,นางสาวมัญดา อัฐจินดา,10,กรุงเทพมหานคร,28,013c219e-e197-416d-84ea-00ba9c35465e,37,พรรคภูมิใจไทย,#3949AB,0,0,0.0
1d2df60c-bcf8-4f0e-a504-15cc16085b5f,1,นายฐิติวัชร์ ดีประเสริฐวงศ์,10,กรุงเทพมหานคร,17,d7155f6d-736d-42c0-8bc0-00ee6e1970dc,27,พรรคประชาธิปัตย์,#0066B3,0,0,0.0
1d7df47b-7eeb-4417-9dd5-9f0972c3dc0b,1,นางสาวเพชรมณี โตเอี่ยม,71,กาญจนบุรี,5,1116011c-1ef3-4cca-a186-c1b9f7984ede,46,พรรคประชาชน,#F57C00,0,0,0.0
1e215d83-df33-479f-ba80-37b2f5a9b3f2,1,นายสักกพันธุ์ อนันต์พงค์,90,สงขลา,1,1116011c-1ef3-4cca-a186-c1b9f7984ede,46,พรรคประชาชน,#F57C00,0,0,0.0
1f1131c5-021d-4fcb-9929-561626f2d7c3,1,นางสาวชนก จันทาทอง,43,หนองคาย,2,2d8a1c84-0bc8-4377-965d-c020a0097c27,9,พรรคเพื่อไทย,#E4002B,0,0,0.0
1f645f1a-ccca-4f6c-9c78-a3ac1545edf7,1,นายชูศักดิ์ กุลธวัชวงศ์,41,อุดรธานี,7,d7155f6d-736d-42c0-8bc0-00ee6e1970dc,27,พรรคประชาธิปัตย์,#0066B3,0,0,0.0
1f81da20-969a-4388-a1f2-2abba0bcd999,1,นายสุกิติ พรหมทอง,81,กระบี่,3,d7155f6d-736d-42c0-8bc0-00ee6e1970dc,27,พรรคประชาธิปัตย์,#0066B3,0,0,0.0
204866f7-6c68-4d86-9ac5-7b0f752076de,1,นายกฤช ศิลปชัย,21,ระยอง,2,1116011c-1ef3-4cca-a186-c1b9f7984ede,46,พรรคประชาชน,#F57C00,0,0,0.0
2079eed2-a2f3-4c1b-af34-7f87b768d64e,1,นายอรรถวัฒน์ มณีพันธุ์,46,กาฬสินธุ์,2,d7155f6d-736d-42c0-8bc0-00ee6e1970dc,27,พรรคประชาธิปัตย์,#0066B3,0,0,0.0
20a0aaf2-d375-433d-9ee6-08112b5ab52c,1,นายฉัตรชัย ลีกระจ่าง,42,เลย,1,013c219e-e197-416d-84ea-00ba9c35465e,37,พรรคภูมิใจไทย,#3949AB,0,0,0.0
20e849eb-30f4-40fd-ba78-0656dd5178c1,1,นายศรัณญ์ ใจคำ,50,เชียงใหม่,4,013c219e-e197-416d-84ea-00ba9c35465e,37,พรรคภูมิใจไทย,#3949AB,0,0,0.0
212a6109-d4f3-417f-9d01-15be1fea61eb,1,นายมูฮำหมัดอามิน กอเดร์,94,ปัตตานี,3,2d8a1c84-0bc8-4377-965d-c020a0097c27,9,พรรคเพื่อไทย,#E4002B,0,0,0.0
22187f0b-a9e7-44e4-9890-6e1d0a3595d1,1,นายรุสลัน โต๊ะปาเก,96,นราธิวาส,1,d7155f6d-736d-42c0-8bc0-00ee6e1970dc,27,พรรคประชาธิปัตย์,#0066B3,0,0,0.0
2261c4c4-552b-4b71-9ab0-f284ac4d3899,1,นายธรรมศักดิ์ เรืองชัยจตุพร,33,ศรีสะเกษ,6,1116011c-1ef3-4cca-a186-c1b9f7984ede,46,พรรคประชาชน,#F57C00,0,0,0.0
22ee5c34-8388-44d2-a4f3-22593e78aeaf,1,นายตี๋ธีระยุทธ รัศมี,47,สกลนคร,7,013c219e-e197-416d-84ea-00ba9c35465e,37,พรรคภูมิใจไทย,#3949AB,0,0,0.0
23662b3e-4b4e-4be3-8580-67ac273531ee,1,นางสาวอรพรรณ วัจนะเสถียรกุล,10,กรุงเทพมหานคร,29,a62aca08-91b7-4f3f-ba8f-cb9e884a3799,42,พรรคกล้าธรรม,#5D4037,0,0,0.0
23790bdf-f326-4984-adca-c33d65a0b670,1,นายวรท เทอดวีระพงศ์,93,พัทลุง,2,013c219e-e197-416d-84ea-00ba9c35465e,37,พรรคภูมิใจไทย,#3949AB,0,0,0.0
24971e38-6b71-4994-a7c7-007ef0d649ad,1,นายชาลี เจริญสุข,24,ฉะเชิงเทรา,2,339fa187-133c-4766-a6c2-36d1b32cda8f,23,พรรคปวงชนไทย,#827717,0,0,0.0
24d84460-d891-48ab-9932-42ac99590835,1,นายสุวัฒน์ มนตรี,39,หนองบัวลำภู,1,013c219e-e197-416d-84ea-00ba9c35465e,37,พรรคภูมิใจไทย,#3949AB,0,0,0.0
2636b409-5243-4cf1-86fc-2a3f381c4bee,1,นายบุญแก้ว สมวงศ์,35,ยโสธร,2,2d8a1c84-0bc8-4377-965d-c020a0097c27,9,พรรคเพื่อไทย,#E4002B,0,0,0.0
2708afdc-e02e-4fd4-b7da-b65f6313a281,1,นางสาวกัญญาพร แก้วทิพย์,12,นนทบุรี,1,013c219e-e197-416d-84ea-00ba9c35465e,37,พรรคภูมิใจไทย,#3949AB,0,2,0.0
2722168f-acae-4a3c-8f27-b03fd7d65cab,1,นายศุภชัย นพขำ,13,ปทุมธานี,2,2d8a1c84-0bc8-4377-965d-c020a0097c27,9,พรรคเพื่อไทย,#E4002B,0,0,0.0
27725535-ab5a-4cf2-ba96-6b6cf3c8be70,1,นางสาวกัญญารัตน์ เพ็งสวัสดิ์,84,สุราษฎร์ธานี,6,2d8a1c84-0bc8-4377-965d-c020a0097c27,9,พรรคเพื่อไทย,#E4002B,0,0,0.0
27869c15-61f8-4975-946c-5aeec439831a,1,นางสาวนันทิตา โต๊ะดอนทอง,62,กำแพงเพชร,1,d7155f6d-736d-42c0-8bc0-00ee6e1970dc,27,พรรคประชาธิปัตย์,#0066B3,0,0,0.0
289c65f7-101c-497a-b790-90074212114b,1,นายภูดิท อินสุวรรณ์,66,พิจิตร,2,2d8a1c84-0bc8-4377-965d-c020a0097c27,9,พรรคเพื่อไทย,#E4002B,0,0,0.0
2ab69452-d5d1-49d1-a7a3-f6abc6f650f9,1,นายกมลศักดิ์ ลีวาเมาะ,96,นราธิวาส,5,7f4755ca-ea3a-4023-869d-9cabba328db0,33,พรรคประชาชาติ,#2E7D32,0,0,0.0
2ac9479b-6756-4839-b437-f7755735a523,1,นายไพโรจน์ บัวเผื่อน,22,จันทบุรี,3,1116011c-1ef3-4cca-a186-c1b9f7984ede,46,พรรคประชาชน,#F57C00,0,0,0.0
2aeacae5-cfe0-4aa0-aefd-41cc74526a59,1,นายปัญจะ จำลองชาติ,31,บุรีรัมย์,2,7ffe2115-72d1-4d71-9962-03ff61afc67c,31,พรรคประชากรไทย,#00695C,0,0,0.0
2b8c8307-88a4-4c52-9498-0ff1b205f5ad,1,นางสาวศรีรัตน์ ฤกษ์พิชัย,16,ลพบุรี,1,cb1b6cf2-41fa-49b1-a060-01acf13edc81,48,พรรคไทยสร้างไทย,#00ACC1,0,0,0.0
2d33b6f9-5305-4e6d-a273-9f8c237ddc97,1,นายศุภปกรณ์ กิตยาธิคุณ,65,พิษณุโลก,5,1116011c-1ef3-4cca-a186-c1b9f7984ede,46,พรรคประชาชน,#F57C00,0,0,0.0
2dd91fce-073b-419e-8523-b7c330fd1e11,1,นางสาวสุภานันท์ ปัญญาทิพย์,50,เชียงใหม่,6,a62aca08-91b7-4f3f-ba8f-cb9e884a3799,42,พรรคกล้าธรรม,#5D4037,0,0,0.0
2ea2b389-37fd-4424-8e58-ccd73a70327e,1,นายธนชัย วสุอนันต์กุล,21,ระยอง,5,2d8a1c84-0bc8-4377-965d-c020a0097c27,9,พรรคเพื่อไทย,#E4002B,0,0,0.0
2f645308-5168-485d-9aca-c60ca19403b3,1,นายชลสิทธิ แก้วยะรัตน์,83,ภูเก็ต,2,a62aca08-91b7-4f3f-ba8f-cb9e884a3799,42,พรรคกล้าธรรม,#5D4037,0,0,0.0
2f8f5047-07fa-4b15-a87a-e738fd104bf6,1,นายอภิวัฒน์ จ่าตา,40,ขอนแก่น,5,013c219e-e197-416d-84ea-00ba9c35465e,37,พรรคภูมิใจไทย,#3949AB,0,0,0.0
2fa015ee-14d2-4fd3-9497-412b84f12ae4,1,นายชูศักดิ์ บัวระภาสิริ,42,เลย,2,a62aca08-91b7-4f3f-ba8f-cb9e884a3799,42,พรรคกล้าธรรม,#5D4037,0,0,0.0
3003209f-057f-43eb-a6fa-4145e8335b83,1,นายนัยศาลิน ถนอมมิตรวัฒนา,60,นครสวรรค์,2,d7155f6d-736d-42c0-8bc0-00ee6e1970dc,27,พรรคประชาธิปัตย์,#0066B3,0,0,0.0
30302fc4-778b-4aed-86a7-312acf6e27ad,1,นายชุมนุม ยงสืบชาติ,31,บุรีรัมย์,9,0c044088-618b-49af-a291-fb28ffe9e0f8,11,พรรคเศรษฐกิจ,#FFA000,0,0,0.0
3095a050-d541-4000-bb26-879f40490083,1,นายสมชาย โสดากุล,38,บึงกาฬ,1,1116011c-1ef3-4cca-a186-c1b9f7984ede,46,พรรคประชาชน,#F57C00,0,0,0.0
30e4b5a0-c31a-4ac7-885c-faab8208e01a,1,นายวีรวิทย์ เชื้อจันอัด,30,นครราชสีมา,16,a62aca08-91b7-4f3f-ba8f-cb9e884a3799,42,พรรคกล้าธรรม,#5D4037,0,0,0.0
316d7038-8ff4-46b7-97e6-5f648b26943d,1,นายศักดิ์ดา จันเทวา,37,อำนาจเจริญ,1,03347cbc-6089-474c-a3f6-484ae981c9a6,43,พรรคพลังประชารัฐ,#1565C0,0,0,0.0
31d27c1d-6063-4294-b773-3dfac5df0c8f,1,นางสาวขวัญจิรา มีนชัยนันท์,10,กรุงเทพมหานคร,19,2d8a1c84-0bc8-4377-965d-c020a0097c27,9,พรรคเพื่อไทย,#E4002B,0,3,0.0
3245a7ef-87c1-4cfd-b409-8a3d5814a504,1,นางสาวชนกนันท์ ศุภศิริ,54,แพร่,1,013c219e-e197-416d-84ea-00ba9c35465e,37,พรรคภูมิใจไทย,#3949AB,0,0,0.0
33014bfc-8ee4-496f-ab58-4dc0416c46b6,1,นางสาวศรีโสภา โกฏคำลือ,50,เชียงใหม่,10,2d8a1c84-0bc8-4377-965d-c020a0097c27,9,พรรคเพื่อไทย,#E4002B,0,0,0.0
33506a3e-8b4e-44d4-8ca0-38ce697d68d5,1,นางสาวสุดารัตน์ พิทักษ์พรพัลลภ,34,อุบลราชธานี,7,013c219e-e197-416d-84ea-00ba9c35465e,37,พรรคภูมิใจไทย,#3949AB,0,0,0.0
34fe33bd-7306-4805-929a-acbbbb25efe5,1,นายวิฑูรย์ นามคุณ,41,อุดรธานี,1,a62aca08-91b7-4f3f-ba8f-cb9e884a3799,42,พรรคกล้าธรรม,#5D4037,0,0,0.0
35f91e3e-2dae-4d3f-a027-a2d12736ba37,1,นางสาวปภาดา ถาวรเศรษฐ,10,กรุงเทพมหานคร,24,2ee17641-917b-4ea0-8c19-da383e03e915,44,พรรคโอกาสใหม่,#26C6DA,0,0,0.0
369dfc77-e80a-4e6b-808c-8bdef33604db,1,นางสาวสายพิณ ณ พัทลุง,91,สตูล,2,2d8a1c84-0bc8-4377-965d-c020a0097c27,9,พรรคเพื่อไทย,#E4002B,0,0,0.0
37406a9f-55d3-423c-bb16-578bdeda7b39,1,นายอธิวัฒน์ ศรีไชยยานุพันธ์,52,ลำปาง,1,a62aca08-91b7-4f3f-ba8f-cb9e884a3799,42,พรรคกล้าธรรม,#5D4037,0,0,0.0
375f2be7-26be-4489-852c-e2c11027c1a0,1,นางสาวอัจฉรารัตน์ นันทะเสน,50,เชียงใหม่,5,2d8a1c84-0bc8-4377-965d-c020a0097c27,9,พรรคเพื่อไทย,#E4002B,0,0,0.0
3761cb83-0afe-498c-85f2-761cd6cf6e87,1,นายอนันต์ ปาลีคุปต์,32,สุรินทร์,1,2d8a1c84-0bc8-4377-965d-c020a0097c27,9,พรรคเพื่อไทย,#E4002B,0,0,0.0
37f0441d-8cfe-448f-9f8a-a6afb25440de,1,นายชนัญ เรืองผล,82,พังงา,1,2d8a1c84-0bc8-4377-965d-c020a0097c27,9,พรรคเพื่อไทย,#E4002B,0,0,0.0
38643ed2-2ce0-4472-982b-528c749b4eae,1,นายประยูร เพ็งจันทร์,31,บุรีรัมย์,6,2d8a1c84-0bc8-4377-965d-c020a0097c27,9,พรรคเพื่อไทย,#E4002B,0,0,0.0
3a1d7dc1-cfc4-490c-902e-6e446ca1608a,1,นางอาทิตย์ติญาภรณ์ จันทรตัน,60,นครสวรรค์,1,a62aca08-91b7-4f3f-ba8f-cb9e884a3799,42,พรรคกล้าธรรม,#5D4037,0,0,0.0
3a292f1e-1221-4652-a1b0-9bc9a01a535a,1,นางสาววิสุดา วิเชียรศิลป์,71,กาญจนบุรี,4,013c219e-e197-416d-84ea-00ba9c35465e,37,พรรคภูมิใจไทย,#3949AB,0,0,0.0
3ac0cc84-d989-417b-967e-e2ca6c27c75a,1,นายมนตรี เฉียบแหลม,80,นครศรีธรรมราช,1,2d8a1c84-0bc8-4377-965d-c020a0097c27,9,พรรคเพื่อไทย,#E4002B,0,0,0.0
3bbb86aa-cfbf-40bc-925b-a4edc8103ecc,1,นายพีระพันธุ์ ดวงประทุม,46,กาฬสินธุ์,1,1116011c-1ef3-4cca-a186-c1b9f7984ede,46,พรรคประชาชน,#F57C00,0,0,0.0
3c5529ad-a33a-4af4-8305-340025a7609d,1,นายอัคคชา พรหมสูตร,30,นครราชสีมา,13,0c044088-618b-49af-a291-fb28ffe9e0f8,11,พรรคเศรษฐกิจ,#FFA000,0,0,0.0
3c8e2c53-1a24-4b4b-9d4f-83a7059ba2de,1,นายกันตภณ โชคกลางเดือน,45,ร้อยเอ็ด,6,115da917-bf32-4e96-a2ae-b7818d0909ee,6,พรรครวมไทยสร้างชาติ,#FF6D00,0,0,0.0
3cb75c9f-3d66-468c-b28f-e620f1ea9ceb,1,นางราตรี เจริญศรี,49,มุกดาหาร,1,d7155f6d-736d-42c0-8bc0-00ee6e1970dc,27,พรรคประชาธิปัตย์,#0066B3,0,0,0.0
3ccb9046-ba8a-4266-871b-b40e4c83d94c,1,ว่าที่ ร.ต.สุรพล ต๊ะวิชัย,58,แม่ฮ่องสอน,1,d7155f6d-736d-42c0-8bc0-00ee6e1970dc,27,พรรคประชาธิปัตย์,#0066B3,0,0,0.0
3d5b991e-947b-43fa-9438-a033be1a298c,1,นายเกรียงไกร ปานสีทอง,67,เพชรบูรณ์,6,2d8a1c84-0bc8-4377-965d-c020a0097c27,9,พรรคเพื่อไทย,#E4002B,0,0,0.0
3e242987-7d6d-49d9-bbb8-28c14b032053,1,นายสมบูรณ์ มีนาค,19,สระบุรี,4,d7155f6d-736d-42c0-8bc0-00ee6e1970dc,27,พรรคประชาธิปัตย์,#0066B3,0,0,0.0
3e38d16a-79e3-4a2f-9d16-25d1d0b8f7da,1,นายชูชีพ น่วมเป้า,67,เพชรบูรณ์,5,a62aca08-91b7-4f3f-ba8f-cb9e884a3799,42,พรรคกล้าธรรม,#5D4037,0,0,0.0
3ed6a7ae-e198-4290-850a-673e2e623bd9,1,นางพัชราวรรณ ภิญโญ,30,นครราชสีมา,6,2d8a1c84-0bc8-4377-965d-c020a0097c27,9,พรรคเพื่อไทย,#E4002B,0,0,0.0
3f910241-c57c-481f-861e-b528bbf981c8,1,นายเอกพล ณ พัทลุง,92,ตรัง,1,013c219e-e197-416d-84ea-00ba9c35465e,37,พรรคภูมิใจไทย,#3949AB,0,0,0.0
406279bb-bfb8-487f-b405-79126079641c,1,นายชาติชาย บัวซ้อน,71,กาญจนบุรี,3,d7155f6d-736d-42c0-8bc0-00ee6e1970dc,27,พรรคประชาธิปัตย์,#0066B3,0,0,0.0
41ac6a17-f713-4e29-a756-3078fa2a719e,1,นายมุกตา สาและ,94,ปัตตานี,5,d7155f6d-736d-42c0-8bc0-00ee6e1970dc,27,พรรคประชาธิปัตย์,#0066B3,0,0,0.0
4247defd-3e68-41f4-94a3-364f371eddbc,1,นายพงศกร นกทรัพย์,12,นนทบุรี,6,d7155f6d-736d-42c0-8bc0-00ee6e1970dc,27,พรรคประชาธิปัตย์,#0066B3,0,0,0.0
43a50900-c261-4403-a69e-767f3e9e619e,1,นายสิทธิชัย ผู้พัฒน์,17,สิงห์บุรี,1,a62aca08-91b7-4f3f-ba8f-cb9e884a3799,42,พรรคกล้าธรรม,#5D4037,0,0,0.0
43c4d139-9be9-46a3-9b23-6a106ffb5191,1,ว่าที่ร้อยตรีวัชระพงศ์ ฉิมแก้ว,84,สุราษฎร์ธานี,7,1116011c-1ef3-4cca-a186-c1b9f7984ede,46,พรรคประชาชน,#F57C00,0,0,0.0
441ed819-abb9-42e9-88ac-8125986e5ece,1,นางสาวตรีชฎา ศรีธาดา,67,เพชรบูรณ์,3,2d8a1c84-0bc8-4377-965d-c020a0097c27,9,พรรคเพื่อไทย,#E4002B,0,0,0.0
44e96e85-0fd5-49e7-9a9e-fb92ad3caf07,1,นายพรชัย ลมงาม,38,บึงกาฬ,2,a2917c34-67f8-4311-813f-3138fd2d9af0,47,พรรคประชาไทย,#3949AB,0,0,0.0
45861675-f337-41ba-86a6-1e8e729c3b60,1,นายทักษิณ เขื่อนโคกสูง,30,นครราชสีมา,2,965b4b93-c01e-4a2b-a987-577f2b99ebb4,49,พรรคไทยก้าวใหม่,#1E88E5,0,0,0.0
45cb4146-07f9-4414-924d-f702497a3863,1,นางสาวพิจิกา อุราวรรณ,82,พังงา,2,2d8a1c84-0bc8-4377-965d-c020a0097c27,9,พรรคเพื่อไทย,#E4002B,0,0,0.0
466aa39d-8ace-46c1-a76b-fba07dd14af1,1,นายเอกชัย สืบสารคาม,40,ขอนแก่น,3,a62aca08-91b7-4f3f-ba8f-cb9e884a3799,42,พรรคกล้าธรรม,#5D4037,0,0,0.0
47088d59-dc9f-4e96-a9b4-7a2d86b78a05,1,นายพงศ์พล เตมีย์,10,กรุงเทพมหานคร,7,d7155f6d-736d-42c0-8bc0-00ee6e1970dc,27,พรรคประชาธิปัตย์,#0066B3,0,0,0.0
4849d0f2-3c9c-4da6-8ac8-4dfd24de8e0d,1,นายสาโรจน์ ฉ่ำจิตร,15,อ่างทอง,2,1116011c-1ef3-4cca-a186-c1b9f7984ede,46,พรรคประชาชน,#F57C00,0,0,0.0
48b44355-146d-414c-8468-d8ae667b30ba,1,นายเทอดชาติ ชัยพงษ์,57,เชียงราย,5,2d8a1c84-0bc8-4377-965d-c020a0097c27,9,พรรคเพื่อไทย,#E4002B,0,0,0.0
48e71677-50c6-4c85-8427-1544532e4728,1,นายเกียรติคุณ ต้นยาง,12,นนทบุรี,7,1116011c-1ef3-4cca-a186-c1b9f7984ede,46,พรรคประชาชน,#F57C00,0,0,0.0
492ea950-3685-404c-97ed-b9088076680b,1,นายพินิตเมธ ทีฆธนานนท์,47,สกลนคร,1,013c219e-e197-416d-84ea-00ba9c35465e,37,พรรคภูมิใจไทย,#3949AB,0,0,0.0
4b439f2a-073d-4954-8659-34854cb6b6c4,1,นายประสงค์ ชุ่มเชย,54,แพร่,3,013c219e-e197-416d-84ea-00ba9c35465e,37,พรรคภูมิใจไทย,#3949AB,0,0,0.0
4b9501a3-ab51-473c-b57a-09ca8d012108,1,นางสาวพิมพ์พิชชา ชัยศุภกิจเจริญ,65,พิษณุโลก,4,2d8a1c84-0bc8-4377-965d-c020a0097c27,9,พรรคเพื่อไทย,#E4002B,0,0,0.0
4b99f843-696b-49a9-a08b-ef92cabe6e0d,1,นายศักดิ์ดาธร พุฒนวล,92,ตรัง,3,a62aca08-91b7-4f3f-ba8f-cb9e884a3799,42,พรรคกล้าธรรม,#5D4037,0,0,0.0
4b9b2792-4da8-4ead-bdfb-69c5377de594,1,นางสกุลรัตน์ ทิพย์วรรณงาม,10,กรุงเทพมหานคร,23,013c219e-e197-416d-84ea-00ba9c35465e,37,พรรคภูมิใจไทย,#3949AB,0,0,0.0
4be8e314-7847-479a-8035-e02be6e11937,1,นายจรูญ ยศธสาร,40,ขอนแก่น,4,013c219e-e197-416d-84ea-00ba9c35465e,37,พรรคภูมิใจไทย,#3949AB,0,0,0.0
4ca7df63-7315-452a-b547-2ef039b4c637,1,นางสาวศรีนวล บุญลือ,50,เชียงใหม่,9,013c219e-e197-416d-84ea-00ba9c35465e,37,พรรคภูมิใจไทย,#3949AB,0,0,0.0
4cce4cbd-0f64-4bde-9e68-764e59e7d18e,1,นางสาวกาญจนา ยงเสมอ,12,นนทบุรี,2,0c044088-618b-49af-a291-fb28ffe9e0f8,11,พรรคเศรษฐกิจ,#FFA000,0,0,0.0
4e7c54af-4a3a-4a20-9bff-fd1f1f168613,1,นายสุรชาติ ศรีบุศกร,66,พิจิตร,3,a62aca08-91b7-4f3f-ba8f-cb9e884a3799,42,พรรคกล้าธรรม,#5D4037,0,0,0.0
4f2b52a8-a621-4872-822a-92ce4cb9c8fa,1,นางทัศนีย์ สมธิ,56,พะเยา,1,115da917-bf32-4e96-a2ae-b7818d0909ee,6,พรรครวมไทยสร้างชาติ,#FF6D00,0,0,0.0
5058859e-ee63-4229-a054-de3010f8c538,1,นายทรงพล ชูศิลป์กุล,73,นครปฐม,3,2d8a1c84-0bc8-4377-965d-c020a0097c27,9,พรรคเพื่อไทย,#E4002B,0,0,0.0
51a61c60-d27d-40d6-b013-7c3541992e33,1,นางสาวกมนทรรศน์ กิตติสุนทรสกุล,21,ระยอง,1,1116011c-1ef3-4cca-a186-c1b9f7984ede,46,พรรคประชาชน,#F57C00,0,0,0.0
51e5f376-e81b-4b37-b183-97cbf014921d,1,นายณัฐกิตติ์ ฉัตราภรณ์ลักษมี,65,พิษณุโลก,1,409581ea-d469-40f6-803e-7830a6418150,17,พรรคไทยชนะ,#D84315,0,0,0.0
51e75925-523e-4a23-ae1a-68e55fc0d03c,1,นายอาคม จันต๊ะมา,57,เชียงราย,3,115da917-bf32-4e96-a2ae-b7818d0909ee,6,พรรครวมไทยสร้างชาติ,#FF6D00,0,0,0.0
523d708c-88a7-40a6-9aa4-bb13d91d98e2,1,นางสาวธัญญาทิพย์ ดาวเรือง,52,ลำปาง,4,cb1b6cf2-41fa-49b1-a060-01acf13edc81,48,พรรคไทยสร้างไทย,#00ACC1,0,0,0.0
528b3fab-e815-400d-aefc-fb9fe74a5705,1,นายประภูศักดิ์ จินตะเวช,34,อุบลราชธานี,9,2d8a1c84-0bc8-4377-965d-c020a0097c27,9,พรรคเพื่อไทย,#E4002B,0,0,0.0
53cfa1f8-f0e6-47fd-868c-d9905d4a31e6,1,นายหมวดตรีกิติภูมิ นีละไพจิตร์,10,กรุงเทพมหานคร,16,03347cbc-6089-474c-a3f6-484ae981c9a6,43,พรรคพลังประชารัฐ,#1565C0,0,0,0.0
55b2b94a-8abe-4582-8f55-be7339f6dd77,1,นางสาวศุภพานี โพธิ์สุ,48,นครพนม,1,013c219e-e197-416d-84ea-00ba9c35465e,37,พรรคภูมิใจไทย,#3949AB,0,0,0.0
55f13256-4e1f-4104-9084-1872baf85c1a,1,นายอรุโณทัย ชุมเสน,62,กำแพงเพชร,3,2ee17641-917b-4ea0-8c19-da383e03e915,44,พรรคโอกาสใหม่,#26C6DA,0,0,0.0
56757cee-94fe-46db-a628-d6eb834ed2e7,1,นายอรรถพล โต๋วสัจจา,61,อุทัยธานี,2,2d8a1c84-0bc8-4377-965d-c020a0097c27,9,พรรคเพื่อไทย,#E4002B,0,0,0.0
56c71e0a-1575-4b8c-a10f-c18c1b90464e,1,นายเอกรัฐ อิทธิไกวัล,10,กรุงเทพมหานคร,30,a62aca08-91b7-4f3f-ba8f-cb9e884a3799,42,พรรคกล้าธรรม,#5D4037,0,0,0.0
5784e797-2639-4b44-9487-b1b510a47d01,1,นางสาวดวงฤทัย บัวแก้ว,92,ตรัง,2,d7155f6d-736d-42c0-8bc0-00ee6e1970dc,27,พรรคประชาธิปัตย์,#0066B3,0,0,0.0
578ed709-4adf-4d69-b601-489799934570,1,นายปรีชา นันอำไพ,46,กาฬสินธุ์,6,d7155f6d-736d-42c0-8bc0-00ee6e1970dc,27,พรรคประชาธิปัตย์,#0066B3,0,0,0.0
580bd7c5-3042-4dd5-98d9-300b34c42dc0,1,นายนรพนธ์ พลายสีนิล,70,ราชบุรี,1,1116011c-1ef3-4cca-a186-c1b9f7984ede,46,พรรคประชาชน,#F57C00,0,0,0.0
5ab44794-b99c-482e-bbca-d647ae1eabe0,1,นายอดิศร แจ้งจันทร์,13,ปทุมธานี,5,965b4b93-c01e-4a2b-a987-577f2b99ebb4,49,พรรคไทยก้าวใหม่,#1E88E5,0,0,0.0
5b8be6fc-1360-4b25-8f31-53206a89bcd3,1,นายนวพันธ์ เอื้อคณิต,64,สุโขทัย,4,a62aca08-91b7-4f3f-ba8f-cb9e884a3799,42,พรรคกล้าธรรม,#5D4037,0,0,0.0
5c4bc756-23cd-4a6a-bd00-e0f26f47c6d1,1,นายนนทพันธ์ อัครเจริญรัตน์,12,นนทบุรี,4,0c044088-618b-49af-a291-fb28ffe9e0f8,11,พรรคเศรษฐกิจ,#FFA000,0,0,0.0
5c92297f-3f46-4b50-aa68-91f5d894be00,1,นายภาคภูมิสุข พวงกูลสมบัติ,14,พระนครศรีอยุธยา,3,0c044088-618b-49af-a291-fb28ffe9e0f8,11,พรรคเศรษฐกิจ,#FFA000,0,0,0.0
5dca0d0f-6daf-4416-8dd7-658a14de07b6,1,นายวีระธาร มาศเกษม,45,ร้อยเอ็ด,1,1116011c-1ef3-4cca-a186-c1b9f7984ede,46,พรรคประชาชน,#F57C00,0,0,0.0
5df91ba5-6e8e-43e9-ad02-db062129bdf3,1,นางศิริพร แสงจันทร์,41,อุดรธานี,8,d1964fe3-2dd0-43d5-a190-77fbfaf586b2,8,พรรคประชาธิปไตยใหม่,#1976D2,0,0,0.0
5e42a705-d02d-4031-a46d-5bbbcae57bad,1,นายสถาพร วัยวัฒนะ,71,กาญจนบุรี,2,0c044088-618b-49af-a291-fb28ffe9e0f8,11,พรรคเศรษฐกิจ,#FFA000,0,0,0.0
5eb0ec17-8523-435d-908d-ed10f565e34c,1,นายฐาปนา กาสิงห์,45,ร้อยเอ็ด,7,1116011c-1ef3-4cca-a186-c1b9f7984ede,46,พรรคประชาชน,#F57C00,0,0,0.0
5f629f51-6d68-48fe-a3fa-e15c8673cbee,1,นางสาวประภาพร ทองปากน้ำ,64,สุโขทัย,3,2d8a1c84-0bc8-4377-965d-c020a0097c27,9,พรรคเพื่อไทย,#E4002B,0,0,0.0
60148a75-8174-405f-82dd-987354366964,1,นางธนัชชา แสนสุขุม,53,อุตรดิตถ์,1,1116011c-1ef3-4cca-a186-c1b9f7984ede,46,พรรคประชาชน,#F57C00,0,0,0.0
60e7a9e0-3854-416e-81ff-a13defe77ab6,1,นางมนพร เจริญศรี,48,นครพนม,2,2d8a1c84-0bc8-4377-965d-c020a0097c27,9,พรรคเพื่อไทย,#E4002B,0,0,0.0
6179e6b2-b610-40a8-a520-55747815e5ef,1,นายอดิพงษ์ ฐิติพิทยา,31,บุรีรัมย์,3,013c219e-e197-416d-84ea-00ba9c35465e,37,พรรคภูมิใจไทย,#3949AB,0,0,0.0
62852976-3c80-4fae-915e-766da7350bfa,1,นายกิตติชัย เรืองสวัสดิ์,24,ฉะเชิงเทรา,1,013c219e-e197-416d-84ea-00ba9c35465e,37,พรรคภูมิใจไทย,#3949AB,0,0,0.0
63a42870-2199-4c69-be5c-1a1dabe69d44,1,นายอดุลย์ บุญใส,50,เชียงใหม่,7,013c219e-e197-416d-84ea-00ba9c35465e,37,พรรคภูมิใจไทย,#3949AB,0,0,0.0
647041ce-7794-48d0-ae03-f0b9c2b7028f,1,นายชาญ สุคนธ์,27,สระแก้ว,1,965b4b93-c01e-4a2b-a987-577f2b99ebb4,49,พรรคไทยก้าวใหม่,#1E88E5,0,0,0.0
667f751a-4f8b-4ad3-ad8b-4cf9a25659ea,1,นางสาวศศิรัตน์ สุขแก้วฟ้า,73,นครปฐม,4,0c044088-618b-49af-a291-fb28ffe9e0f8,11,พรรคเศรษฐกิจ,#FFA000,0,0,0.0
670168e2-e455-465f-a6f6-2a219a02be92,1,นายสัมฤทธิ์ แทนทรัพย์,36,ชัยภูมิ,3,013c219e-e197-416d-84ea-00ba9c35465e,37,พรรคภูมิใจไทย,#3949AB,0,0,0.0
67367be5-864c-4e48-9f9b-167b506d155a,1,นายอภิชาติ ตีรสวัสดิชัย,47,สกลนคร,2,2d8a1c84-0bc8-4377-965d-c020a0097c27,9,พรรคเพื่อไทย,#E4002B,0,0,0.0
67945a37-a78a-417c-a9c6-1e63808cf75d,1,นายพรชัย วงศ์ล้อมนิล,20,ชลบุรี,5,03347cbc-6089-474c-a3f6-484ae981c9a6,43,พรรคพลังประชารัฐ,#1565C0,0,0,0.0
69097c02-2334-4e88-8177-d75dfd107e5d,1,นายพร้อมพงศ์ สิถิลวัลย์,34,อุบลราชธานี,5,1116011c-1ef3-4cca-a186-c1b9f7984ede,46,พรรคประชาชน,#F57C00,0,0,0.0
69578bd5-c079-4e27-a133-ea6669fb70d5,1,นายจีรเดช ศรีวิราช,56,พะเยา,3,a62aca08-91b7-4f3f-ba8f-cb9e884a3799,42,พรรคกล้าธรรม,#5D4037,0,0,0.0
69dbb931-7923-4ef9-a4be-03f302e4b8c7,1,ว่าที่ร้อยตรีธเนศ พุ่มโพธิ์,11,สมุทรปราการ,3,339fa187-133c-4766-a6c2-36d1b32cda8f,23,พรรคปวงชนไทย,#827717,0,0,0.0
6a447854-1c82-409a-9116-9005d5950935,1,นางสาวกิตติ์ธัญญา วาจาดี,34,อุบลราชธานี,4,2d8a1c84-0bc8-4377-965d-c020a0097c27,9,พรรคเพื่อไทย,#E4002B,0,0,0.0
6ba3f595-0044-483b-adfd-d950be611d45,1,นายจำรัส เวียงสงค์,31,บุรีรัมย์,10,2d8a1c84-0bc8-4377-965d-c020a0097c27,9,พรรคเพื่อไทย,#E4002B,0,0,0.0
6c08fd8d-db5f-4cb1-a7fc-b5a2773b29fb,1,นายกิตติธัช คำวงษ์,36,ชัยภูมิ,7,1116011c-1ef3-4cca-a186-c1b9f7984ede,46,พรรคประชาชน,#F57C00,0,0,0.0
6c3bf74d-f5ca-4eb2-91e7-64929ce35945,1,นางจุฬาลักษณ์ ขันสุธรรม,57,เชียงราย,6,1116011c-1ef3-4cca-a186-c1b9f7984ede,46,พรรคประชาชน,#F57C00,0,0,0.0
6d543ad9-7951-461d-9169-54bbff8525a8,1,นางสาวทักษิณา ทับครบุรี,32,สุรินทร์,6,a62aca08-91b7-4f3f-ba8f-cb9e884a3799,42,พรรคกล้าธรรม,#5D4037,0,0,0.0
6f9372dd-fbec-4e88-836a-03212b317ec5,1,นายจเร ไขแสง,34,อุบลราชธานี,1,013c219e-e197-416d-84ea-00ba9c35465e,37,พรรคภูมิใจไทย,#3949AB,0,0,0.0
7040e95e-ee26-4cdb-a8a6-9f44d97f7b37,1,นายทินกร อ่อนประทุม,45,ร้อยเอ็ด,2,013c219e-e197-416d-84ea-00ba9c35465e,37,พรรคภูมิใจไทย,#3949AB,0,0,0.0
72b85a02-66c2-4f8a-9353-ef5422428db0,1,ว่าที่ร้อยตรีสมพร แซ่ลิ่ม,90,สงขลา,6,1116011c-1ef3-4cca-a186-c1b9f7984ede,46,พรรคประชาชน,#F57C00,0,0,0.0
75ee6867-498b-4682-9979-9ecec841aa69,1,นายดุลยรัตน์ บูยูโส๊ะ,90,สงขลา,7,7f4755ca-ea3a-4023-869d-9cabba328db0,33,พรรคประชาชาติ,#2E7D32,0,0,0.0
76430db3-e1bc-4316-b07b-2620c6806426,1,นายณัฐดนัย ชนิตร์วัฒน์,16,ลพบุรี,2,1116011c-1ef3-4cca-a186-c1b9f7984ede,46,พรรคประชาชน,#F57C00,0,0,0.0
777e47e2-43d9-4f91-b399-fbd43f89d8a3,1,นายสมศักดิ์ คุณเงิน,40,ขอนแก่น,7,013c219e-e197-416d-84ea-00ba9c35465e,37,พรรคภูมิใจไทย,#3949AB,0,0,0.0
77d741fc-7208-45f4-8bf3-d29562d9ea68,1,นายจักรกริช ด่านแก้ว,44,มหาสารคาม,3,1116011c-1ef3-4cca-a186-c1b9f7984ede,46,พรรคประชาชน,#F57C00,0,0,0.0
79334ce0-c0a3-4454-83e8-dda39539bed6,1,นางกัญญาวีร์ ทองสงค์,64,สุโขทัย,1,1116011c-1ef3-4cca-a186-c1b9f7984ede,46,พรรคประชาชน,#F57C00,0,0,0.0
79d07f57-f0aa-4624-a0c5-d98398ea1003,1,นายสกลชัย เจริญรุจิจินต์,20,ชลบุรี,9,03347cbc-6089-474c-a3f6-484ae981c9a6,43,พรรคพลังประชารัฐ,#1565C0,0,0,0.0
7a2f2250-4ef4-4eb4-bdba-56946c404400,1,นายสัญชัย บัตรตรา,10,กรุงเทพมหานคร,15,54706125-9661-467d-a8af-78994d14b116,35,พรรครักชาติ,#B71C1C,0,0,0.0
7a7ef314-4383-4166-b43f-69e20013cb28,1,นางสาวรุ่งนภา ทองประคำ,10,กรุงเทพมหานคร,13,0c044088-618b-49af-a291-fb28ffe9e0f8,11,พรรคเศรษฐกิจ,#FFA000,0,12,0.0
7b926fed-18ac-4e4c-a5e9-927d4252a968,1,ว่าที่ร้อยตรียอดเพชร อุดเมืองเพีย,40,ขอนแก่น,8,1116011c-1ef3-4cca-a186-c1b9f7984ede,46,พรรคประชาชน,#F57C00,0,0,0.0
7cba6b73-d849-4e6c-8c82-f4d0f1ac45e8,1,นางสาวนันทวัน วิเชียร,80,นครศรีธรรมราช,2,013c219e-e197-416d-84ea-00ba9c35465e,37,พรรคภูมิใจไทย,#3949AB,0,0,0.0
7d334269-307e-47d9-97db-ffb9a977301c,1,นายสมพงษ์ สีหามาตร,85,ระนอง,1,1116011c-1ef3-4cca-a186-c1b9f7984ede,46,พรรคประชาชน,#F57C00,0,0,0.0
7e49728e-8bf8-4be8-a4ac-1f6f3e31a9c7,1,พันเอกธนัทเมศร์ ภัทรณรงค์รัศม์,43,หนองคาย,1,0c044088-618b-49af-a291-fb28ffe9e0f8,11,พรรคเศรษฐกิจ,#FFA000,0,0,0.0
7eed32dc-f9b9-4aa1-b9bf-ca3ac187161b,1,นายพงษ์สรณัฐ ทองลี,10,กรุงเทพมหานคร,26,1116011c-1ef3-4cca-a186-c1b9f7984ede,46,พรรคประชาชน,#F57C00,0,0,0.0
81688e2d-943f-403d-a1d6-063f56242332,1,นางสาวชัญษร สังข์วรรณะ,72,สุพรรณบุรี,3,d7155f6d-736d-42c0-8bc0-00ee6e1970dc,27,พรรคประชาธิปัตย์,#0066B3,0,0,0.0
81b1bd08-9587-4d53-acce-b04200cc7d8b,1,พันตำรวจโทกิตติพิชญ์ จันทร์สมบูรณ์,71,กาญจนบุรี,1,013c219e-e197-416d-84ea-00ba9c35465e,37,พรรคภูมิใจไทย,#3949AB,0,0,0.0
8215e173-e089-474b-9eed-84e692581fd3,1,นายชวลิต อาจหาญ,86,ชุมพร,1,03347cbc-6089-474c-a3f6-484ae981c9a6,43,พรรคพลังประชารัฐ,#1565C0,0,5,0.0
839b5d4f-fd1a-4e3f-a65f-9917a5ac7584,1,นางสาวพิมพ์พร พรพฤฒิพันธุ์,67,เพชรบูรณ์,1,013c219e-e197-416d-84ea-00ba9c35465e,37,พรรคภูมิใจไทย,#3949AB,0,0,0.0
87e6dad6-9f77-4bc3-929f-41f8bf1d3d1c,1,พันเอกทองประมาณ จันทรอัมพร,73,นครปฐม,2,88d2f617-0495-4d07-8373-eec53ac2c78b,25,พรรคเพื่อชีวิตใหม่,#43A047,0,0,0.0
881a70d2-c3f6-45ea-abf9-cf24fea3ddfd,1,นายณฤทธิ์ นาควงษม์,13,ปทุมธานี,3,d7155f6d-736d-42c0-8bc0-00ee6e1970dc,27,พรรคประชาธิปัตย์,#0066B3,0,0,0.0
88769092-1b56-4f3e-ac7a-11cc4a6e8b38,1,นายเชษศักดิ์ดา นาน้ำเชี่ยว,24,ฉะเชิงเทรา,4,b6a2dc38-6f7d-4865-a6e0-a1b60a2edf32,30,พรรคแรงงานสร้างชาติ,#1976D2,0,0,0.0
88d0161d-766e-4afe-b2ad-5878a4284f9a,1,นายอำนวย แท่นดี,32,สุรินทร์,8,a62aca08-91b7-4f3f-ba8f-cb9e884a3799,42,พรรคกล้าธรรม,#5D4037,0,0,0.0
8901bccb-f065-437b-9696-aa2347a883d1,1,นายจิรวัฒน์ ศิริพานิชย์,44,มหาสารคาม,5,2d8a1c84-0bc8-4377-965d-c020a0097c27,9,พรรคเพื่อไทย,#E4002B,0,0,0.0
897d3dfc-9e57-43af-b4d6-e7f1ca95f1a4,1,นายสุพจน์ บานเย็น,84,สุราษฎร์ธานี,4,115da917-bf32-4e96-a2ae-b7818d0909ee,6,พรรครวมไทยสร้างชาติ,#FF6D00,0,0,0.0
8a22d984-62e9-4f7e-8db7-2bb60339bad9,1,นายประยงค์ ดอกสันเทียะ,30,นครราชสีมา,3,d7155f6d-736d-42c0-8bc0-00ee6e1970dc,27,พรรคประชาธิปัตย์,#0066B3,0,0,0.0
8a425875-f3b6-4749-94fc-6eb3fd4d7756,1,นายสอน สุริยันต์,19,สระบุรี,3,339fa187-133c-4766-a6c2-36d1b32cda8f,23,พรรคปวงชนไทย,#827717,0,0,0.0
8a60dafc-03b3-4be6-bf34-eda3f1bce0ab,1,นางสาวณมาณิตา กลับบ้านเกาะ,74,สมุทรสาคร,1,a62aca08-91b7-4f3f-ba8f-cb9e884a3799,42,พรรคกล้าธรรม,#5D4037,0,0,0.0
8aed1bae-7829-4246-bc64-ecd288b08d44,1,นายสิทธิพัฒน์ เสนเนียม,90,สงขลา,4,d7155f6d-736d-42c0-8bc0-00ee6e1970dc,27,พรรคประชาธิปัตย์,#0066B3,0,0,0.0
8c8f9cbc-3305-4a0e-aa59-a5b489f9ddaf,1,นายรวี เล็กอุทัย,53,อุตรดิตถ์,3,2d8a1c84-0bc8-4377-965d-c020a0097c27,9,พรรคเพื่อไทย,#E4002B,0,0,0.0
8ca17ea3-7702-4ae2-badf-73de837ee6b8,1,นายนราเอก คำสนาม,45,ร้อยเอ็ด,8,cb1b6cf2-41fa-49b1-a060-01acf13edc81,48,พรรคไทยสร้างไทย,#00ACC1,0,0,0.0
8cbac1ac-b63a-463b-84d9-a86f3eb165f8,1,นายเสถียรพงศ์ เที่ยงตรง,36,ชัยภูมิ,6,d7155f6d-736d-42c0-8bc0-00ee6e1970dc,27,พรรคประชาธิปัตย์,#0066B3,0,0,0.0
8cd3587b-4124-4504-b771-81126fc9193f,1,นายปัญญา ชวนบุญ,74,สมุทรสาคร,4,013c219e-e197-416d-84ea-00ba9c35465e,37,พรรคภูมิใจไทย,#3949AB,0,0,0.0
8ed4caa2-2a71-463f-a981-eaddaee7349d,1,นางอุบลวรรณ์ วิศวนาวิน,30,นครราชสีมา,11,d7155f6d-736d-42c0-8bc0-00ee6e1970dc,27,พรรคประชาธิปัตย์,#0066B3,0,0,0.0
8f786782-494a-405e-8db0-14f5f74bc9b8,1,นายนพสิทธิ์ ฐิติพัฒนธราวุฒิ,60,นครสวรรค์,5,1116011c-1ef3-4cca-a186-c1b9f7984ede,46,พรรคประชาชน,#F57C00,0,0,0.0
8f79f755-dec9-4ee5-8b04-1e36d7b03e77,1,นายเพทาย เตโชฬาร,50,เชียงใหม่,2,2d8a1c84-0bc8-4377-965d-c020a0097c27,9,พรรคเพื่อไทย,#E4002B,0,0,0.0
8f8b954a-fffe-48f0-8ada-e60ee4beef26,1,นายแวรุสลัน มะสาและ,96,นราธิวาส,3,013c219e-e197-416d-84ea-00ba9c35465e,37,พรรคภูมิใจไทย,#3949AB,0,0,0.0
90ccbe4f-1acc-4739-9e5c-d23a13fd21fe,1,นายอนุรัตน์ ตันบรรจง,56,พะเยา,2,a62aca08-91b7-4f3f-ba8f-cb9e884a3799,42,พรรคกล้าธรรม,#5D4037,0,0,0.0
90dbab92-c85a-4594-93f1-7b734bda69c1,1,นายปารเมษฐ์ อัศวพงศ์วาณิช,70,ราชบุรี,5,115da917-bf32-4e96-a2ae-b7818d0909ee,6,พรรครวมไทยสร้างชาติ,#FF6D00,0,0,0.0
90f73c69-2484-4bb8-b1b7-06df69a17a30,1,นางสาวอุบลกาญจน์ อมรสิน,34,อุบลราชธานี,6,013c219e-e197-416d-84ea-00ba9c35465e,37,พรรคภูมิใจไทย,#3949AB,0,0,0.0
927cee5f-cad0-4701-bec1-8947f9e7c3d0,1,นายโอฬาร์ ปัญญปิติพัฒน,20,ชลบุรี,10,03347cbc-6089-474c-a3f6-484ae981c9a6,43,พรรคพลังประชารัฐ,#1565C0,0,0,0.0
92ed0f13-fae0-4ef8-b1ed-d76b3465ee52,1,นายชวาล พลเมืองดี,20,ชลบุรี,3,1116011c-1ef3-4cca-a186-c1b9f7984ede,46,พรรคประชาชน,#F57C00,0,0,0.0
9308780d-df9d-4eb8-808f-58b5085efbbe,1,ผู้ช่วยศาสตราจารย์เกริกฤทธิ์ อัมพะวัต,76,เพชรบุรี,2,0c044088-618b-49af-a291-fb28ffe9e0f8,11,พรรคเศรษฐกิจ,#FFA000,0,0,0.0
930a1cd2-95ad-4061-bf70-2231e027eb92,1,นายกูเฮง ยาวอหะซัน,96,นราธิวาส,4,7f4755ca-ea3a-4023-869d-9cabba328db0,33,พรรคประชาชาติ,#2E7D32,0,0,0.0
945acba7-be21-412f-95c8-4c3c18fb32e9,1,พลตำรวจตรีศุภากรณ์ จันทาบุตร,19,สระบุรี,2,965b4b93-c01e-4a2b-a987-577f2b99ebb4,49,พรรคไทยก้าวใหม่,#1E88E5,0,0,0.0
947c2d34-6835-49af-890c-d48367f983f8,1,นางสาวศวิตา แสนสวาท,13,ปทุมธานี,7,54706125-9661-467d-a8af-78994d14b116,35,พรรครักชาติ,#B71C1C,0,0,0.0
95ea2fc9-ce2d-47fa-9430-7e78c607dc85,1,นายมณเฑียร สงฆ์ประชา,18,ชัยนาท,2,013c219e-e197-416d-84ea-00ba9c35465e,37,พรรคภูมิใจไทย,#3949AB,0,0,0.0
9668f535-76b8-4b84-a3cc-449d055208fb,1,นายอุฬาร ชั้นอินทร์งาม,73,นครปฐม,1,a62aca08-91b7-4f3f-ba8f-cb9e884a3799,42,พรรคกล้าธรรม,#5D4037,0,0,0.0
9742405e-fa00-48ec-9518-c454628b78b0,1,นายวัชรพล ประกายแก้วสกุล,84,สุราษฎร์ธานี,3,013c219e-e197-416d-84ea-00ba9c35465e,37,พรรคภูมิใจไทย,#3949AB,0,0,0.0
9772fc52-18da-4cdf-bc86-e4a4f71d1217,1,นายอำนาจ ภิญโญรัตนโยธี,10,กรุงเทพมหานคร,31,bdd306a2-80c7-4d7b-a7ff-8dc1ec9fcc76,10,พรรคทางเลือกใหม่,#00838F,0,0,0.0
97c893bb-c920-449e-92d5-3866dead3567,1,นายยุทธนา อ่าวลึกน้อย,81,กระบี่,2,2d8a1c84-0bc8-4377-965d-c020a0097c27,9,พรรคเพื่อไทย,#E4002B,0,0,0.0
9802c65a-fb2f-4d1c-9c25-31ea1e54d48c,1,นายเกษม ฉิมพลี,34,อุบลราชธานี,10,013c219e-e197-416d-84ea-00ba9c35465e,37,พรรคภูมิใจไทย,#3949AB,0,0,0.0
98aeb250-8005-4512-97e3-9c23f893e10c,1,นายสุขเกษม เรืองนุช,33,ศรีสะเกษ,1,1116011c-1ef3-4cca-a186-c1b9f7984ede,46,พรรคประชาชน,#F57C00,0,0,0.0
98c4b890-9949-4257-afdf-ee5f20f12892,1,นายสุรชาติ โต๊ะเฮ,10,กรุงเทพมหานคร,18,bdd306a2-80c7-4d7b-a7ff-8dc1ec9fcc76,10,พรรคทางเลือกใหม่,#00838F,0,0,0.0
99a37f86-fade-4257-8548-f8b3b2517b77,1,นายชาญชัย คำจำปา,48,นครพนม,4,2d8a1c84-0bc8-4377-965d-c020a0097c27,9,พรรคเพื่อไทย,#E4002B,0,0,0.0
9a2b6ebe-0d53-4946-9f5c-28c46496c826,1,นางสาวสินีนาถ พิณประไพวงศ์,12,นนทบุรี,3,bd8d9f14-f757-41fb-8f37-d6128d9d012d,7,พรรคพลวัต,#EF6C00,0,0,0.0
9a5d949e-b85b-4077-ab1d-28900a2c7b9c,1,นายชิตวัน ชินอนุวัฒน์,57,เชียงราย,1,1116011c-1ef3-4cca-a186-c1b9f7984ede,46,พรรคประชาชน,#F57C00,0,0,0.0
9c6ab941-6208-4502-a9ea-80338e894423,1,นายณัฐพงศ์ โตอดิเทพย์,73,นครปฐม,5,0c044088-618b-49af-a291-fb28ffe9e0f8,11,พรรคเศรษฐกิจ,#FFA000,0,0,0.0
9d1d86bd-3279-4dd5-a58a-99d3d0eb93a6,1,นางสาวนริศร์ชา ชัยสุกัญญาสันต์,60,นครสวรรค์,4,0c044088-618b-49af-a291-fb28ffe9e0f8,11,พรรคเศรษฐกิจ,#FFA000,0,0,0.0
a040b6a0-3224-495f-a731-c684feddb567,1,นางสาวพรทิพย์พา ฤทธิ์ประเสริฐ,25,ปราจีนบุรี,2,d7155f6d-736d-42c0-8bc0-00ee6e1970dc,27,พรรคประชาธิปัตย์,#0066B3,0,0,0.0
a2665206-85f2-461b-afd3-227f0a362430,1,นายวุฒิพงษ์ นามบุตร,34,อุบลราชธานี,2,a62aca08-91b7-4f3f-ba8f-cb9e884a3799,42,พรรคกล้าธรรม,#5D4037,0,0,0.0
a40167eb-83ac-499d-9976-2f65c0d11ade,1,นางสาวสุวรรณนภา แสนสีหา,40,ขอนแก่น,11,f9cadd57-8256-49aa-9386-0da392b19fc2,29,พรรคไทยภักดี,#D32F2F,0,0,0.0
a48ebb45-36bf-4612-a3ff-1f9ce6e8cf79,1,นางคมคาย อุดรพิมพ์,44,มหาสารคาม,6,013c219e-e197-416d-84ea-00ba9c35465e,37,พรรคภูมิใจไทย,#3949AB,0,0,0.0
a566c550-1023-423b-8213-2566f8ee1052,1,นายซอและ มะสอลา,95,ยะลา,3,2d8a1c84-0bc8-4377-965d-c020a0097c27,9,พรรคเพื่อไทย,#E4002B,0,0,0.0
a65353f9-298e-4a24-ba73-c4cc030ee326,1,นายวิโรจน์ สาระวงศ์,38,บึงกาฬ,3,013c219e-e197-416d-84ea-00ba9c35465e,37,พรรคภูมิใจไทย,#3949AB,0,0,0.0
a7c8aaf1-ddf3-4322-9419-46cf61412ff5,1,นางอวยพรศรี เชาวลิต,80,นครศรีธรรมราช,8,013c219e-e197-416d-84ea-00ba9c35465e,37,พรรคภูมิใจไทย,#3949AB,0,0,0.0
a820cfeb-5da4-4e32-91c6-cd6958887b74,1,พันโทศรีสวัสดิ์ ดวงพรม,41,อุดรธานี,5,a62aca08-91b7-4f3f-ba8f-cb9e884a3799,42,พรรคกล้าธรรม,#5D4037,0,0,0.0
aadc2ccd-ed5a-4123-8489-0f1fa15f597f,1,นายพิทยา บุญเฉลียว,33,ศรีสะเกษ,2,a62aca08-91b7-4f3f-ba8f-cb9e884a3799,42,พรรคกล้าธรรม,#5D4037,0,0,0.0
aaf561c0-5aef-4064-9a7b-049893a1b4fd,1,พลตำรวจตรีสุรพล บุญมา,26,นครนายก,1,013c219e-e197-416d-84ea-00ba9c35465e,37,พรรคภูมิใจไทย,#3949AB,0,0,0.0
aafc5d16-9206-41b2-819d-86876cf4fa85,1,นายพรหมธาดา วิเศษสิงห์,67,เพชรบูรณ์,4,1116011c-1ef3-4cca-a186-c1b9f7984ede,46,พรรคประชาชน,#F57C00,0,0,0.0
ac2403ca-1779-422b-9c5e-da5788a92319,1,นายสักก์สีห์ พลสันติกุล,55,น่าน,1,013c219e-e197-416d-84ea-00ba9c35465e,37,พรรคภูมิใจไทย,#3949AB,0,0,0.0
ac87515a-f1d7-4ff1-b078-f5e5756feb02,1,นายพิชิต ผ่องเกษร,50,เชียงใหม่,8,0c044088-618b-49af-a291-fb28ffe9e0f8,11,พรรคเศรษฐกิจ,#FFA000,0,0,0.0
acbaff20-befa-45ad-8b84-b2b74bf9cf08,1,นางสาวพิชิตา บุญมา,33,ศรีสะเกษ,4,2d8a1c84-0bc8-4377-965d-c020a0097c27,9,พรรคเพื่อไทย,#E4002B,0,0,0.0
accd67e7-e89d-4edc-9180-f826e57c65af,1,นายพิชัย เจริญศิริสุนทร,92,ตรัง,4,013c219e-e197-416d-84ea-00ba9c35465e,37,พรรคภูมิใจไทย,#3949AB,0,0,0.0
ad617e41-696d-41cc-8cc4-b192c5f909ad,1,นายสรรพภัญญู ศิริไปล์,44,มหาสารคาม,4,2d8a1c84-0bc8-4377-965d-c020a0097c27,9,พรรคเพื่อไทย,#E4002B,0,0,0.0
ad74b43b-0147-40b9-91dc-adfb056b2241,1,นายโชติพงศ์ สรรเสริญ,10,กรุงเทพมหานคร,6,965b4b93-c01e-4a2b-a987-577f2b99ebb4,49,พรรคไทยก้าวใหม่,#1E88E5,0,0,0.0
adc81283-ae66-4746-8d73-176c7101554a,1,นางสาวขวัญอิสรา ศรีสังข์,44,มหาสารคาม,2,03347cbc-6089-474c-a3f6-484ae981c9a6,43,พรรคพลังประชารัฐ,#1565C0,0,0,0.0
addd383c-0179-4a49-8856-ec101c16adeb,1,นายเวสารัตน์ เลิศสิริโชคสกุล,63,ตาก,3,0c044088-618b-49af-a291-fb28ffe9e0f8,11,พรรคเศรษฐกิจ,#FFA000,0,0,0.0
ae0d112b-2a33-4b10-a0e5-aaacedb1a2dd,1,นางสาวสุคนธ์ทิพย์ ศรีสุวรรณ์,96,นราธิวาส,2,2d8a1c84-0bc8-4377-965d-c020a0097c27,9,พรรคเพื่อไทย,#E4002B,0,0,0.0
ae7c384e-7fc8-4b82-a16a-2bec6915308a,1,นางสาวนุชวรา ยังนึก,72,สุพรรณบุรี,5,bd8d9f14-f757-41fb-8f37-d6128d9d012d,7,พรรคพลวัต,#EF6C00,0,0,0.0
ae82560c-83ef-4ceb-a2bd-405abdad24ec,1,นายอรรถเวช กองนักวงษ์,10,กรุงเทพมหานคร,22,cb1b6cf2-41fa-49b1-a060-01acf13edc81,48,พรรคไทยสร้างไทย,#00ACC1,0,0,0.0
ae998f9f-1cc2-4d64-ac8d-910e1f311717,1,นายพงษ์เดช เดชกล้า,33,ศรีสะเกษ,9,1116011c-1ef3-4cca-a186-c1b9f7984ede,46,พรรคประชาชน,#F57C00,0,0,0.0
aec8c3cc-f89f-40f1-aae7-2bc73f0bdd56,1,นางสาวโฉมพิไล เพิ่มพูลธนทรัพย์,93,พัทลุง,3,bd8d9f14-f757-41fb-8f37-d6128d9d012d,7,พรรคพลวัต,#EF6C00,0,0,0.0
aeda0d75-40bd-4b3b-9bab-559474d20cff,1,นายธีระชัย โสนาเรือ,47,สกลนคร,5,bd8d9f14-f757-41fb-8f37-d6128d9d012d,7,พรรคพลวัต,#EF6C00,0,0,0.0
af25f50c-1a6f-45e4-b8c1-d4e81463227c,1,นางสาววชิราภรณ์ สุระหิรัญพล,11,สมุทรปราการ,1,339fa187-133c-4766-a6c2-36d1b32cda8f,23,พรรคปวงชนไทย,#827717,0,0,0.0
af522460-d894-48e7-87a3-4f3ba9c218e8,1,นายพัฒ ตั้งเบญจผล,64,สุโขทัย,2,d7155f6d-736d-42c0-8bc0-00ee6e1970dc,27,พรรคประชาธิปัตย์,#0066B3,0,0,0.0
afb039e2-7c26-4635-a0e3-a4c308d80c7b,1,นายมารุต ชุ่มขุนทด,30,นครราชสีมา,15,a62aca08-91b7-4f3f-ba8f-cb9e884a3799,42,พรรคกล้าธรรม,#5D4037,0,0,0.0
b0d22b8d-4b8f-4d78-a583-16219e5c5bc3,1,นางชญาน์นันท์ พิมพ์กิรติ,39,หนองบัวลำภู,2,013c219e-e197-416d-84ea-00ba9c35465e,37,พรรคภูมิใจไทย,#3949AB,0,0,0.0
b15f87df-432d-418a-a259-7f9b8b0172cb,1,นางสาววิชุดา ว่องวัฒนวิโรจน์,52,ลำปาง,2,d7155f6d-736d-42c0-8bc0-00ee6e1970dc,27,พรรคประชาธิปัตย์,#0066B3,0,0,0.0
b2f415d4-241f-46ff-a331-de5c0f2aa5c9,1,นายโมฮำมัดรอฮมัด มามุ,94,ปัตตานี,4,1116011c-1ef3-4cca-a186-c1b9f7984ede,46,พรรคประชาชน,#F57C00,0,0,0.0
b37fc331-1286-4a6a-ab7e-f2417c1036a5,1,นายสุไพรพล เพ็ญแข,10,กรุงเทพมหานคร,33,2d8a1c84-0bc8-4377-965d-c020a0097c27,9,พรรคเพื่อไทย,#E4002B,0,0,0.0
b4568daa-ec95-44c1-89ba-6e1a54866be4,1,นางสาวนัฏฐิกา โล่ห์วีระ,36,ชัยภูมิ,1,1116011c-1ef3-4cca-a186-c1b9f7984ede,46,พรรคประชาชน,#F57C00,0,0,0.0
b4a7d3a5-4da4-4fbb-bea2-765f62a49ea6,1,นายศาสตรา ชูศักดิ์,84,สุราษฎร์ธานี,2,2ee17641-917b-4ea0-8c19-da383e03e915,44,พรรคโอกาสใหม่,#26C6DA,0,0,0.0
b540b6ae-e6c7-4b20-8f79-f8aaa7dde1f2,1,นายวรฉัตร พงศ์ธีระดุลย์,36,ชัยภูมิ,4,2d8a1c84-0bc8-4377-965d-c020a0097c27,9,พรรคเพื่อไทย,#E4002B,0,0,0.0
b5ae3883-00f4-4818-b398-a4620744b6bd,1,นายธุมากร แซ่โง้ว,32,สุรินทร์,2,a62aca08-91b7-4f3f-ba8f-cb9e884a3799,42,พรรคกล้าธรรม,#5D4037,0,0,0.0
b7738f6f-50e4-4e58-8313-cacb0a039776,1,นายกฤษณ์ แก้วอยู่,76,เพชรบุรี,3,a62aca08-91b7-4f3f-ba8f-cb9e884a3799,42,พรรคกล้าธรรม,#5D4037,0,0,0.0
b79f18d5-2285-4a6a-9c64-048403c78f3a,1,นางสาวณัฐวรีย์ ทรัพย์มณีโภคิน,42,เลย,4,d7155f6d-736d-42c0-8bc0-00ee6e1970dc,27,พรรคประชาธิปัตย์,#0066B3,0,0,0.0
b7a09bf5-e97f-4b48-8318-7325425d4f44,1,นายสรนันท์ เสน่ห์,83,ภูเก็ต,1,2d8a1c84-0bc8-4377-965d-c020a0097c27,9,พรรคเพื่อไทย,#E4002B,0,0,0.0
b7b7239d-5485-416c-91b1-f9e6a8832f28,1,นายปฎิวัติ ตรองจิตต์,10,กรุงเทพมหานคร,5,cb1b6cf2-41fa-49b1-a060-01acf13edc81,48,พรรคไทยสร้างไทย,#00ACC1,0,0,0.0
b8c1c14e-7fe4-4134-b4e3-05fa687d600f,1,นายศักดิ์ชาย ตันเจริญ,24,ฉะเชิงเทรา,3,2d8a1c84-0bc8-4377-965d-c020a0097c27,9,พรรคเพื่อไทย,#E4002B,0,0,0.0
b8fdb702-5535-4b74-8bac-7fddc5ce6eec,1,นายนิกร โสมกลาง,30,นครราชสีมา,8,2d8a1c84-0bc8-4377-965d-c020a0097c27,9,พรรคเพื่อไทย,#E4002B,0,0,0.0
b9936e86-ce43-45c5-85e3-8ba21599a788,1,นายสันต์ ฉิมหาด,86,ชุมพร,3,2ee17641-917b-4ea0-8c19-da383e03e915,44,พรรคโอกาสใหม่,#26C6DA,0,5,0.0
b9e83fc7-82e8-40c2-80a2-5df85e8a1c5d,1,นายษรกฤต ผลลูกอินทร์,20,ชลบุรี,6,2d8a1c84-0bc8-4377-965d-c020a0097c27,9,พรรคเพื่อไทย,#E4002B,0,0,0.0
bae24ecc-93d0-4b3f-82d0-f8c1dc12647b,1,นายวิเชียร จันทร์บัว,84,สุราษฎร์ธานี,5,2d8a1c84-0bc8-4377-965d-c020a0097c27,9,พรรคเพื่อไทย,#E4002B,0,0,0.0
bb3e4422-ab70-4a21-8eb5-7e7ad3b4546a,1,นายไพบูลย์ มาตยาคุณ,47,สกลนคร,4,339fa187-133c-4766-a6c2-36d1b32cda8f,23,พรรคปวงชนไทย,#827717,0,0,0.0
bd841030-23fc-4d09-b5ae-b2287d82325d,1,นางสาววาสินีพร พลเยี่ยม,45,ร้อยเอ็ด,3,013c219e-e197-416d-84ea-00ba9c35465e,37,พรรคภูมิใจไทย,#3949AB,0,0,0.0
bd9dcbf9-2d68-485b-9eb2-c277bd4ccd1f,1,ว่าที่ร้อยโทสนั่น พิบูลย์,80,นครศรีธรรมราช,4,013c219e-e197-416d-84ea-00ba9c35465e,37,พรรคภูมิใจไทย,#3949AB,0,0,0.0
bdce819a-4243-41ba-9853-b9daca129a91,1,นายธนทร แก้วอนุรักษ์,90,สงขลา,9,1116011c-1ef3-4cca-a186-c1b9f7984ede,46,พรรคประชาชน,#F57C00,0,0,0.0
bdd0a703-9e73-429b-bd4e-70bf01f64027,1,นายธำรงศักดิ์ ไสยราม,30,นครราชสีมา,7,d7155f6d-736d-42c0-8bc0-00ee6e1970dc,27,พรรคประชาธิปัตย์,#0066B3,0,0,0.0
be078c4c-d60d-4f1e-b25b-faa7f079dd94,1,นายบุคอรีย์ สนูวงศ์,91,สตูล,1,1116011c-1ef3-4cca-a186-c1b9f7984ede,46,พรรคประชาชน,#F57C00,0,0,0.0
be352178-1954-40de-9c4d-e4590005da00,1,นายพงศ์ปณตพล รักสกุลกานต์,10,กรุงเทพมหานคร,20,965b4b93-c01e-4a2b-a987-577f2b99ebb4,49,พรรคไทยก้าวใหม่,#1E88E5,0,0,0.0
be5059ae-b027-4a48-b035-fbf668f44122,1,นายสพลเชษฐ์ ก้อนจันทร์เทศ,60,นครสวรรค์,6,1116011c-1ef3-4cca-a186-c1b9f7984ede,46,พรรคประชาชน,#F57C00,0,0,0.0
bf422b8a-9b73-4ad9-be91-bb93ba99bf03,1,นายบุญธรรม มุกดาสนิท,11,สมุทรปราการ,6,bcdcd19b-d619-47dd-8535-fafb6bc6f4d8,12,พรรคเสรีรวมไทย,#C62828,0,0,0.0
bf4f7497-5cbc-4dea-a240-f7403e3c6413,1,นายอัศนัย แดงศรี,62,กำแพงเพชร,4,1116011c-1ef3-4cca-a186-c1b9f7984ede,46,พรรคประชาชน,#F57C00,0,0,0.0
c024d471-d10b-4f1a-b677-526fed0b49bd,1,นายพรเทพ พูนศรีธนากูล,32,สุรินทร์,4,2d8a1c84-0bc8-4377-965d-c020a0097c27,9,พรรคเพื่อไทย,#E4002B,0,0,0.0
c025a530-cb86-43e6-b910-f64856429b88,1,นายประเสริฐ ฤทธิ์คุ้ม,67,เพชรบูรณ์,2,d7155f6d-736d-42c0-8bc0-00ee6e1970dc,27,พรรคประชาธิปัตย์,#0066B3,0,0,0.0
c1249b40-8c4b-44eb-8120-a327ef7328b4,1,นางสาวปาริชาติ ยาน้อย,55,น่าน,2,1116011c-1ef3-4cca-a186-c1b9f7984ede,46,พรรคประชาชน,#F57C00,0,0,0.0
c2435d3b-7245-4c52-b9c2-fb5f5ee1732e,1,นายหรั่ง ธุระพล,41,อุดรธานี,3,013c219e-e197-416d-84ea-00ba9c35465e,37,พรรคภูมิใจไทย,#3949AB,0,0,0.0
c31e9be2-2e39-495e-ac01-d1f3f3672877,1,นายพงศกร ขวัญเมือง,10,กรุงเทพมหานคร,4,d7155f6d-736d-42c0-8bc0-00ee6e1970dc,27,พรรคประชาธิปัตย์,#0066B3,0,9,0.0
c330dee1-0bd5-4868-ae96-bdf27a1586b2,1,นายสหัสวัต คุ้มคง,20,ชลบุรี,7,1116011c-1ef3-4cca-a186-c1b9f7984ede,46,พรรคประชาชน,#F57C00,0,0,0.0
c3d1e685-6796-47d8-a80d-8c6ef6d5aa3a,1,นายเอกธำรง ธนะเมธีวิทย์,14,พระนครศรีอยุธยา,5,d7155f6d-736d-42c0-8bc0-00ee6e1970dc,27,พรรคประชาธิปัตย์,#0066B3,0,0,0.0
c3e7cabc-7a2e-435a-b943-14358d5af310,1,นายนพพล เหลืองทองนารา,65,พิษณุโลก,2,2d8a1c84-0bc8-4377-965d-c020a0097c27,9,พรรคเพื่อไทย,#E4002B,0,0,0.0
c44d0ea2-4e42-4d54-92b5-4c5d1ffb8546,1,นายพบพล แสงสกุล,16,ลพบุรี,4,115da917-bf32-4e96-a2ae-b7818d0909ee,6,พรรครวมไทยสร้างชาติ,#FF6D00,0,0,0.0
c474d24b-3182-4aaf-984a-489fccddba9d,1,นางพิมพกาญจน์ พลสมัคร,34,อุบลราชธานี,3,e3ad415e-cb0c-4922-adb3-4624e857d801,21,พรรคไทรวมพลัง,#E65100,0,0,0.0
c4e9e7c1-0fc8-4a66-b6cd-12baf2d2b898,1,นายไชยวัฒน์ วงศ์วรรณ,77,ประจวบคีรีขันธ์,1,d7155f6d-736d-42c0-8bc0-00ee6e1970dc,27,พรรคประชาธิปัตย์,#0066B3,0,0,0.0
c51e2fe5-3af5-45d9-8730-2c4607855511,1,นายฆอซาลี ดุสะเหม๊าะ,90,สงขลา,8,013c219e-e197-416d-84ea-00ba9c35465e,37,พรรคภูมิใจไทย,#3949AB,0,0,0.0
c529c0fc-ecd7-45c9-be5e-ac3e995ce350,1,นายพิชานนท์ อิงประสาร,23,ตราด,1,013c219e-e197-416d-84ea-00ba9c35465e,37,พรรคภูมิใจไทย,#3949AB,0,0,0.0
c5ac7fb3-7b1f-4047-948a-a565fd4241a9,1,นายพิบูลย์รัฐ ศรีจันทร์อ่อน,30,นครราชสีมา,12,d7155f6d-736d-42c0-8bc0-00ee6e1970dc,27,พรรคประชาธิปัตย์,#0066B3,0,0,0.0
c73658b1-013e-47f0-ad0f-95e69afb90c9,1,นายพิชิต เคหะสุวรรณ์,30,นครราชสีมา,1,03347cbc-6089-474c-a3f6-484ae981c9a6,43,พรรคพลังประชารัฐ,#1565C0,0,0,0.0
c82354b3-153b-42ab-be95-c3fba7a288d6,1,นายธีรวุฒิ แก้วพยศ,10,กรุงเทพมหานคร,11,03347cbc-6089-474c-a3f6-484ae981c9a6,43,พรรคพลังประชารัฐ,#1565C0,0,0,0.0
c893d76f-03f4-4a0b-9369-1282cde36275,1,นายสนิท กล้าหาญ,45,ร้อยเอ็ด,5,1116011c-1ef3-4cca-a186-c1b9f7984ede,46,พรรคประชาชน,#F57C00,0,0,0.0
c99a6cc9-019e-4334-aa8d-2bb92ff49cff,1,นายชยนนท์ คำเบ้า,36,ชัยภูมิ,5,d7155f6d-736d-42c0-8bc0-00ee6e1970dc,27,พรรคประชาธิปัตย์,#0066B3,0,0,0.0
c9d428bd-1b5f-40bc-9f52-cb50682acf75,1,นายคิว อรุโณรส,13,ปทุมธานี,1,d7155f6d-736d-42c0-8bc0-00ee6e1970dc,27,พรรคประชาธิปัตย์,#0066B3,0,0,0.0
ca29a31a-61c7-4eaf-b6d5-f4755458ecc0,1,นางสาวอัคลีมา คลังเพชร,27,สระแก้ว,2,d7155f6d-736d-42c0-8bc0-00ee6e1970dc,27,พรรคประชาธิปัตย์,#0066B3,0,0,0.0
cb094519-e93b-4f61-afce-56e85d594d5f,1,นายณษกร เครือศิริ,15,อ่างทอง,1,2d8a1c84-0bc8-4377-965d-c020a0097c27,9,พรรคเพื่อไทย,#E4002B,0,0,0.0
cb41b00d-1e4e-4987-9ec8-4a52db9854a7,1,นายอมร แก้วสุข,30,นครราชสีมา,4,115da917-bf32-4e96-a2ae-b7818d0909ee,6,พรรครวมไทยสร้างชาติ,#FF6D00,0,0,0.0
cbee9161-0a39-428d-a853-df748bac6aff,1,นายธนาคร อุนจะนำ,61,อุทัยธานี,1,2d8a1c84-0bc8-4377-965d-c020a0097c27,9,พรรคเพื่อไทย,#E4002B,0,0,0.0
ccb3b804-7560-4530-9586-006a56437119,1,นายภาคภูมิ โภคทรัพย์,31,บุรีรัมย์,1,d7155f6d-736d-42c0-8bc0-00ee6e1970dc,27,พรรคประชาธิปัตย์,#0066B3,0,0,0.0
cd0cbe55-0abd-420c-bbb7-8426c0266c69,1,นายจิระ แก้วมณี,75,สมุทรสงคราม,1,a62aca08-91b7-4f3f-ba8f-cb9e884a3799,42,พรรคกล้าธรรม,#5D4037,0,0,0.0
cd1dc10a-f4f3-438d-be94-9eb1a17ddae8,1,นายเรืองศรี ตรีราช,34,อุบลราชธานี,11,115da917-bf32-4e96-a2ae-b7818d0909ee,6,พรรครวมไทยสร้างชาติ,#FF6D00,0,0,0.0
cdc460ca-d8b6-4735-bd0b-f2860fe4e054,1,นายสมภพ คงความซื่อ,58,แม่ฮ่องสอน,2,2d8a1c84-0bc8-4377-965d-c020a0097c27,9,พรรคเพื่อไทย,#E4002B,0,0,0.0
cdd64c05-bd89-4406-8517-522c97944090,1,นางสาวณัฎฐามณี คณโชติพิพัฒน์,10,กรุงเทพมหานคร,12,d1964fe3-2dd0-43d5-a190-77fbfaf586b2,8,พรรคประชาธิปไตยใหม่,#1976D2,0,0,0.0
ce04e182-cbdd-4a78-bb2f-ce1817032fed,1,นายธนัสถ์ ทวีเกื้อกูลกิจ,63,ตาก,1,013c219e-e197-416d-84ea-00ba9c35465e,37,พรรคภูมิใจไทย,#3949AB,0,0,0.0
ce7bfc02-c621-466f-bedf-ab212612c2a1,1,นายรัฐภัทร์ พัฒนาศิริรักษ์,84,สุราษฎร์ธานี,1,1116011c-1ef3-4cca-a186-c1b9f7984ede,46,พรรคประชาชน,#F57C00,0,0,0.0
ceb54843-cf41-415b-a5ac-c55626e5fda2,1,นายจูรี นุ่มแก้ว,90,สงขลา,2,d7155f6d-736d-42c0-8bc0-00ee6e1970dc,27,พรรคประชาธิปัตย์,#0066B3,0,0,0.0
ced04f7f-b60b-4f02-ab83-1d82fac3ffbc,1,นายสุชาติ ชมกลิ่น,20,ชลบุรี,1,013c219e-e197-416d-84ea-00ba9c35465e,37,พรรคภูมิใจไทย,#3949AB,0,0,0.0
d152dd50-b4cb-4d71-98fd-434de0045286,1,นายอำนาจ วิลาวัลย์,25,ปราจีนบุรี,1,013c219e-e197-416d-84ea-00ba9c35465e,37,พรรคภูมิใจไทย,#3949AB,0,0,0.0
d16361dc-a6e2-4ab1-872c-040078f6db2b,1,นายนิติศักดิ์ มีขวด,80,นครศรีธรรมราช,7,d7155f6d-736d-42c0-8bc0-00ee6e1970dc,27,พรรคประชาธิปัตย์,#0066B3,0,0,0.0
d1a92ce2-36f5-43eb-bd4c-366a327b00ef,1,นายใหม่ สุขะเดชะ,31,บุรีรัมย์,5,2d8a1c84-0bc8-4377-965d-c020a0097c27,9,พรรคเพื่อไทย,#E4002B,0,0,0.0
d1aab58b-5b57-4910-949f-6cc9acf9cb19,1,นายเกษม เบ้าวรรณ,41,อุดรธานี,9,013c219e-e197-416d-84ea-00ba9c35465e,37,พรรคภูมิใจไทย,#3949AB,0,0,0.0
d1e960fe-6b71-4636-a5ca-9059365eeab1,1,นายอดุลย์วิชญเดช ติยะบุตร,42,เลย,3,a62aca08-91b7-4f3f-ba8f-cb9e884a3799,42,พรรคกล้าธรรม,#5D4037,0,0,0.0
d2188360-5228-4894-b8d9-68e6c0f48934,1,นายธนากร รัตนากร,62,กำแพงเพชร,2,2d8a1c84-0bc8-4377-965d-c020a0097c27,9,พรรคเพื่อไทย,#E4002B,0,0,0.0
d5355435-b727-4d15-92a8-b12b887ae9b3,1,นายเกษม ปารมีศิลป์ขจร,50,เชียงใหม่,3,013c219e-e197-416d-84ea-00ba9c35465e,37,พรรคภูมิใจไทย,#3949AB,0,0,0.0
d71b466b-e1f6-418a-ae62-792b7ef44dbb,1,นายธีระวัฒน์ พรรณะ,44,มหาสารคาม,1,1116011c-1ef3-4cca-a186-c1b9f7984ede,46,พรรคประชาชน,#F57C00,0,0,0.0
d8d3a550-2b91-4a34-9792-bcebea3e80c1,1,นายฐานันดร์ ขันธ์แก้ว,76,เพชรบุรี,1,d7155f6d-736d-42c0-8bc0-00ee6e1970dc,27,พรรคประชาธิปัตย์,#0066B3,0,0,0.0
d935ba45-ee82-44d7-b72a-238652d078ce,1,นางสาวทัสนันทน์ สิริเลิศเมฆาสกุล,10,กรุงเทพมหานคร,25,0c044088-618b-49af-a291-fb28ffe9e0f8,11,พรรคเศรษฐกิจ,#FFA000,0,0,0.0
d93c257a-9e2c-43d4-959c-37d29de2bd89,1,นางสาววรสิริ สุพานิชวรภาชน์,10,กรุงเทพมหานคร,2,339fa187-133c-4766-a6c2-36d1b32cda8f,23,พรรคปวงชนไทย,#827717,0,0,0.0
d93ec901-80b2-4aa6-824e-66b96a7f40f8,1,นางฟาริดา สุไลมาน,32,สุรินทร์,5,a62aca08-91b7-4f3f-ba8f-cb9e884a3799,42,พรรคกล้าธรรม,#5D4037,0,0,0.0
d9783e69-f413-479f-b21d-9719dc3d0b17,1,นายปณิธาน ประจวบเหมาะ,77,ประจวบคีรีขันธ์,3,cb1b6cf2-41fa-49b1-a060-01acf13edc81,48,พรรคไทยสร้างไทย,#00ACC1,0,0,0.0
da080998-9b09-49d0-8890-123b7bf5d1bc,1,นายธนอนันต์ เมนะสวัสดิ์,41,อุดรธานี,6,a62aca08-91b7-4f3f-ba8f-cb9e884a3799,42,พรรคกล้าธรรม,#5D4037,0,0,0.0
da9aa2ba-2a44-43dd-adce-1e8ea4a5dbcb,1,นางสาวกัญญาภัค กอกัน,16,ลพบุรี,3,339fa187-133c-4766-a6c2-36d1b32cda8f,23,พรรคปวงชนไทย,#827717,0,0,0.0
dab116a4-d010-49b7-b445-1f7ca6601aa3,1,นายพงษ์พณิช อันพาพรม,57,เชียงราย,2,c20d9515-8b33-46de-b650-824c571725a1,14,พรรคท้องที่ไทย,#795548,0,0,0.0
dac99055-2f48-4cce-b75f-e769b8998c23,1,นายกฤชจ์พนธ์ อัฏฐาธนมงคล,70,ราชบุรี,4,115da917-bf32-4e96-a2ae-b7818d0909ee,6,พรรครวมไทยสร้างชาติ,#FF6D00,0,0,0.0
db0a0048-44f8-442f-8bea-13e90d277fc8,1,นายบุญเลี้ยง สว่างภพ,33,ศรีสะเกษ,5,a62aca08-91b7-4f3f-ba8f-cb9e884a3799,42,พรรคกล้าธรรม,#5D4037,0,0,0.0
db17b9c4-d375-48ff-a27e-7382567133ad,1,นายปุณณเมธ อ้นอารี,65,พิษณุโลก,3,1116011c-1ef3-4cca-a186-c1b9f7984ede,46,พรรคประชาชน,#F57C00,0,0,0.0
db8222ca-8487-4a95-9a6d-599640f8cf44,1,นายศุภศิษฎิ์ สรภัสจิรพงศ์,20,ชลบุรี,4,03347cbc-6089-474c-a3f6-484ae981c9a6,43,พรรคพลังประชารัฐ,#1565C0,0,0,0.0
dbe4319d-9fc6-4081-ab4f-0c7effd9c5f9,1,นายวราโชติ มณีอ่อน,80,นครศรีธรรมราช,6,115da917-bf32-4e96-a2ae-b7818d0909ee,6,พรรครวมไทยสร้างชาติ,#FF6D00,0,0,0.0
dbe57e49-4ac3-44a0-b90a-a30b1bf6c826,1,นายบรรจบ ไชยสาร,33,ศรีสะเกษ,8,1116011c-1ef3-4cca-a186-c1b9f7984ede,46,พรรคประชาชน,#F57C00,0,0,0.0
dbf2464a-685b-4a46-9f8a-18258e5b3fe2,1,นางเกศราพร พูลสวัสดิ์,48,นครพนม,3,0c044088-618b-49af-a291-fb28ffe9e0f8,11,พรรคเศรษฐกิจ,#FFA000,0,0,0.0
dc5663a5-0ac8-49cb-8d94-48a74594d109,1,นายสัญชัย วงษ์สุนทร,60,นครสวรรค์,3,2d8a1c84-0bc8-4377-965d-c020a0097c27,9,พรรคเพื่อไทย,#E4002B,0,0,0.0
dc91bfb9-2bf1-4dbb-9872-4c1db5fcb9fc,1,นายประสงค์ เต็งทอง,12,นนทบุรี,5,0c044088-618b-49af-a291-fb28ffe9e0f8,11,พรรคเศรษฐกิจ,#FFA000,0,0,0.0
dcce3995-1470-47c9-9f54-0886b44e07b9,1,นายทินพล ศรีธเรศ,46,กาฬสินธุ์,5,2d8a1c84-0bc8-4377-965d-c020a0097c27,9,พรรคเพื่อไทย,#E4002B,0,0,0.0
dd8b639a-2ec7-49ef-951a-b9c34b916f85,1,นายธนชาติ ยังประภากร,11,สมุทรปราการ,2,03347cbc-6089-474c-a3f6-484ae981c9a6,43,พรรคพลังประชารัฐ,#1565C0,0,0,0.0
e097d7f9-e72f-455d-af56-a63c65978baf,1,นายอัณณพ อารีย์วงศ์สกุล,14,พระนครศรีอยุธยา,1,2d8a1c84-0bc8-4377-965d-c020a0097c27,9,พรรคเพื่อไทย,#E4002B,0,0,0.0
e11fe60a-0c01-4c69-8cd9-37891568c325,1,นายธนากร ผดาศรี,11,สมุทรปราการ,4,2ee17641-917b-4ea0-8c19-da383e03e915,44,พรรคโอกาสใหม่,#26C6DA,0,0,0.0
e2ac3e24-55e4-4dda-a20f-69ed2af15dfc,1,นายชุติพงศ์ พิภพภิญโญ,21,ระยอง,4,1116011c-1ef3-4cca-a186-c1b9f7984ede,46,พรรคประชาชน,#F57C00,0,0,0.0
e2f5510c-c233-4d9e-ad49-032f034dbdfe,1,นายธรนินทร์ ยะมาแล,95,ยะลา,2,d7155f6d-736d-42c0-8bc0-00ee6e1970dc,27,พรรคประชาธิปัตย์,#0066B3,0,0,0.0
e2fffc87-33a8-4222-822a-fb9937e2a4b5,1,นายสกล สุนทรวาณิชย์กิจ,13,ปทุมธานี,4,1116011c-1ef3-4cca-a186-c1b9f7984ede,46,พรรคประชาชน,#F57C00,0,0,0.0
e3599238-e8cc-4b1e-baa0-9500088544df,1,นายพิเชษฐ์ กุมารสิทธิ์,35,ยโสธร,3,2d8a1c84-0bc8-4377-965d-c020a0097c27,9,พรรคเพื่อไทย,#E4002B,0,0,0.0
e3c5e114-2642-4627-92c7-0e758c9fe3e6,1,นายสังคม สอนบุญ,41,อุดรธานี,4,115da917-bf32-4e96-a2ae-b7818d0909ee,6,พรรครวมไทยสร้างชาติ,#FF6D00,0,0,0.0
e46dc7a8-050b-4b7e-b828-603f4df6ed33,1,นายธีรยุทธ วงษ์แหวน,63,ตาก,2,e9f5dc95-0d5c-46bc-8e2c-be791faa2b27,5,พรรครวมใจไทย,#F4511E,0,0,0.0
e4f09a05-70d6-4510-8bdb-2397c9e8f1b0,1,นายธรรมรัตน์ จันท่าจีน,40,ขอนแก่น,1,d7155f6d-736d-42c0-8bc0-00ee6e1970dc,27,พรรคประชาธิปัตย์,#0066B3,0,0,0.0
e5135dc4-cebf-4b08-868c-20e561572842,1,นายอภิรักษ์ชัยชนะ ปันยารชุน,70,ราชบุรี,3,965b4b93-c01e-4a2b-a987-577f2b99ebb4,49,พรรคไทยก้าวใหม่,#1E88E5,0,0,0.0
e6430f65-58d5-4f92-b752-38d6c9175228,1,นางสาวสิรีธร ธนะชัยศรี,70,ราชบุรี,2,1116011c-1ef3-4cca-a186-c1b9f7984ede,46,พรรคประชาชน,#F57C00,0,0,0.0
e7049962-edef-4a45-b52a-56623f614525,1,นายเดชบดินทร์ พยุงแสนกุล,46,กาฬสินธุ์,3,013c219e-e197-416d-84ea-00ba9c35465e,37,พรรคภูมิใจไทย,#3949AB,0,0,0.0
ea3a4545-8ff7-461c-b388-40405ab2f055,1,นายอำนวย การค้า,30,นครราชสีมา,9,115da917-bf32-4e96-a2ae-b7818d0909ee,6,พรรครวมไทยสร้างชาติ,#FF6D00,0,0,0.0
ebc66ecf-ddfb-494f-babe-a23e85535c04,1,นายสรวงศ์ เทียนทอง,27,สระแก้ว,3,2d8a1c84-0bc8-4377-965d-c020a0097c27,9,พรรคเพื่อไทย,#E4002B,0,0,0.0
ecc1afa1-71c9-4c9a-aee7-f639f150cba3,1,นายภิศิษฐ์ วงศ์ทอง,53,อุตรดิตถ์,2,1116011c-1ef3-4cca-a186-c1b9f7984ede,46,พรรคประชาชน,#F57C00,0,0,0.0
ecd21e08-81c0-4e9d-8b2c-b19657218121,1,นายพลภวัฒน์ ชำนาญวาด,74,สมุทรสาคร,3,2d8a1c84-0bc8-4377-965d-c020a0097c27,9,พรรคเพื่อไทย,#E4002B,0,0,0.0
ed5de491-b87f-4660-91d1-b9e56c373d8e,1,นายสิทธิ โสพสิงห์,37,อำนาจเจริญ,2,03347cbc-6089-474c-a3f6-484ae981c9a6,43,พรรคพลังประชารัฐ,#1565C0,0,0,0.0
edd2fd08-09ad-4778-92bc-35d09c680ac3,1,นายธีรวุฒิ ทับทิมหิน,31,บุรีรัมย์,4,d7155f6d-736d-42c0-8bc0-00ee6e1970dc,27,พรรคประชาธิปัตย์,#0066B3,0,0,0.0
ee6a7afc-307d-4d06-b24f-91263d29e29f,1,นายสุรศักดิ์ เดชโฮม,47,สกลนคร,6,d7155f6d-736d-42c0-8bc0-00ee6e1970dc,27,พรรคประชาธิปัตย์,#0066B3,0,0,0.0
ef4161c1-94e7-4fa3-b024-ce6904a11029,1,นายภูพิพัฒน์ สาวพัฒนะธาดา,10,กรุงเทพมหานคร,10,115da917-bf32-4e96-a2ae-b7818d0909ee,6,พรรครวมไทยสร้างชาติ,#FF6D00,0,0,0.0
ef4fe996-3b88-4fd2-9922-ba398fc4dcae,1,นายประสิทธิ์ชัย พงษ์สุวรรณศิริ,95,ยะลา,1,013c219e-e197-416d-84ea-00ba9c35465e,37,พรรคภูมิใจไทย,#3949AB,0,0,0.0
f091850b-aed1-4f3b-98e8-21b1b9417323,1,นายรณเทพ อนุวัฒน์,20,ชลบุรี,8,0c044088-618b-49af-a291-fb28ffe9e0f8,11,พรรคเศรษฐกิจ,#FFA000,0,0,0.0
f0a10177-1d11-4113-be18-c3c5b73d60c1,1,นายสมโชติ มีชนะ,80,นครศรีธรรมราช,5,1116011c-1ef3-4cca-a186-c1b9f7984ede,46,พรรคประชาชน,#F57C00,0,0,0.0
f0dcdaf3-09ee-46d1-9e04-13013ec4f920,1,นายณัฏฐชัย สวัสดี,31,บุรีรัมย์,7,1116011c-1ef3-4cca-a186-c1b9f7984ede,46,พรรคประชาชน,#F57C00,0,0,0.0
f12ae76d-5400-46e6-98b7-0373de274363,1,นายสุธี ทองสวัสดิ์,12,นนทบุรี,8,115da917-bf32-4e96-a2ae-b7818d0909ee,6,พรรครวมไทยสร้างชาติ,#FF6D00,0,0,0.0
f17406ed-e259-421c-904c-fd24daa35bf4,1,นายธน บุญเกิด,86,ชุมพร,2,bcdcd19b-d619-47dd-8535-fafb6bc6f4d8,12,พรรคเสรีรวมไทย,#C62828,0,0,0.0
f4592112-a057-4053-9dfb-bd97db510ffb,1,นางสุพัชรี ธรรมเพชร,93,พัทลุง,1,a62aca08-91b7-4f3f-ba8f-cb9e884a3799,42,พรรคกล้าธรรม,#5D4037,0,0,0.0
f490c1a4-73f8-44f6-a375-33d5c0ab83ab,1,นายนิติศาสตร์ กุลน้อย,40,ขอนแก่น,6,d7155f6d-736d-42c0-8bc0-00ee6e1970dc,27,พรรคประชาธิปัตย์,#0066B3,0,0,0.0
f54f6892-b022-4cd2-8b0c-b508037ced94,1,นายคงกฤช หงษ์วิไล,25,ปราจีนบุรี,3,2d8a1c84-0bc8-4377-965d-c020a0097c27,9,พรรคเพื่อไทย,#E4002B,0,0,0.0
f737d675-8b9c-4eae-9eb6-a64f88e5af85,1,นายยุทธนา โพธสุธน,72,สุพรรณบุรี,4,a62aca08-91b7-4f3f-ba8f-cb9e884a3799,42,พรรคกล้าธรรม,#5D4037,0,0,0.0
f7e95ab3-51c1-470b-a5dd-4546a60f7f5b,1,นายหนึ่ง ขัติยะนนท์,30,นครราชสีมา,14,1116011c-1ef3-4cca-a186-c1b9f7984ede,46,พรรคประชาชน,#F57C00,0,0,0.0
f84974a1-4e38-4f31-9895-69318ce8c649,1,นายชัยณรงค์ สันทัสนะโชค,21,ระยอง,3,2d8a1c84-0bc8-4377-965d-c020a0097c27,9,พรรคเพื่อไทย,#E4002B,0,0,0.0
f9d15948-6505-4ded-85a6-18b6a2670110,1,ร.อ.พิชาญศักดิ์ บุญมาศ,10,กรุงเทพมหานคร,14,d7155f6d-736d-42c0-8bc0-00ee6e1970dc,27,พรรคประชาธิปัตย์,#0066B3,0,0,0.0
f9f7b629-6e61-400a-a337-c2e51571b4d9,1,นายวชิรวิทย์ ธนวัฒน์กิจโภคิน,34,อุบลราชธานี,8,1116011c-1ef3-4cca-a186-c1b9f7984ede,46,พรรคประชาชน,#F57C00,0,0,0.0
faf835ea-e49a-44b5-8a66-b36fb453ebdc,1,นายปริญญา สุโพธิ์,18,ชัยนาท,1,a62aca08-91b7-4f3f-ba8f-cb9e884a3799,42,พรรคกล้าธรรม,#5D4037,0,0,0.0
fb5fb909-147a-4262-807c-2b2a59eab382,1,นายสุรเชษฐ์ สีงาม,10,กรุงเทพมหานคร,21,0c044088-618b-49af-a291-fb28ffe9e0f8,11,พรรคเศรษฐกิจ,#FFA000,0,0,0.0
fc4c5e62-5acd-4671-84d2-897dbae33372,1,นายศิรศักดิ์ ทองยอด,51,ลำพูน,2,013c219e-e197-416d-84ea-00ba9c35465e,37,พรรคภูมิใจไทย,#3949AB,0,0,0.0
fce80706-8032-4920-b625-c2f094b15114,1,นายอรุณ เบ็ญจลักษณ์,94,ปัตตานี,2,7f4755ca-ea3a-4023-869d-9cabba328db0,33,พรรคประชาชาติ,#2E7D32,0,0,0.0
fd7c3035-7b53-4ea5-be10-995ec287d764,1,นายกันตภณ มิตรปราสาท,32,สุรินทร์,3,1116011c-1ef3-4cca-a186-c1b9f7984ede,46,พรรคประชาชน,#F57C00,0,0,0.0
fddd8fd0-2870-44b7-a956-aba3a5142b73,1,นายชัยณรงค์ ชัยสุข,43,หนองคาย,3,1116011c-1ef3-4cca-a186-c1b9f7984ede,46,พรรคประชาชน,#F57C00,0,0,0.0
fded567b-ed03-4506-b270-d259f59e84d0,1,นายสมเกียรติ ตันดิลกตระกูล,30,นครราชสีมา,5,2d8a1c84-0bc8-4377-965d-c020a0097c27,9,พรรคเพื่อไทย,#E4002B,0,0,0.0
fe08ac1c-6911-4a39-8228-4f595ca4ed47,1,นายสมชาติ เดชดอน,30,นครราชสีมา,10,a62aca08-91b7-4f3f-ba8f-cb9e884a3799,42,พรรคกล้าธรรม,#5D4037,0,0,0.0
ff8038be-be48-4706-99b7-635dccb1ceb9,1,นายรัฐภูมิ ขันสลี,55,น่าน,3,a62aca08-91b7-4f3f-ba8f-cb9e884a3799,42,พรรคกล้าธรรม,#5D4037,0,0,0.0
0055047c-2b57-42c4-849a-664db3bb8326,2,นายสัมพันธ์ มะยูโซ๊ะ,96,นราธิวาส,3,a62aca08-91b7-4f3f-ba8f-cb9e884a3799,42,พรรคกล้าธรรม,#5D4037,0,0,0.0
011e9623-5f96-4a3d-a6dd-b2896984dc48,2,นายบุญฤทธิ์ ธรรมศร,71,กาญจนบุรี,1,a62aca08-91b7-4f3f-ba8f-cb9e884a3799,42,พรรคกล้าธรรม,#5D4037,0,0,0.0
017da09a-6e99-44d9-9aa9-837ebee26529,2,นายนิยม วิวรรธนดิฐกุล,54,แพร่,2,2d8a1c84-0bc8-4377-965d-c020a0097c27,9,พรรคเพื่อไทย,#E4002B,0,0,0.0
01aa463f-b0ba-4863-b4fc-4d7ff1c10c76,2,นายสิงห์โต ฮกทวายทา,47,สกลนคร,7,d7155f6d-736d-42c0-8bc0-00ee6e1970dc,27,พรรคประชาธิปัตย์,#0066B3,0,0,0.0
03b8dbbc-78ef-48f5-93fb-82271bc41f12,2,นางสาวสุภาวดี วงษ์คำ,41,อุดรธานี,10,1116011c-1ef3-4cca-a186-c1b9f7984ede,46,พรรคประชาชน,#F57C00,0,0,0.0
03f73a29-b69c-41a5-9e85-fbcea05a866e,2,นายชัยณรงค์ ชยานุคุณลิขิต,11,สมุทรปราการ,5,a62aca08-91b7-4f3f-ba8f-cb9e884a3799,42,พรรคกล้าธรรม,#5D4037,0,0,0.0
043f4b33-0c83-4f66-9778-96099b783935,2,นายเจริญ อภิภัทรโกศล,55,น่าน,3,1116011c-1ef3-4cca-a186-c1b9f7984ede,46,พรรคประชาชน,#F57C00,0,0,0.0
065e9a74-2e0a-4c54-8f4f-1ed1a52beb9b,2,นายพีรภัทร ทองธีรสกุล,31,บุรีรัมย์,1,2d8a1c84-0bc8-4377-965d-c020a0097c27,9,พรรคเพื่อไทย,#E4002B,0,0,0.0
0721c94d-7b14-4059-9268-7ffa31269031,2,นายวิทยา หวานซึ้ง,58,แม่ฮ่องสอน,2,a62aca08-91b7-4f3f-ba8f-cb9e884a3799,42,พรรคกล้าธรรม,#5D4037,0,0,0.0
0907539f-b2af-4559-9a50-c51ad48f0473,2,นายสุนทร มาลีการุณกิจ,50,เชียงใหม่,10,013c219e-e197-416d-84ea-00ba9c35465e,37,พรรคภูมิใจไทย,#3949AB,0,0,0.0
09b9123b-33ae-41cf-b051-90ad13810602,2,นายแมน เจริญวัลย์,10,กรุงเทพมหานคร,13,2d8a1c84-0bc8-4377-965d-c020a0097c27,9,พรรคเพื่อไทย,#E4002B,0,3,0.0
0a587b08-7939-4c05-b32c-35c6f955919e,2,นายวินัย ภัทรประสิทธิ์,66,พิจิตร,2,013c219e-e197-416d-84ea-00ba9c35465e,37,พรรคภูมิใจไทย,#3949AB,0,0,0.0
0a6eaad5-16c3-49f6-853c-bf625217af41,2,นายษฐา ขาวขำ,80,นครศรีธรรมราช,6,013c219e-e197-416d-84ea-00ba9c35465e,37,พรรคภูมิใจไทย,#3949AB,0,0,0.0
0a751063-0d88-4147-aaf3-57fa78b80a5d,2,นายภานุวัฒน์ ณ ระนอง,13,ปทุมธานี,5,2d8a1c84-0bc8-4377-965d-c020a0097c27,9,พรรคเพื่อไทย,#E4002B,0,0,0.0
0ac31e3a-8feb-47c9-a8f3-b34fd9c7fdae,2,นายภาสพล อุฬารกุล,47,สกลนคร,2,1116011c-1ef3-4cca-a186-c1b9f7984ede,46,พรรคประชาชน,#F57C00,0,0,0.0
0afeeaa4-6b52-4b43-8692-66afc16dac65,2,นางสาวจิดาภา วิไลวรางกูร,10,กรุงเทพมหานคร,12,965b4b93-c01e-4a2b-a987-577f2b99ebb4,49,พรรคไทยก้าวใหม่,#1E88E5,0,0,0.0
0b1f7a1c-3434-4177-aac9-5409cd7711db,2,นางสาวพัชราศิณี ศิริโกมุท,44,มหาสารคาม,5,0c044088-618b-49af-a291-fb28ffe9e0f8,11,พรรคเศรษฐกิจ,#FFA000,0,0,0.0
0b6e6ce3-970b-460c-b288-717d8aa4e9fd,2,นายธนัท สุขเกษม,12,นนทบุรี,7,bd8d9f14-f757-41fb-8f37-d6128d9d012d,7,พรรคพลวัต,#EF6C00,0,0,0.0
0bdde45c-305e-42f5-a13b-5338f3ca0b63,2,นายฐิติกันต์ ฐิติพฤฒิกุล,83,ภูเก็ต,3,1116011c-1ef3-4cca-a186-c1b9f7984ede,46,พรรคประชาชน,#F57C00,0,0,0.0
0ec876a9-d0d4-43f1-af89-a5899096c913,2,นางปทิดา ตันติรัตนานนท์,32,สุรินทร์,8,013c219e-e197-416d-84ea-00ba9c35465e,37,พรรคภูมิใจไทย,#3949AB,0,0,0.0
0eef5ba9-6ca3-4076-b485-09ea91e653df,2,นายสรานนท์ ใยบำรุง,77,ประจวบคีรีขันธ์,1,965b4b93-c01e-4a2b-a987-577f2b99ebb4,49,พรรคไทยก้าวใหม่,#1E88E5,0,0,0.0
0f1cac6d-7de5-4727-b93d-761e4585bd18,2,นายจตุพร กมลพันธ์ทิพย์,70,ราชบุรี,3,a62aca08-91b7-4f3f-ba8f-cb9e884a3799,42,พรรคกล้าธรรม,#5D4037,0,0,0.0
0fc13d67-f0a4-419e-936e-d2fd4b1b5bdc,2,นางสาวศศิประภา ดีรอด,12,นนทบุรี,6,013c219e-e197-416d-84ea-00ba9c35465e,37,พรรคภูมิใจไทย,#3949AB,0,0,0.0
0fc9845c-f61a-4f43-b831-58b856bc1075,2,นายสุกิจ อ่อนขาว,30,นครราชสีมา,5,d7155f6d-736d-42c0-8bc0-00ee6e1970dc,27,พรรคประชาธิปัตย์,#0066B3,0,0,0.0
107dc28f-a06e-4758-961a-bc5811e95bba,2,นางสาวณัฐนันท์ รัตโน,34,อุบลราชธานี,3,2d8a1c84-0bc8-4377-965d-c020a0097c27,9,พรรคเพื่อไทย,#E4002B,0,0,0.0
117a8589-3c9a-46cb-9310-0904dc4f73cf,2,นายธีรภาพ ทิบุญมี,23,ตราด,1,cb1b6cf2-41fa-49b1-a060-01acf13edc81,48,พรรคไทยสร้างไทย,#00ACC1,0,0,0.0
12d0e08b-8f87-4e36-a267-8ab8895957c7,2,นายอธิป เพศยนาวิน,10,กรุงเทพมหานคร,22,339fa187-133c-4766-a6c2-36d1b32cda8f,23,พรรคปวงชนไทย,#827717,0,0,0.0
1301be8b-d315-4b4d-a17e-38b9a0c14f1f,2,นางสาวมลฤดี จันทร์แดง,38,บึงกาฬ,2,2d8a1c84-0bc8-4377-965d-c020a0097c27,9,พรรคเพื่อไทย,#E4002B,0,0,0.0
1357774a-6211-47c4-9bc9-4f544fc9feb8,2,นายปิยวัฒน์ กิตติธเนศวร,26,นครนายก,1,a62aca08-91b7-4f3f-ba8f-cb9e884a3799,42,พรรคกล้าธรรม,#5D4037,0,0,0.0
1395fcee-0c54-40b1-8a9b-16ecb83207e2,2,นายณัฏฐ์ชนน ศรีก่อเกื้อ,90,สงขลา,7,013c219e-e197-416d-84ea-00ba9c35465e,37,พรรคภูมิใจไทย,#3949AB,0,0,0.0
152b923b-c114-4a2c-a2dd-b6feecf70cdc,2,นายสุวัฒน์ ม่วงศิริ,10,กรุงเทพมหานคร,28,2d8a1c84-0bc8-4377-965d-c020a0097c27,9,พรรคเพื่อไทย,#E4002B,0,0,0.0
15403e16-3e29-41eb-b434-6ab4e304b48a,2,นางกิติมา สิงห์ลา,10,กรุงเทพมหานคร,7,bd8d9f14-f757-41fb-8f37-d6128d9d012d,7,พรรคพลวัต,#EF6C00,0,0,0.0
1737b32d-1db6-4d76-8021-12365ad936c1,2,ร้อยตำรวจเอกสิทธิพัฒน์ ภาวสุทธิ์,20,ชลบุรี,3,013c219e-e197-416d-84ea-00ba9c35465e,37,พรรคภูมิใจไทย,#3949AB,0,0,0.0
1740d9ed-b93b-434f-a6cb-56f7bf554d97,2,พันตำรวจโทชำนาญ โตวงษ์,14,พระนครศรีอยุธยา,1,115da917-bf32-4e96-a2ae-b7818d0909ee,6,พรรครวมไทยสร้างชาติ,#FF6D00,0,0,0.0
17724f83-24fc-46ca-bfbc-a88ff8406daf,2,นายพนม โพธิ์แก้ว,71,กาญจนบุรี,5,2d8a1c84-0bc8-4377-965d-c020a0097c27,9,พรรคเพื่อไทย,#E4002B,0,0,0.0
18688efe-28e1-4e86-bce2-6b6d2102f66d,2,ร.ต.ท.สงวน คมขาว,40,ขอนแก่น,10,965b4b93-c01e-4a2b-a987-577f2b99ebb4,49,พรรคไทยก้าวใหม่,#1E88E5,0,0,0.0
1946d250-e34a-47d9-b178-76d54653ec0d,2,นายปัญญา พุกราชวงศ์,14,พระนครศรีอยุธยา,2,a62aca08-91b7-4f3f-ba8f-cb9e884a3799,42,พรรคกล้าธรรม,#5D4037,0,0,0.0
196e8385-c9e9-44db-9e21-a57cdc367010,2,นายณรงค์ชัย เมืองครอง,10,กรุงเทพมหานคร,6,a62aca08-91b7-4f3f-ba8f-cb9e884a3799,42,พรรคกล้าธรรม,#5D4037,0,0,0.0
1988c0f0-4f7a-4852-9cea-c388ed93762b,2,พันตรีสราวุธ ศรีวัง,33,ศรีสะเกษ,7,1116011c-1ef3-4cca-a186-c1b9f7984ede,46,พรรคประชาชน,#F57C00,0,0,0.0
1a2062f5-0f3b-448a-8b26-afb05adb47ab,2,นายประมวล พงศ์ถาวราเดช,77,ประจวบคีรีขันธ์,3,a62aca08-91b7-4f3f-ba8f-cb9e884a3799,42,พรรคกล้าธรรม,#5D4037,0,0,0.0
1afd56f0-48a0-42a5-8feb-31453ce26e68,2,นายลลิต กิจสมัคร,73,นครปฐม,6,0c044088-618b-49af-a291-fb28ffe9e0f8,11,พรรคเศรษฐกิจ,#FFA000,0,0,0.0
1c1d93b2-efcf-4c38-ab1a-32a2577f573b,2,ร้อยตำรวจโทสุธรรม เข็มแข็งปรีชานนท์,73,นครปฐม,1,115da917-bf32-4e96-a2ae-b7818d0909ee,6,พรรครวมไทยสร้างชาติ,#FF6D00,0,0,0.0
1c451c52-3f8d-4062-9bbd-a4aa6620741a,2,นายไพรยวน พันธ์สีดา,32,สุรินทร์,3,0c044088-618b-49af-a291-fb28ffe9e0f8,11,พรรคเศรษฐกิจ,#FFA000,0,0,0.0
1c64fed5-7cd6-4f66-9e18-2e9a393e782a,2,นางสุภาพร สลับศรี,35,ยโสธร,1,013c219e-e197-416d-84ea-00ba9c35465e,37,พรรคภูมิใจไทย,#3949AB,0,0,0.0
1cdb204f-cd56-4cea-9486-28f93cd4fe31,2,นางสาวสมใจ ทองบาง,40,ขอนแก่น,8,d7155f6d-736d-42c0-8bc0-00ee6e1970dc,27,พรรคประชาธิปัตย์,#0066B3,0,0,0.0
1d01d036-2c36-40ac-86ae-4a888bf756d8,2,นายสุจินต์ หนองใหญ่,20,ชลบุรี,9,339fa187-133c-4766-a6c2-36d1b32cda8f,23,พรรคปวงชนไทย,#827717,0,0,0.0
1dca4ca4-73d8-4192-acb5-35f34630dbee,2,นางสาวธัญญ์ลภัสส์ โสรินทร์,47,สกลนคร,6,115da917-bf32-4e96-a2ae-b7818d0909ee,6,พรรครวมไทยสร้างชาติ,#FF6D00,0,0,0.0
1ed0b157-17be-4268-9c4a-ec2c4eb86b30,2,นางสาวฉัตรธิษณ์ชา เหตุทอง,93,พัทลุง,1,d7155f6d-736d-42c0-8bc0-00ee6e1970dc,27,พรรคประชาธิปัตย์,#0066B3,0,0,0.0
1f37da7e-bf95-4113-b28b-358fd0f52865,2,นายพงศพัศ กตคุณวิสิทธิ์,10,กรุงเทพมหานคร,24,a62aca08-91b7-4f3f-ba8f-cb9e884a3799,42,พรรคกล้าธรรม,#5D4037,0,0,0.0
20661957-25c9-459c-83fd-947226c10782,2,นายณัฐธพัฒน์ ธรรมทินนา,24,ฉะเชิงเทรา,3,1116011c-1ef3-4cca-a186-c1b9f7984ede,46,พรรคประชาชน,#F57C00,0,0,0.0
213eba71-d67a-44c6-b9a0-ac7f70260519,2,นางสาวยศรินทร์ ทองเดือน,46,กาฬสินธุ์,2,0c044088-618b-49af-a291-fb28ffe9e0f8,11,พรรคเศรษฐกิจ,#FFA000,0,0,0.0
214ef967-d440-4dd0-99a2-b136b556738c,2,นายพหล วรปัญญา,16,ลพบุรี,3,2d8a1c84-0bc8-4377-965d-c020a0097c27,9,พรรคเพื่อไทย,#E4002B,0,0,0.0
21784778-2cc2-4616-b072-666aa74e999c,2,นายสุรพล เกียรติไชยากร,50,เชียงใหม่,8,03347cbc-6089-474c-a3f6-484ae981c9a6,43,พรรคพลังประชารัฐ,#1565C0,0,0,0.0
21f2a47c-eaef-412c-868f-71c37e2e3a09,2,นายจักรินทร์ พิมรินทร์,46,กาฬสินธุ์,1,115da917-bf32-4e96-a2ae-b7818d0909ee,6,พรรครวมไทยสร้างชาติ,#FF6D00,0,0,0.0
223d723d-fe17-498a-8960-2c8e1d8216d1,2,นายพรเทพ ศิริโรจนกุล,30,นครราชสีมา,16,2d8a1c84-0bc8-4377-965d-c020a0097c27,9,พรรคเพื่อไทย,#E4002B,0,0,0.0
22453f03-c454-41e1-b88c-f79d1a3ef9ee,2,นายวิเชษฐ์ รุญเจริญ,14,พระนครศรีอยุธยา,3,115da917-bf32-4e96-a2ae-b7818d0909ee,6,พรรครวมไทยสร้างชาติ,#FF6D00,0,0,0.0
2263268a-e954-4380-8831-e6bb2902aa3c,2,นายเข็มทอง แก้วเนตร,34,อุบลราชธานี,4,03347cbc-6089-474c-a3f6-484ae981c9a6,43,พรรคพลังประชารัฐ,#1565C0,0,0,0.0
228a112b-8548-477a-bb07-7026cdcd725f,2,นายสุทธิชัย จรูญเนตร,34,อุบลราชธานี,5,013c219e-e197-416d-84ea-00ba9c35465e,37,พรรคภูมิใจไทย,#3949AB,0,0,0.0
23283551-3f54-49d3-85ff-43fe6b30ecdb,2,นายธานินท์ นวลวัฒน์,84,สุราษฎร์ธานี,7,013c219e-e197-416d-84ea-00ba9c35465e,37,พรรคภูมิใจไทย,#3949AB,0,0,0.0
243ebeac-2800-4e4b-bf5d-94e9e4cee58e,2,นายโอชิษฐ์ เกียรติก้องชูชัย,36,ชัยภูมิ,1,2d8a1c84-0bc8-4377-965d-c020a0097c27,9,พรรคเพื่อไทย,#E4002B,0,0,0.0
245f527d-fc46-45b4-a8d5-eea33059342e,2,นายสุพจน์ ทัพมงคล,20,ชลบุรี,6,b376f463-00b4-4a94-886c-fdbc533100e9,19,พรรคสังคมประชาธิปไตยไทย,#E53935,0,0,0.0
24667bcc-ef46-40e4-a113-44218f4a1db9,2,นางสาวอรุณี ไพรสิงห์,60,นครสวรรค์,1,d7155f6d-736d-42c0-8bc0-00ee6e1970dc,27,พรรคประชาธิปัตย์,#0066B3,0,0,0.0
2479e707-d166-42a6-a972-7fe546fb11cc,2,นายทรงศักดิ์ มุสิกอง,80,นครศรีธรรมราช,1,d7155f6d-736d-42c0-8bc0-00ee6e1970dc,27,พรรคประชาธิปัตย์,#0066B3,0,0,0.0
251ae78e-74de-488a-b269-8a292c4f75d2,2,นายธนวัฒน์ ทองโต,74,สมุทรสาคร,3,013c219e-e197-416d-84ea-00ba9c35465e,37,พรรคภูมิใจไทย,#3949AB,0,0,0.0
25f6ae74-135d-4a35-8fdb-5198ef463ccf,2,นางสาววาสนา อยู่ภักดี,36,ชัยภูมิ,2,1116011c-1ef3-4cca-a186-c1b9f7984ede,46,พรรคประชาชน,#F57C00,0,0,0.0
26373e63-caea-4032-bf4a-59571d870acd,2,นายรังสรรค์ วันไชยธนวงศ์,57,เชียงราย,5,013c219e-e197-416d-84ea-00ba9c35465e,37,พรรคภูมิใจไทย,#3949AB,0,0,0.0
2689f9a4-c187-49eb-8610-90b452af60ba,2,นายอภิยุทธ ณ กาฬสินธุ์,46,กาฬสินธุ์,4,1116011c-1ef3-4cca-a186-c1b9f7984ede,46,พรรคประชาชน,#F57C00,0,0,0.0
26bdcf8d-aee8-4535-9c30-ea4e70f4db6c,2,นายชรินทร์ ทำดี,30,นครราชสีมา,12,1116011c-1ef3-4cca-a186-c1b9f7984ede,46,พรรคประชาชน,#F57C00,0,0,0.0
27e0f80a-43b3-4ad4-8f6b-68075b4294e8,2,นายสมศักดิ์ ชุ่มกลัด,65,พิษณุโลก,5,d7155f6d-736d-42c0-8bc0-00ee6e1970dc,27,พรรคประชาธิปัตย์,#0066B3,0,0,0.0
27ec65c6-a36a-413b-9bfc-0e9494d37a9b,2,นายบรรหาร ศรีบุระ,34,อุบลราชธานี,8,e3ad415e-cb0c-4922-adb3-4624e857d801,21,พรรคไทรวมพลัง,#E65100,0,0,0.0
284136b0-e3af-432b-a143-ab968020f7ec,2,นายบุญยงค์ จรัสจรูญฤทธิ์,84,สุราษฎร์ธานี,6,1116011c-1ef3-4cca-a186-c1b9f7984ede,46,พรรคประชาชน,#F57C00,0,0,0.0
29389bd1-3bc6-43b5-a296-b3ec3a6f7895,2,นายพนธกร ใคร่ครวญ,20,ชลบุรี,10,013c219e-e197-416d-84ea-00ba9c35465e,37,พรรคภูมิใจไทย,#3949AB,0,0,0.0
29c4d463-cdab-4ee3-9248-3875cb5374ac,2,นายธรรมวัตร พรมเสน,57,เชียงราย,4,1116011c-1ef3-4cca-a186-c1b9f7984ede,46,พรรคประชาชน,#F57C00,0,0,0.0
29d5c7f8-e3ff-45a5-bf1c-56e7cb227877,2,นางสาวบุณณดา สุปิยพันธุ์,10,กรุงเทพมหานคร,33,965b4b93-c01e-4a2b-a987-577f2b99ebb4,49,พรรคไทยก้าวใหม่,#1E88E5,0,0,0.0
2a26859d-4a23-45ea-86e3-7cb0ea95b0a9,2,นายศุภกร ขุนชิต,93,พัทลุง,2,1116011c-1ef3-4cca-a186-c1b9f7984ede,46,พรรคประชาชน,#F57C00,0,0,0.0
2a2bd7a2-69b0-48ac-9bc7-f34e123f67d9,2,นายเตชสิทธิ์ สีแดง,50,เชียงใหม่,3,c126e4e4-be85-44e6-bf3e-f9331b9f91a9,24,พรรควิชชั่นใหม่,#7CB342,0,0,0.0
2aff1dbf-6bf3-4f9f-b31e-a8b8c3ec62c1,2,นายสถาพร ระวิสิทธิ์,40,ขอนแก่น,3,965b4b93-c01e-4a2b-a987-577f2b99ebb4,49,พรรคไทยก้าวใหม่,#1E88E5,0,0,0.0
2b0563fb-60c6-4732-9afc-b1689e71d72a,2,พลเอกชินวัฒน์ แม้นเดช,71,กาญจนบุรี,4,2d8a1c84-0bc8-4377-965d-c020a0097c27,9,พรรคเพื่อไทย,#E4002B,0,0,0.0
2b27ad00-4920-4870-a847-451e76a016ac,2,นายวิรัฐ จันทวิโรจน์,76,เพชรบุรี,3,d7155f6d-736d-42c0-8bc0-00ee6e1970dc,27,พรรคประชาธิปัตย์,#0066B3,0,0,0.0
2b3e3304-6f87-4ec6-89c3-0c9052664200,2,นายชัยณรงค์ มะเดชะ,63,ตาก,3,2d8a1c84-0bc8-4377-965d-c020a0097c27,9,พรรคเพื่อไทย,#E4002B,0,0,0.0
2bebea2e-93f6-4d4d-b003-75015078e436,2,นายสุพรรณ์ ศรีบุญเรือง,40,ขอนแก่น,7,115da917-bf32-4e96-a2ae-b7818d0909ee,6,พรรครวมไทยสร้างชาติ,#FF6D00,0,0,0.0
2d35f202-9776-4607-a809-b2b20cb08487,2,นายอับดุลการีม อัสมะแอ,96,นราธิวาส,1,7f4755ca-ea3a-4023-869d-9cabba328db0,33,พรรคประชาชาติ,#2E7D32,0,0,0.0
2efc0b7b-8de7-441e-8c88-8e7c468d854d,2,นางสาวรภัสสรณ์ นิยะโมสถ,52,ลำปาง,4,2d8a1c84-0bc8-4377-965d-c020a0097c27,9,พรรคเพื่อไทย,#E4002B,0,0,0.0
2f1cba16-942a-4b45-b2ee-2c1f93c92f4e,2,นายอาสพลธ์ สรรณ์ไตรภพ,33,ศรีสะเกษ,8,013c219e-e197-416d-84ea-00ba9c35465e,37,พรรคภูมิใจไทย,#3949AB,0,0,0.0
2f50057c-95bf-4732-a0ce-804f5ad4ad22,2,นายบุญจง วงศ์ไตรรัตน์,30,นครราชสีมา,10,013c219e-e197-416d-84ea-00ba9c35465e,37,พรรคภูมิใจไทย,#3949AB,0,0,0.0
2fef1c0f-93a1-478c-8d74-13b5697f30b7,2,นายสิทธิภร จันทบูรณ์,84,สุราษฎร์ธานี,3,1116011c-1ef3-4cca-a186-c1b9f7984ede,46,พรรคประชาชน,#F57C00,0,0,0.0
2ff33c28-ce83-44bb-8fa6-70dad0a81d03,2,นายศักดา เกตุแก้ว,41,อุดรธานี,4,1116011c-1ef3-4cca-a186-c1b9f7984ede,46,พรรคประชาชน,#F57C00,0,0,0.0
316fc3ad-6dfb-4941-be12-e5060331592c,2,นายวิโรจน์ ดีใจ,32,สุรินทร์,2,0c044088-618b-49af-a291-fb28ffe9e0f8,11,พรรคเศรษฐกิจ,#FFA000,0,0,0.0
3263c31d-c6e4-4a0a-ac08-7155bfefeff0,2,นายวสันต์ ศรีสอาด,19,สระบุรี,4,965b4b93-c01e-4a2b-a987-577f2b99ebb4,49,พรรคไทยก้าวใหม่,#1E88E5,0,0,0.0
3275dd10-e434-4d73-b87f-0c6abf2248b5,2,นายสมดุลย์ อุตเจริญ,50,เชียงใหม่,7,1116011c-1ef3-4cca-a186-c1b9f7984ede,46,พรรคประชาชน,#F57C00,0,0,0.0
3329d2ae-5fb6-47a8-9a6c-ced493e57a4b,2,นายชุติมันต์ ปานเพชร,34,อุบลราชธานี,7,d7155f6d-736d-42c0-8bc0-00ee6e1970dc,27,พรรคประชาธิปัตย์,#0066B3,0,0,0.0
332fc498-7d46-4493-b25f-700cde7000df,2,นายชัยพร แก้ววาตะ,10,กรุงเทพมหานคร,10,d7155f6d-736d-42c0-8bc0-00ee6e1970dc,27,พรรคประชาธิปัตย์,#0066B3,0,0,0.0
33372de7-36b1-4943-92f7-05beb5f32f0d,2,นายสราวุธ งามสุขศรี,18,ชัยนาท,2,1116011c-1ef3-4cca-a186-c1b9f7984ede,46,พรรคประชาชน,#F57C00,0,0,0.0
3410a4fb-38ee-4931-8b06-c46901c8e564,2,นายไผทเทพ ถาวรชาติ,30,นครราชสีมา,4,d7155f6d-736d-42c0-8bc0-00ee6e1970dc,27,พรรคประชาธิปัตย์,#0066B3,0,0,0.0
35d6ff84-d8ae-4310-b348-e3b64b6bf335,2,นายสรรเพชญ บุญญามณี,90,สงขลา,1,013c219e-e197-416d-84ea-00ba9c35465e,37,พรรคภูมิใจไทย,#3949AB,0,0,0.0
3654f74d-6449-4028-a76b-e8385a4fc9e4,2,นางสาวศิริรัตน์ ศิริรักษ์,25,ปราจีนบุรี,2,1116011c-1ef3-4cca-a186-c1b9f7984ede,46,พรรคประชาชน,#F57C00,0,0,0.0
37cb6123-f926-4203-b761-024ab6fc226d,2,นายฐานวัฒน์ ธนาธัญญพิชญ์,41,อุดรธานี,9,a62aca08-91b7-4f3f-ba8f-cb9e884a3799,42,พรรคกล้าธรรม,#5D4037,0,0,0.0
37eab102-b44e-4b2b-82d8-ea564c260bc6,2,นางสาวรุจินาถ ศรีสุวรรณ,86,ชุมพร,2,2d8a1c84-0bc8-4377-965d-c020a0097c27,9,พรรคเพื่อไทย,#E4002B,0,0,0.0
37f4761f-b5d9-465c-8f1d-1e18b26b6355,2,นายชรินทร์ ชูบุญ,64,สุโขทัย,3,a62aca08-91b7-4f3f-ba8f-cb9e884a3799,42,พรรคกล้าธรรม,#5D4037,0,0,0.0
3871d88f-a3f6-4117-87e0-0dd51d863d22,2,นายอาทิตย์ ว่องวสุสมวงศ์,73,นครปฐม,3,d7155f6d-736d-42c0-8bc0-00ee6e1970dc,27,พรรคประชาธิปัตย์,#0066B3,0,0,0.0
387f2c5e-0933-4548-a5fd-e0fb7b54eade,2,นายจิรายุ โชติศิลากุล,40,ขอนแก่น,11,2d8a1c84-0bc8-4377-965d-c020a0097c27,9,พรรคเพื่อไทย,#E4002B,0,0,0.0
3a1a373b-681e-4e6b-8de2-804d1c42bb7e,2,นายวิทวัส รัชตาจ้าย,56,พะเยา,2,1116011c-1ef3-4cca-a186-c1b9f7984ede,46,พรรคประชาชน,#F57C00,0,0,0.0
3b37e540-4b3a-4c2f-89e4-a1e0161737bb,2,นายยุวภพ กระเป๋าทอง,16,ลพบุรี,1,d7155f6d-736d-42c0-8bc0-00ee6e1970dc,27,พรรคประชาธิปัตย์,#0066B3,0,0,0.0
3b6d2b40-e459-45d6-ac7d-341bdf15f8b7,2,นายกรณ์ มีดี,12,นนทบุรี,4,1116011c-1ef3-4cca-a186-c1b9f7984ede,46,พรรคประชาชน,#F57C00,0,0,0.0
3d048e4d-cced-4049-b6f4-cee431a0ba71,2,นายชนนพัฒฐ์ นาคสั้ว,90,สงขลา,4,a62aca08-91b7-4f3f-ba8f-cb9e884a3799,42,พรรคกล้าธรรม,#5D4037,0,0,0.0
3dc1127a-cfe3-4661-b734-39592988b309,2,นายณัฐพล กลุ่มเหรียญทอง,40,ขอนแก่น,9,2d8a1c84-0bc8-4377-965d-c020a0097c27,9,พรรคเพื่อไทย,#E4002B,0,0,0.0
3dfc97f7-d501-437a-9f0a-439337e9faa1,2,นายโรจนินทร์ ศิรรัฐเมธากรณ์,73,นครปฐม,2,013c219e-e197-416d-84ea-00ba9c35465e,37,พรรคภูมิใจไทย,#3949AB,0,0,0.0
3ea84b69-9d18-4733-80d3-e164ab5c6704,2,นายนิรุด เรืองงาม,60,นครสวรรค์,3,0c044088-618b-49af-a291-fb28ffe9e0f8,11,พรรคเศรษฐกิจ,#FFA000,0,0,0.0
3fefde6c-9ed2-4df6-a7a9-c77e915fb6cc,2,นายภัคเมศฐ์ ธีระศิลาเวทย์,74,สมุทรสาคร,1,d7155f6d-736d-42c0-8bc0-00ee6e1970dc,27,พรรคประชาธิปัตย์,#0066B3,0,0,0.0
40cecd4e-37e3-4483-bd7d-666651ae010e,2,นายประชาชาติ แสนแก้ว,41,อุดรธานี,6,2d8a1c84-0bc8-4377-965d-c020a0097c27,9,พรรคเพื่อไทย,#E4002B,0,0,0.0
41cd72fb-d9ce-4c0b-b0fd-be748331c57b,2,นายเริงชาติ ศรีขจรวงศ์,46,กาฬสินธุ์,5,a62aca08-91b7-4f3f-ba8f-cb9e884a3799,42,พรรคกล้าธรรม,#5D4037,0,0,0.0
42b225a3-348c-4535-a7d6-67fbc325b8b8,2,นางสาวมลฑาทิพย์ ทิพยธนาพัฒน์,10,กรุงเทพมหานคร,27,d7155f6d-736d-42c0-8bc0-00ee6e1970dc,27,พรรคประชาธิปัตย์,#0066B3,0,0,0.0
44ca1fc4-efd9-48c4-ac23-0d761e6eeb49,2,นางยุพาวรรณ จักรพิมพ์,47,สกลนคร,1,d7155f6d-736d-42c0-8bc0-00ee6e1970dc,27,พรรคประชาธิปัตย์,#0066B3,0,0,0.0
45978512-42ab-4193-b25e-ae2abefd7486,2,นายสมัคร บุญปก,41,อุดรธานี,3,2d8a1c84-0bc8-4377-965d-c020a0097c27,9,พรรคเพื่อไทย,#E4002B,0,0,0.0
45d780b1-ebe7-466c-b3e9-1d04b055db51,2,นายชายสิทธิ์ สุวรรณโชติ,49,มุกดาหาร,1,1116011c-1ef3-4cca-a186-c1b9f7984ede,46,พรรคประชาชน,#F57C00,0,0,0.0
45fb1699-442d-4bae-a2df-5042fac344b8,2,นางสาวสุวิภา กุศลจูง,52,ลำปาง,2,1116011c-1ef3-4cca-a186-c1b9f7984ede,46,พรรคประชาชน,#F57C00,0,0,0.0
465c4dab-794c-4e72-8822-f87ab0b7bec7,2,นายวิทวัส ไตรสรณกุล,33,ศรีสะเกษ,9,013c219e-e197-416d-84ea-00ba9c35465e,37,พรรคภูมิใจไทย,#3949AB,0,0,0.0
46925a92-6051-4961-bc2d-dc2cd9fcdf32,2,นายภาสกร โยธะไชยสาร,44,มหาสารคาม,3,d7155f6d-736d-42c0-8bc0-00ee6e1970dc,27,พรรคประชาธิปัตย์,#0066B3,0,0,0.0
479783a7-21a7-4d45-b40e-50fdd41d8805,2,นายณรงค์ศักดิ์ ฤทธิวรผล,10,กรุงเทพมหานคร,11,965b4b93-c01e-4a2b-a987-577f2b99ebb4,49,พรรคไทยก้าวใหม่,#1E88E5,0,0,0.0
48df93fb-517c-464d-9972-a6a94a5174b1,2,นางสาวทัตพิชา เข็มแก้ว,32,สุรินทร์,5,1116011c-1ef3-4cca-a186-c1b9f7984ede,46,พรรคประชาชน,#F57C00,0,0,0.0
4932eeea-5647-4c20-bfa1-7f002bb38644,2,นายบุญเชิด พรมศร,52,ลำปาง,1,2ee17641-917b-4ea0-8c19-da383e03e915,44,พรรคโอกาสใหม่,#26C6DA,0,0,0.0
499797b6-f5d9-41bc-8409-7bec5b6639b6,2,นางสาวหงสรัชต์ ภูริสิทธิสีห์,13,ปทุมธานี,4,d7155f6d-736d-42c0-8bc0-00ee6e1970dc,27,พรรคประชาธิปัตย์,#0066B3,0,0,0.0
4a8dfa6a-78fe-4828-91d3-d6fd9e53d068,2,นายเนียม ผลบุญ,33,ศรีสะเกษ,1,d1964fe3-2dd0-43d5-a190-77fbfaf586b2,8,พรรคประชาธิปไตยใหม่,#1976D2,0,0,0.0
4aea0d34-9b0c-4966-bc91-dbb1bdfe2613,2,นางสาวนภัสวรรณ มณีรัตน์โรจน์,20,ชลบุรี,4,1116011c-1ef3-4cca-a186-c1b9f7984ede,46,พรรคประชาชน,#F57C00,0,0,0.0
4daad8d7-d4cf-4e82-b6bb-c917238d7f6d,2,นางสาวรวินดา วรกาญจนบุญ,45,ร้อยเอ็ด,5,a62aca08-91b7-4f3f-ba8f-cb9e884a3799,42,พรรคกล้าธรรม,#5D4037,0,0,0.0
4dc5487b-6bf2-4be6-b861-bb72f7000e73,2,นายจักษ์ พันธ์ชูเพชร,65,พิษณุโลก,1,013c219e-e197-416d-84ea-00ba9c35465e,37,พรรคภูมิใจไทย,#3949AB,0,0,0.0
513c4e37-04a3-4560-ab9b-85654803ac7c,2,นายอนันตชัย ชาครานุวัฒนพงศ์,76,เพชรบุรี,2,d7155f6d-736d-42c0-8bc0-00ee6e1970dc,27,พรรคประชาธิปัตย์,#0066B3,0,0,0.0
51c00f12-a6d0-4984-aca8-9b4ec448b01e,2,นางสาววงศ์อะเคื้อ บุญศล,47,สกลนคร,5,a62aca08-91b7-4f3f-ba8f-cb9e884a3799,42,พรรคกล้าธรรม,#5D4037,0,0,0.0
51dc5eab-5e57-4f8b-87ff-4f6b7d331515,2,นายปัณณวิชญ์ โหตระไวศยะ,33,ศรีสะเกษ,3,03347cbc-6089-474c-a3f6-484ae981c9a6,43,พรรคพลังประชารัฐ,#1565C0,0,0,0.0
51eb1abc-bacd-4ba3-ba8d-4ab596df05d4,2,นายซาตา อาแวกือจิ,94,ปัตตานี,3,d7155f6d-736d-42c0-8bc0-00ee6e1970dc,27,พรรคประชาธิปัตย์,#0066B3,0,0,0.0
52c6ba9c-0339-4b8e-8683-32f3094e39de,2,นายรวงทิพร แสนคำภูเขตต์,67,เพชรบูรณ์,2,1116011c-1ef3-4cca-a186-c1b9f7984ede,46,พรรคประชาชน,#F57C00,0,0,0.0
536a3ed2-b903-4817-9f53-aabc2960715d,2,นายวรชิต จันทร์แบบ,13,ปทุมธานี,2,1116011c-1ef3-4cca-a186-c1b9f7984ede,46,พรรคประชาชน,#F57C00,0,0,0.0
53b80ace-41cb-4e55-aa2b-3952938f7a89,2,นางสาวสุรีย์วรรณ สิงห์อยู่,70,ราชบุรี,4,2d8a1c84-0bc8-4377-965d-c020a0097c27,9,พรรคเพื่อไทย,#E4002B,0,0,0.0
54ae228d-e5ed-455c-8752-b262bba2991a,2,นายชิงชัย ก่อประภากิจ,63,ตาก,2,a62aca08-91b7-4f3f-ba8f-cb9e884a3799,42,พรรคกล้าธรรม,#5D4037,0,0,0.0
54bb36d1-6518-4874-adb6-1ee95c461650,2,นางสาวปภาสิริ ประทุมลี,49,มุกดาหาร,2,03347cbc-6089-474c-a3f6-484ae981c9a6,43,พรรคพลังประชารัฐ,#1565C0,0,0,0.0
574b73d3-fda6-433d-ac0f-f20d1be3f2d1,2,นางสาวณโมรี ฉกรรจ์ศิลป์,31,บุรีรัมย์,7,d7155f6d-736d-42c0-8bc0-00ee6e1970dc,27,พรรคประชาธิปัตย์,#0066B3,0,0,0.0
57741366-36df-4300-81d3-83dab4a5f29e,2,นายธนพัฒน์ ศรีชนะ,35,ยโสธร,3,013c219e-e197-416d-84ea-00ba9c35465e,37,พรรคภูมิใจไทย,#3949AB,0,0,0.0
59d3f22d-ff46-4448-8b5a-882cc3c6fe94,2,นายกรวีร์ ปริศนานันทกุล,15,อ่างทอง,2,013c219e-e197-416d-84ea-00ba9c35465e,37,พรรคภูมิใจไทย,#3949AB,0,0,0.0
59e40b32-c439-40d6-b24a-b9c576bd3eed,2,นายไววิก สวรรณา,30,นครราชสีมา,13,d7155f6d-736d-42c0-8bc0-00ee6e1970dc,27,พรรคประชาธิปัตย์,#0066B3,0,0,0.0
5b7c53a3-deb3-46be-9036-18ef7ccfdc0e,2,นายมะสกรี สาและ,96,นราธิวาส,5,013c219e-e197-416d-84ea-00ba9c35465e,37,พรรคภูมิใจไทย,#3949AB,0,0,0.0
5be30676-579e-4b6a-9487-38565b775e60,2,นายสฤษดิ์ บุตรเนียร,25,ปราจีนบุรี,3,013c219e-e197-416d-84ea-00ba9c35465e,37,พรรคภูมิใจไทย,#3949AB,0,0,0.0
5d37a8a5-c057-4e32-af5e-3d9b7f30b66e,2,นายนพพร ขาวขำ,13,ปทุมธานี,1,a62aca08-91b7-4f3f-ba8f-cb9e884a3799,42,พรรคกล้าธรรม,#5D4037,0,0,0.0
5d79ff45-731d-40bb-beac-e924887cb34a,2,นายอรรถสิทธิ์ มหิทธิ,19,สระบุรี,3,1116011c-1ef3-4cca-a186-c1b9f7984ede,46,พรรคประชาชน,#F57C00,0,0,0.0
5e5b49c6-f126-4b9e-976d-0b75cad25bd9,2,นายจักรกฤษณ์ ทองศรี,31,บุรีรัมย์,10,013c219e-e197-416d-84ea-00ba9c35465e,37,พรรคภูมิใจไทย,#3949AB,0,0,0.0
5f6c3a3c-a8f9-4e2f-b860-3b28587fcb25,2,นายสาการียา เลาะยะผา,95,ยะลา,2,2d8a1c84-0bc8-4377-965d-c020a0097c27,9,พรรคเพื่อไทย,#E4002B,0,0,0.0
606c0485-d752-4275-84cb-8bba1ffdcbb4,2,นายชยิน พึ่งสาย,10,กรุงเทพมหานคร,25,d7155f6d-736d-42c0-8bc0-00ee6e1970dc,27,พรรคประชาธิปัตย์,#0066B3,0,0,0.0
60cb36d0-4123-4885-8858-8294e5b85b66,2,นายกรกฤษณ์ วงศ์คุณหยก,10,กรุงเทพมหานคร,15,339fa187-133c-4766-a6c2-36d1b32cda8f,23,พรรคปวงชนไทย,#827717,0,0,0.0
6152b357-0c26-40e4-b4fa-ba5dd03b43fd,2,นายกิติพร เศรษฐภูมิภักดี,36,ชัยภูมิ,7,115da917-bf32-4e96-a2ae-b7818d0909ee,6,พรรครวมไทยสร้างชาติ,#FF6D00,0,0,0.0
62334e32-6ed3-40f4-97d6-63d0cac52aa7,2,นายธนภัทร ชองรัมย์,30,นครราชสีมา,3,013c219e-e197-416d-84ea-00ba9c35465e,37,พรรคภูมิใจไทย,#3949AB,0,0,0.0
6256999f-c812-4f1f-9fa2-b171ebeee103,2,นายนิติธร สมสิทธิ์,57,เชียงราย,1,013c219e-e197-416d-84ea-00ba9c35465e,37,พรรคภูมิใจไทย,#3949AB,0,0,0.0
6379df98-03d6-49a9-84b3-f84967e4430b,2,นายศรัณย์ ทิมสุวรรณ,42,เลย,2,2d8a1c84-0bc8-4377-965d-c020a0097c27,9,พรรคเพื่อไทย,#E4002B,0,0,0.0
63894cf6-3fc9-4e27-a22c-da309e88bc44,2,นายไตรฤกษ์ มือสันทัด,86,ชุมพร,3,2d8a1c84-0bc8-4377-965d-c020a0097c27,9,พรรคเพื่อไทย,#E4002B,0,2,0.0
63adf6d4-f883-461b-845c-9fe79c385203,2,นายอธิราช น้อยนาง,48,นครพนม,1,cb1b6cf2-41fa-49b1-a060-01acf13edc81,48,พรรคไทยสร้างไทย,#00ACC1,0,0,0.0
6402a2a2-2d32-4e02-bb23-ba0687068b3e,2,นายธีรวัฒน์ ลมุดกูล,31,บุรีรัมย์,9,d7155f6d-736d-42c0-8bc0-00ee6e1970dc,27,พรรคประชาธิปัตย์,#0066B3,0,0,0.0
646306fb-eb2b-47dd-809e-59d50df9bc00,2,นายปรีชา สุขเกษม,90,สงขลา,5,d7155f6d-736d-42c0-8bc0-00ee6e1970dc,27,พรรคประชาธิปัตย์,#0066B3,0,0,0.0
64ec02ca-c2e0-4c7f-8d7f-dd0bbcefdc9f,2,นายภัณฑิล น่วมเจิม,10,กรุงเทพมหานคร,4,1116011c-1ef3-4cca-a186-c1b9f7984ede,46,พรรคประชาชน,#F57C00,0,6,0.0
651295c5-576e-4d8c-9933-ae1f2f735964,2,นายเจเศรษฐ์ ไทยเศรษฐ์,61,อุทัยธานี,1,013c219e-e197-416d-84ea-00ba9c35465e,37,พรรคภูมิใจไทย,#3949AB,0,0,0.0
65f9c22c-63b1-45cd-a9fc-d6d3c0f5ffc5,2,นายสุวรรณ เกษมทะเล,30,นครราชสีมา,14,d7155f6d-736d-42c0-8bc0-00ee6e1970dc,27,พรรคประชาธิปัตย์,#0066B3,0,0,0.0
66275e2e-8bc3-4099-bfb9-51a4fb6285f7,2,นายวิสา บุญนัดดา,56,พะเยา,1,1116011c-1ef3-4cca-a186-c1b9f7984ede,46,พรรคประชาชน,#F57C00,0,0,0.0
66c8882d-c139-4660-8158-9e94e1ca9c2d,2,นายพรสิทธิ์ รักษาทรัพย์,33,ศรีสะเกษ,5,1116011c-1ef3-4cca-a186-c1b9f7984ede,46,พรรคประชาชน,#F57C00,0,0,0.0
66d91622-d0c0-447c-b1a5-3e0ee75b9b83,2,นายณัฐวุฒิ บุญมาติด,53,อุตรดิตถ์,2,a62aca08-91b7-4f3f-ba8f-cb9e884a3799,42,พรรคกล้าธรรม,#5D4037,0,0,0.0
679b933a-a4f0-490a-a09b-c888c0dd7a00,2,นายอันวาร์ อุเซ็ง,95,ยะลา,1,1116011c-1ef3-4cca-a186-c1b9f7984ede,46,พรรคประชาชน,#F57C00,0,0,0.0
67ac3565-f0a9-41c1-a218-10e7d69b8842,2,นายฐิติพงศ์ พันธุ์พาณิชย์,45,ร้อยเอ็ด,8,115da917-bf32-4e96-a2ae-b7818d0909ee,6,พรรครวมไทยสร้างชาติ,#FF6D00,0,0,0.0
67c96a18-5f5b-4cf2-a282-8f83369e458f,2,นายณัฐพล ช่อสกุล,11,สมุทรปราการ,7,a62aca08-91b7-4f3f-ba8f-cb9e884a3799,42,พรรคกล้าธรรม,#5D4037,0,0,0.0
68aadc72-0d4f-4374-91a3-8d1b49957e74,2,นายวันชนะ ชัยรุ่งเรือง,44,มหาสารคาม,4,1116011c-1ef3-4cca-a186-c1b9f7984ede,46,พรรคประชาชน,#F57C00,0,0,0.0
691aa6d9-0b72-4c12-83b3-d60bf399b793,2,นายสิริไพศาล แสงประจักษ์,55,น่าน,2,339fa187-133c-4766-a6c2-36d1b32cda8f,23,พรรคปวงชนไทย,#827717,0,0,0.0
6ae5937e-be0c-49d7-bec5-6396e35eaaf7,2,นายรุ่งเจริญ โชติมั่ง,62,กำแพงเพชร,4,3d55d7c9-f0bc-4803-b40e-090a7ea5d872,3,พรรคใหม่,#FF5722,0,0,0.0
6cddd325-b353-4a59-9b81-240e3b583a5e,2,นายนรเศรษฐ แก้วมาตร,41,อุดรธานี,7,a62aca08-91b7-4f3f-ba8f-cb9e884a3799,42,พรรคกล้าธรรม,#5D4037,0,0,0.0
6d05df7c-03c9-484c-b113-fcede3a2e0be,2,นายธวัชชัย อาบทอง,62,กำแพงเพชร,3,3d55d7c9-f0bc-4803-b40e-090a7ea5d872,3,พรรคใหม่,#FF5722,0,0,0.0
6ddb6461-184a-4b33-8a62-5b4f6ab579f1,2,นายกอเซ็ง มะเซ็ง,96,นราธิวาส,4,d7155f6d-736d-42c0-8bc0-00ee6e1970dc,27,พรรคประชาธิปัตย์,#0066B3,0,0,0.0
6ebc6e51-62b9-4013-83ec-3c312f795b48,2,นายถิรเดช ตั้งมั่นก่อกิจ,81,กระบี่,2,013c219e-e197-416d-84ea-00ba9c35465e,37,พรรคภูมิใจไทย,#3949AB,0,0,0.0
7048cd2a-d056-40cd-a7ae-35cb8c2c4702,2,นายธนกฤต จรรย์โกมล,36,ชัยภูมิ,5,013c219e-e197-416d-84ea-00ba9c35465e,37,พรรคภูมิใจไทย,#3949AB,0,0,0.0
706b58b6-d99f-43a3-88e5-8e36d57036bb,2,นายวิเชียร แดงม่วง,67,เพชรบูรณ์,4,a62aca08-91b7-4f3f-ba8f-cb9e884a3799,42,พรรคกล้าธรรม,#5D4037,0,0,0.0
71833fe4-c4d2-47e6-af9f-471d77c673d5,2,พันตำรวจเอกศตพัฒน์ พิมพ์คำ,27,สระแก้ว,3,1116011c-1ef3-4cca-a186-c1b9f7984ede,46,พรรคประชาชน,#F57C00,0,0,0.0
7189d980-00c9-4046-92af-3788e3497977,2,นายสุธรรม จริตงาม,80,นครศรีธรรมราช,5,013c219e-e197-416d-84ea-00ba9c35465e,37,พรรคภูมิใจไทย,#3949AB,0,0,0.0
71a22799-74b6-4215-bcd1-fa7555c47efc,2,นายวรวัจน์ เอื้ออภิญญกุล,54,แพร่,3,2d8a1c84-0bc8-4377-965d-c020a0097c27,9,พรรคเพื่อไทย,#E4002B,0,0,0.0
72859803-640d-4eca-9705-4e6515d14835,2,นางสาวสุณัฐชา โล่สถาพรพิพิธ,92,ตรัง,3,013c219e-e197-416d-84ea-00ba9c35465e,37,พรรคภูมิใจไทย,#3949AB,0,0,0.0
72ec6bc3-32ca-41c8-b3d3-bfd463565e4f,2,นายประดิษฐ์ แพรกทอง,20,ชลบุรี,7,f9cadd57-8256-49aa-9386-0da392b19fc2,29,พรรคไทยภักดี,#D32F2F,0,0,0.0
73d060f6-b4db-40e8-a8e8-d8b0071516cf,2,นายพิชญุตม์ พอจิต,53,อุตรดิตถ์,1,013c219e-e197-416d-84ea-00ba9c35465e,37,พรรคภูมิใจไทย,#3949AB,0,0,0.0
740cb17c-9e11-4a50-8b6c-1533a59a6836,2,นางสาวริญญภัสร์ สิริตุลยพงศ์,74,สมุทรสาคร,2,2d8a1c84-0bc8-4377-965d-c020a0097c27,9,พรรคเพื่อไทย,#E4002B,0,0,0.0
75f07bb1-798a-4228-9670-54f7ac29e418,2,นายชุมพล แสงวรรณ,71,กาญจนบุรี,3,1116011c-1ef3-4cca-a186-c1b9f7984ede,46,พรรคประชาชน,#F57C00,0,0,0.0
76e98f70-b256-4820-a990-fa6e83b25d81,2,นายทศภณ ศรีสุขช่วย,80,นครศรีธรรมราช,3,115da917-bf32-4e96-a2ae-b7818d0909ee,6,พรรครวมไทยสร้างชาติ,#FF6D00,0,0,0.0
775366ba-3e40-4f58-b0a5-e4cbb4ca1cb8,2,นายทศพล แก้วทิมา,70,ราชบุรี,5,d7155f6d-736d-42c0-8bc0-00ee6e1970dc,27,พรรคประชาธิปัตย์,#0066B3,0,0,0.0
7852613b-dbe0-4cea-b55a-3a8b4d2606c7,2,นายสุเทพ เข้มแข็งปรีชานนท์,73,นครปฐม,5,115da917-bf32-4e96-a2ae-b7818d0909ee,6,พรรครวมไทยสร้างชาติ,#FF6D00,0,0,0.0
78653114-fa86-4339-9b0a-634d5cd2eec0,2,นางประนอม อุทัยแสน,31,บุรีรัมย์,5,115da917-bf32-4e96-a2ae-b7818d0909ee,6,พรรครวมไทยสร้างชาติ,#FF6D00,0,0,0.0
7918319f-8cad-4918-8e9a-a4ec307dd7bf,2,นางพจนารถ แก้วผลึก,20,ชลบุรี,8,d7155f6d-736d-42c0-8bc0-00ee6e1970dc,27,พรรคประชาธิปัตย์,#0066B3,0,0,0.0
7932a9ba-5a90-4291-89d0-18dc3b7dee3f,2,นายวรพจน์ วิบูลย์วิริยะสกุล,31,บุรีรัมย์,4,1116011c-1ef3-4cca-a186-c1b9f7984ede,46,พรรคประชาชน,#F57C00,0,0,0.0
794b1881-44f6-4bcf-8cab-dc5f0baeca26,2,นายมูฮำหมัดสุกรี บุงา,95,ยะลา,3,a62aca08-91b7-4f3f-ba8f-cb9e884a3799,42,พรรคกล้าธรรม,#5D4037,0,0,0.0
7a2a5c4a-c5bd-441f-bd5d-62c582690b16,2,นายวิทธิลักษณ์ จันทร์ธนสมบัติ,31,บุรีรัมย์,2,1116011c-1ef3-4cca-a186-c1b9f7984ede,46,พรรคประชาชน,#F57C00,0,0,0.0
7a8d1726-14fa-4c80-96c5-b974b3a93b17,2,นางสาวฌาณิกา เมืองนอน,84,สุราษฎร์ธานี,5,e3ad415e-cb0c-4922-adb3-4624e857d801,21,พรรคไทรวมพลัง,#E65100,0,0,0.0
7b362a5d-01f1-4400-b1e2-ead6893edf2e,2,นางสาวศิรินันท์ ภูมิเหล่าแจ้ง,46,กาฬสินธุ์,3,2d8a1c84-0bc8-4377-965d-c020a0097c27,9,พรรคเพื่อไทย,#E4002B,0,0,0.0
7bb228b5-a948-45f7-b17f-2e92d5162932,2,นางสาวปิยะนุช ยินดีสุข,30,นครราชสีมา,7,2d8a1c84-0bc8-4377-965d-c020a0097c27,9,พรรคเพื่อไทย,#E4002B,0,0,0.0
7cb70a66-f595-4a5f-85cd-7d843af7c0fa,2,นายจาภัส พรมมา,72,สุพรรณบุรี,3,bd8d9f14-f757-41fb-8f37-d6128d9d012d,7,พรรคพลวัต,#EF6C00,0,0,0.0
7d927f2b-f5a1-4be1-adfc-d96ffe847d59,2,นายสุทัศน์ ยาละ,57,เชียงราย,7,1116011c-1ef3-4cca-a186-c1b9f7984ede,46,พรรคประชาชน,#F57C00,0,0,0.0
7d988890-8947-415e-a536-d6ae967020e5,2,นายวานิช ลูกเงาะ,27,สระแก้ว,1,a62aca08-91b7-4f3f-ba8f-cb9e884a3799,42,พรรคกล้าธรรม,#5D4037,0,0,0.0
7e3aec14-a144-44e7-8b4b-acefbccb159b,2,เรือเอกพัฒน์พงษ์ คงผลาญ,92,ตรัง,1,115da917-bf32-4e96-a2ae-b7818d0909ee,6,พรรครวมไทยสร้างชาติ,#FF6D00,0,0,0.0
7e539eb6-8d9e-4c41-ad0a-95feceab3da3,2,นายวิรัช ร่มเย็น,85,ระนอง,1,d7155f6d-736d-42c0-8bc0-00ee6e1970dc,27,พรรคประชาธิปัตย์,#0066B3,0,0,0.0
7e8abfb4-327d-4188-a1ba-a940de7f0635,2,นางสาวเพ็ญพิสุทธิ์ จินตโสภณ,10,กรุงเทพมหานคร,3,2d8a1c84-0bc8-4377-965d-c020a0097c27,9,พรรคเพื่อไทย,#E4002B,0,0,0.0
7f2f9859-f29a-474a-b678-ecd892673213,2,นางสาวสปัณธ์หยก วีรบุญย์กฤช,65,พิษณุโลก,3,0c044088-618b-49af-a291-fb28ffe9e0f8,11,พรรคเศรษฐกิจ,#FFA000,0,0,0.0
80e1538b-366a-43ed-8571-839916cc0011,2,นางสาวปิยะรัฐชย์ ติยะไพรัช,57,เชียงราย,2,2d8a1c84-0bc8-4377-965d-c020a0097c27,9,พรรคเพื่อไทย,#E4002B,0,0,0.0
837416ed-5ba9-4966-863f-7042835c9456,2,นายกิตติเดช วรรณบวร,92,ตรัง,2,965b4b93-c01e-4a2b-a987-577f2b99ebb4,49,พรรคไทยก้าวใหม่,#1E88E5,0,0,0.0
83985ff2-a1d3-4280-8fd7-493e1f4b9a69,2,นายอำไพ เฉลิมสุข,34,อุบลราชธานี,11,d7155f6d-736d-42c0-8bc0-00ee6e1970dc,27,พรรคประชาธิปัตย์,#0066B3,0,0,0.0
83d6a842-b8d3-4247-948e-339434ce79f6,2,นางสิริกัญญา เสาะแสวง,13,ปทุมธานี,7,03347cbc-6089-474c-a3f6-484ae981c9a6,43,พรรคพลังประชารัฐ,#1565C0,0,0,0.0
8414988d-ec04-4386-a389-bf3ad685e404,2,นายสุรชาติ ชาญประดิษฐ์,33,ศรีสะเกษ,2,2d8a1c84-0bc8-4377-965d-c020a0097c27,9,พรรคเพื่อไทย,#E4002B,0,0,0.0
84c3bd8d-2437-4417-aefe-6399e86940b2,2,นายสมควร จันทร์แดง,82,พังงา,2,a62aca08-91b7-4f3f-ba8f-cb9e884a3799,42,พรรคกล้าธรรม,#5D4037,0,0,0.0
873148ca-242b-45a8-9221-e4c9f8f9428e,2,นายธีรวัฒน์ บุญวรรณ,80,นครศรีธรรมราช,8,1116011c-1ef3-4cca-a186-c1b9f7984ede,46,พรรคประชาชน,#F57C00,0,0,0.0
8844cb93-46ec-4365-8913-decd6847e553,2,นางสาวสิวินีย์ ปากชำนิ,45,ร้อยเอ็ด,3,d7155f6d-736d-42c0-8bc0-00ee6e1970dc,27,พรรคประชาธิปัตย์,#0066B3,0,0,0.0
89475aac-a5ba-49c3-9057-8eacdcf1bb70,2,นายประเสริฐ เผ่าพันธ์,34,อุบลราชธานี,2,013c219e-e197-416d-84ea-00ba9c35465e,37,พรรคภูมิใจไทย,#3949AB,0,0,0.0
8b181ae0-2f69-466b-a027-e1fe1d4b7a04,2,นายสมพล ปิดกวงษ์,19,สระบุรี,1,a62aca08-91b7-4f3f-ba8f-cb9e884a3799,42,พรรคกล้าธรรม,#5D4037,0,0,0.0
8ba1936c-a18e-4055-a3d5-a08aed77ab6f,2,นายพิสิษฐ์ เนียมสุ่ม,60,นครสวรรค์,2,1116011c-1ef3-4cca-a186-c1b9f7984ede,46,พรรคประชาชน,#F57C00,0,0,0.0
8bd290da-c68e-41b9-803e-52c537556f13,2,นายชยพล โบราณมูล,44,มหาสารคาม,1,965b4b93-c01e-4a2b-a987-577f2b99ebb4,49,พรรคไทยก้าวใหม่,#1E88E5,0,0,0.0
8c27cc9a-5236-4e67-b776-466f58c924ef,2,จ่าเอกกฤษ ศรีสน,91,สตูล,2,1116011c-1ef3-4cca-a186-c1b9f7984ede,46,พรรคประชาชน,#F57C00,0,0,0.0
8c73bdee-359d-4961-8f15-d5a927f6d800,2,นายวันชัย บุษบา,42,เลย,4,2ee17641-917b-4ea0-8c19-da383e03e915,44,พรรคโอกาสใหม่,#26C6DA,0,0,0.0
8ccaf207-9198-4865-953a-7b9681000407,2,นายจำลอง ขำสา,12,นนทบุรี,8,2d8a1c84-0bc8-4377-965d-c020a0097c27,9,พรรคเพื่อไทย,#E4002B,0,0,0.0
8d13fbe6-3cd6-4320-8c13-61db1f77a3f7,2,นายวัชรพงษ์ ศิริรักษ์,21,ระยอง,5,1116011c-1ef3-4cca-a186-c1b9f7984ede,46,พรรคประชาชน,#F57C00,0,0,0.0
8d6da89d-02ed-43ab-83c4-09d3c4ba948f,2,นายทรงวุฒิ สารจันทึก,19,สระบุรี,2,115da917-bf32-4e96-a2ae-b7818d0909ee,6,พรรครวมไทยสร้างชาติ,#FF6D00,0,0,0.0
8d7ff492-6260-4779-bcc1-11ea2eb355f8,2,นายสยามรัฐ ศรีบัวเผื่อน,39,หนองบัวลำภู,2,d7155f6d-736d-42c0-8bc0-00ee6e1970dc,27,พรรคประชาธิปัตย์,#0066B3,0,0,0.0
8e8084bd-5cd8-4961-9722-3b99963ca034,2,นายพชรดนัย ใจเที่ยง,22,จันทบุรี,3,965b4b93-c01e-4a2b-a987-577f2b99ebb4,49,พรรคไทยก้าวใหม่,#1E88E5,0,0,0.0
8fcf7259-f03b-44f1-a2f8-9eb35e4f65cc,2,นางณัฐสุรางค์ กิตติภัทเมธา,50,เชียงใหม่,5,c126e4e4-be85-44e6-bf3e-f9331b9f91a9,24,พรรควิชชั่นใหม่,#7CB342,0,0,0.0
8ff8dc86-fba0-4546-a010-bcba21a8323e,2,นายศุภกร สวรรค์ภัณฑากร,40,ขอนแก่น,2,115da917-bf32-4e96-a2ae-b7818d0909ee,6,พรรครวมไทยสร้างชาติ,#FF6D00,0,6,0.0
920401c3-2222-47df-89de-7a2369e7c99a,2,นายพนิต นะวิโรจน์,10,กรุงเทพมหานคร,23,339fa187-133c-4766-a6c2-36d1b32cda8f,23,พรรคปวงชนไทย,#827717,0,0,0.0
927b0d47-783e-4cf5-9259-57ab3574d3a2,2,นายอินทร์ เพชรหิน,83,ภูเก็ต,2,0c044088-618b-49af-a291-fb28ffe9e0f8,11,พรรคเศรษฐกิจ,#FFA000,0,0,0.0
9311f20e-8620-4f64-bd12-b968fb14a7ef,2,นายจอห์น ศรีสุขา,30,นครราชสีมา,9,d7155f6d-736d-42c0-8bc0-00ee6e1970dc,27,พรรคประชาธิปัตย์,#0066B3,0,0,0.0
93f3096d-4fd3-440c-aa98-afef134f9b10,2,นายภูมิพิพัฒน์ ไชยทองศรี,46,กาฬสินธุ์,6,115da917-bf32-4e96-a2ae-b7818d0909ee,6,พรรครวมไทยสร้างชาติ,#FF6D00,0,0,0.0
94a4d228-2838-4e4d-aac0-f50892efd8d4,2,นางสาวปินดา ปุโรทกานนท์,76,เพชรบุรี,1,1116011c-1ef3-4cca-a186-c1b9f7984ede,46,พรรคประชาชน,#F57C00,0,0,0.0
9518efb5-0a2c-4b76-ba39-235a45dc3c69,2,ว่าที่ร้อยโทยุทธการ รัตนมาศ,80,นครศรีธรรมราช,4,a62aca08-91b7-4f3f-ba8f-cb9e884a3799,42,พรรคกล้าธรรม,#5D4037,0,0,0.0
95c8e8d0-9031-4dda-b510-4159c1f2f802,2,นายจารึก ศรีอ่อน,22,จันทบุรี,2,2d8a1c84-0bc8-4377-965d-c020a0097c27,9,พรรคเพื่อไทย,#E4002B,0,0,0.0
9707a8a6-76e9-4e44-8d54-0289291bcee2,2,นายนันทวิชช์ วรรณเสน,40,ขอนแก่น,4,a54ae018-5399-423a-8a14-4d5c849a79a0,45,พรรคเป็นธรรม,#4527A0,0,0,0.0
985b7b99-05a7-4788-8c07-2cabd5101181,2,นายณัฏฐชัย วงค์ชัยรุ่งเรือง,51,ลำพูน,1,965b4b93-c01e-4a2b-a987-577f2b99ebb4,49,พรรคไทยก้าวใหม่,#1E88E5,0,0,0.0
9a09b2a6-6478-4dbc-9126-879066aadca7,2,นางอภัสนันท์ ภัคนราธนเศรษฐ์,11,สมุทรปราการ,3,013c219e-e197-416d-84ea-00ba9c35465e,37,พรรคภูมิใจไทย,#3949AB,0,0,0.0
9a703d67-c292-405e-99e3-761dd9505246,2,นางสาวณัชชารีย์ จิตรดล,21,ระยอง,3,013c219e-e197-416d-84ea-00ba9c35465e,37,พรรคภูมิใจไทย,#3949AB,0,0,0.0
9aa47876-8cb8-4b85-a200-f4510565ef9f,2,นายสวัสดิ์ชัย แจ่มจำรัส,20,ชลบุรี,2,f9cadd57-8256-49aa-9386-0da392b19fc2,29,พรรคไทยภักดี,#D32F2F,0,0,0.0
9ac553b0-cf1d-4e13-a408-179b86669a59,2,นายพลวัตร บรรดาศักดิ์,12,นนทบุรี,5,03347cbc-6089-474c-a3f6-484ae981c9a6,43,พรรคพลังประชารัฐ,#1565C0,0,0,0.0
9c5268f5-4c00-4dc0-b584-b27495ea0725,2,นายวรวุธ ลีลานภาศักดิ์,10,กรุงเทพมหานคร,21,2ee17641-917b-4ea0-8c19-da383e03e915,44,พรรคโอกาสใหม่,#26C6DA,0,0,0.0
9c6fe38c-9641-499f-b5a6-ee369db9f212,2,นายประสาท ตันประเสริฐ,60,นครสวรรค์,6,013c219e-e197-416d-84ea-00ba9c35465e,37,พรรคภูมิใจไทย,#3949AB,0,0,0.0
9d4b4ba2-a9ac-40ee-8c72-6592c77c9afd,2,นายกำพล สังขวดี,11,สมุทรปราการ,2,965b4b93-c01e-4a2b-a987-577f2b99ebb4,49,พรรคไทยก้าวใหม่,#1E88E5,0,0,0.0
9dc01176-cada-4c8a-9a7c-8dd0470159bd,2,นางศิริกุล อนุตรพงศ์,63,ตาก,1,115da917-bf32-4e96-a2ae-b7818d0909ee,6,พรรครวมไทยสร้างชาติ,#FF6D00,0,0,0.0
9e9e7c85-2eb8-4936-b27b-f3c9e0245819,2,นายศักดิ์ดา จันทรสุวรรณ,43,หนองคาย,3,013c219e-e197-416d-84ea-00ba9c35465e,37,พรรคภูมิใจไทย,#3949AB,0,0,0.0
9f5504dc-dc04-4939-b9ab-e195cc05ae23,2,นายธนู ว่องไวตระกูล,35,ยโสธร,2,c20d9515-8b33-46de-b650-824c571725a1,14,พรรคท้องที่ไทย,#795548,0,0,0.0
a0a62ef8-2549-4dba-999f-9c42b9cb0e8e,2,นายชาญกิจ จำรัสศรี,64,สุโขทัย,1,d7155f6d-736d-42c0-8bc0-00ee6e1970dc,27,พรรคประชาธิปัตย์,#0066B3,0,0,0.0
a0f8b3a1-448f-465e-bb22-13b6392bbf41,2,นายไผ่ ลิกค์,62,กำแพงเพชร,1,a62aca08-91b7-4f3f-ba8f-cb9e884a3799,42,พรรคกล้าธรรม,#5D4037,0,0,0.0
a16de79b-d6ca-42c4-8bc5-b0eaa89abd4e,2,นายกิตติ เพ็ญภาคกุล,12,นนทบุรี,2,bd8d9f14-f757-41fb-8f37-d6128d9d012d,7,พรรคพลวัต,#EF6C00,0,0,0.0
a290e079-347d-4856-8658-9d655c1c56a5,2,นางสาวสุดารัตน์ วรรณพัฒน์,45,ร้อยเอ็ด,1,d7155f6d-736d-42c0-8bc0-00ee6e1970dc,27,พรรคประชาธิปัตย์,#0066B3,0,0,0.0
a2a93bc3-7742-4842-a9e5-1527d8c4c69c,2,นางภูวษา สินธุวงศ์,54,แพร่,1,2d8a1c84-0bc8-4377-965d-c020a0097c27,9,พรรคเพื่อไทย,#E4002B,0,0,0.0
a2e5256e-22d9-42b0-ac04-6e004f765cfc,2,นายสมุทร ธรรมมงคล,20,ชลบุรี,5,b6a2dc38-6f7d-4865-a6e0-a1b60a2edf32,30,พรรคแรงงานสร้างชาติ,#1976D2,0,0,0.0
a2f1a18c-4fa0-42e1-853f-d66283ea7b8a,2,พันตำรวจเอกสิทธิพร พุ่มพะเนิน,86,ชุมพร,1,2d8a1c84-0bc8-4377-965d-c020a0097c27,9,พรรคเพื่อไทย,#E4002B,0,7,0.0
a31cb8fe-a960-4a90-9af7-e1184ec0135e,2,นายภพ สมศรีโหน่ง,41,อุดรธานี,8,03347cbc-6089-474c-a3f6-484ae981c9a6,43,พรรคพลังประชารัฐ,#1565C0,0,0,0.0
a3265d41-d29a-43ed-8cc5-32b44a2d6ea3,2,นายธวัชชัย อภิวงค์,57,เชียงราย,6,115da917-bf32-4e96-a2ae-b7818d0909ee,6,พรรครวมไทยสร้างชาติ,#FF6D00,0,0,0.0
a4949b7d-ebf6-4b95-912e-07d122627004,2,นายโกเมนทร์ ทีฆธนานนท์,41,อุดรธานี,1,2d8a1c84-0bc8-4377-965d-c020a0097c27,9,พรรคเพื่อไทย,#E4002B,0,0,0.0
a6b86068-9577-4f12-be82-7b6d77d128c4,2,นางสาวธัญญารัตน์ รัตนชินกร,30,นครราชสีมา,2,013c219e-e197-416d-84ea-00ba9c35465e,37,พรรคภูมิใจไทย,#3949AB,0,0,0.0
a75444db-cdce-4d2a-89a1-0a364e6c978c,2,นายนพพล ภู่แย้ม,70,ราชบุรี,1,2d8a1c84-0bc8-4377-965d-c020a0097c27,9,พรรคเพื่อไทย,#E4002B,0,0,0.0
a7bd561d-7013-45b1-b623-e0793e81c3a1,2,นายมานะ ชนะสิทธิ์,22,จันทบุรี,1,a62aca08-91b7-4f3f-ba8f-cb9e884a3799,42,พรรคกล้าธรรม,#5D4037,0,0,0.0
a81bd9ad-c8a6-438b-9c4e-eb2b7da10f1f,2,นายทรงธรรม ขจรชัยธนัง,60,นครสวรรค์,5,a62aca08-91b7-4f3f-ba8f-cb9e884a3799,42,พรรคกล้าธรรม,#5D4037,0,0,0.0
a828b86d-3899-4916-879b-8db5c25552a4,2,พันตำรวจโทยุทธพงศ์ ตัณฑิกุล,27,สระแก้ว,2,2d8a1c84-0bc8-4377-965d-c020a0097c27,9,พรรคเพื่อไทย,#E4002B,0,0,0.0
a867cf04-e7c4-46ea-a89f-54fa116b5a81,2,ว่าที่พันตรีสุดใจ จันทะบุรม,40,ขอนแก่น,1,0c044088-618b-49af-a291-fb28ffe9e0f8,11,พรรคเศรษฐกิจ,#FFA000,0,0,0.0
a8988b6d-72d7-48fb-8379-c443488df17d,2,นายภูมินทร์ ลีธีระประเสริฐ,33,ศรีสะเกษ,4,a62aca08-91b7-4f3f-ba8f-cb9e884a3799,42,พรรคกล้าธรรม,#5D4037,0,0,0.0
a957d1c4-8896-4c9c-b3a9-12dfb1010115,2,นางสาวจิรนาถ เหลาะเหม,90,สงขลา,6,2d8a1c84-0bc8-4377-965d-c020a0097c27,9,พรรคเพื่อไทย,#E4002B,0,0,0.0
a9e18273-324e-4a2b-b0e2-612d45820c0b,2,นายสำราญ ตลับเพ็ชร์,26,นครนายก,2,1116011c-1ef3-4cca-a186-c1b9f7984ede,46,พรรคประชาชน,#F57C00,0,0,0.0
aa31e595-634a-47c2-bfd1-2e42d5e8338e,2,นายปกรณ์ จีนาคำ,58,แม่ฮ่องสอน,1,a62aca08-91b7-4f3f-ba8f-cb9e884a3799,42,พรรคกล้าธรรม,#5D4037,0,0,0.0
aa3562fc-12ae-458e-b264-421cb87032d3,2,นายนาถวัฒน์ ทองทรัพย์,80,นครศรีธรรมราช,9,1116011c-1ef3-4cca-a186-c1b9f7984ede,46,พรรคประชาชน,#F57C00,0,0,0.0
aac7be21-0064-491a-811a-de65fd522657,2,นายสุประดิษฐ์ แสนทวีสุข,31,บุรีรัมย์,3,115da917-bf32-4e96-a2ae-b7818d0909ee,6,พรรครวมไทยสร้างชาติ,#FF6D00,0,0,0.0
ac0d54c2-d2c1-4eb2-8d5f-7e803db4332b,2,นางเพียงพิศ เดชมาลา,44,มหาสารคาม,6,1116011c-1ef3-4cca-a186-c1b9f7984ede,46,พรรคประชาชน,#F57C00,0,0,0.0
acc9583b-01f8-43e0-afa6-a80b9775bc86,2,นายชาดา ไทยเศรษฐ์,61,อุทัยธานี,2,013c219e-e197-416d-84ea-00ba9c35465e,37,พรรคภูมิใจไทย,#3949AB,0,0,0.0
ad8df4b6-4ba6-4122-9108-c9fc2960866d,2,นายวันเฉลิม แสงสว่าง,17,สิงห์บุรี,1,d7155f6d-736d-42c0-8bc0-00ee6e1970dc,27,พรรคประชาธิปัตย์,#0066B3,0,0,0.0
add7f904-0fca-49aa-91e1-95e587d83fba,2,นายศุภกิตติ์ คำดี,67,เพชรบูรณ์,6,d7155f6d-736d-42c0-8bc0-00ee6e1970dc,27,พรรคประชาธิปัตย์,#0066B3,0,0,0.0
ae00743b-8424-4721-91e6-29b36b5ada7b,2,ว่าที่ร้อยตรีสมสรรค์ อธิเวสส์,20,ชลบุรี,1,115da917-bf32-4e96-a2ae-b7818d0909ee,6,พรรครวมไทยสร้างชาติ,#FF6D00,0,0,0.0
af70f0bb-eeb4-43c3-85d6-0205595eda95,2,นายมะอำรัม อีดูงอ,94,ปัตตานี,5,2d8a1c84-0bc8-4377-965d-c020a0097c27,9,พรรคเพื่อไทย,#E4002B,0,0,0.0
afee192e-36a7-4470-abff-61b45f9ed8d5,2,พลตำรวจโทพัฒนวุธ อังคะนาวิน,90,สงขลา,2,0c044088-618b-49af-a291-fb28ffe9e0f8,11,พรรคเศรษฐกิจ,#FFA000,0,0,0.0
b3c322dc-f09c-45c9-86c0-b83774111a30,2,นายนันทภพ ทองนุ่น,31,บุรีรัมย์,6,1116011c-1ef3-4cca-a186-c1b9f7984ede,46,พรรคประชาชน,#F57C00,0,0,0.0
b3e3a1b6-ae9c-45fe-beca-29888dacdb18,2,นายพิทักษ์ สุระพร,38,บึงกาฬ,3,339fa187-133c-4766-a6c2-36d1b32cda8f,23,พรรคปวงชนไทย,#827717,0,0,0.0
b44826d1-328a-43b3-bf1f-c2d4952519c0,2,นายพงษ์นิรันดร์ อุทัยกาญจนกุล,40,ขอนแก่น,6,115da917-bf32-4e96-a2ae-b7818d0909ee,6,พรรครวมไทยสร้างชาติ,#FF6D00,0,0,0.0
b4af8ba7-675e-4610-9c20-a0dc969eeadb,2,นางคะนางค์ รักโนนสูง,40,ขอนแก่น,5,1116011c-1ef3-4cca-a186-c1b9f7984ede,46,พรรคประชาชน,#F57C00,0,0,0.0
b4e95a05-2dd2-4bc9-9b2e-904250d99081,2,นายธนพล ชื่นพาณิชยกุล,10,กรุงเทพมหานคร,31,013c219e-e197-416d-84ea-00ba9c35465e,37,พรรคภูมิใจไทย,#3949AB,0,0,0.0
b5640358-7d7e-4c22-b7ac-9361a72f130e,2,นางสาวพิรุณวัลย์ บ้านพลูหลวง,72,สุพรรณบุรี,1,d7155f6d-736d-42c0-8bc0-00ee6e1970dc,27,พรรคประชาธิปัตย์,#0066B3,0,0,0.0
b65b35f0-eab9-4e02-83af-94759fa1acd7,2,นายยงยุทธ์ ยาวิชัย,50,เชียงใหม่,9,2d8a1c84-0bc8-4377-965d-c020a0097c27,9,พรรคเพื่อไทย,#E4002B,0,0,0.0
b6bbd980-7368-4608-8815-e276faa56347,2,นายบุญชัย กิตติธาราทรัพย์,67,เพชรบูรณ์,3,013c219e-e197-416d-84ea-00ba9c35465e,37,พรรคภูมิใจไทย,#3949AB,0,0,0.0
b710705b-61de-426a-973d-a1b74f14d849,2,นายศิววุฒิ ศรีอินทร์จันทร์,11,สมุทรปราการ,6,a62aca08-91b7-4f3f-ba8f-cb9e884a3799,42,พรรคกล้าธรรม,#5D4037,0,0,0.0
b79c9121-e845-4d35-b294-cf47dd0714f3,2,นางอัชฌิมา แสงสุวรรณ,42,เลย,3,2d8a1c84-0bc8-4377-965d-c020a0097c27,9,พรรคเพื่อไทย,#E4002B,0,0,0.0
b7bcf39f-a119-47c2-a26f-6a79faec4622,2,นายอับดุลกอฮาร์ อาแวปูเตะ,94,ปัตตานี,4,7f4755ca-ea3a-4023-869d-9cabba328db0,33,พรรคประชาชาติ,#2E7D32,0,0,0.0
b9a28b6e-aa8e-4cee-aeea-42f8432ab22e,2,นายกิตติ กิตติธรกุล,81,กระบี่,1,013c219e-e197-416d-84ea-00ba9c35465e,37,พรรคภูมิใจไทย,#3949AB,0,0,0.0
ba07db5d-b625-4c2d-9ae1-1b841d692cd0,2,นายวุฒิพงษ์ มีบุญ,48,นครพนม,4,1116011c-1ef3-4cca-a186-c1b9f7984ede,46,พรรคประชาชน,#F57C00,0,0,0.0
bbfd96aa-7daa-4f06-9894-20737f6dcfbf,2,นายดำเกิง โถทอง,32,สุรินทร์,1,d7155f6d-736d-42c0-8bc0-00ee6e1970dc,27,พรรคประชาธิปัตย์,#0066B3,0,0,0.0
bcb83cbb-3e1e-4f6e-b972-e8cb4b5f7b06,2,นางสาวสุทธิกานต์ สิทธิ์ประภากูล,45,ร้อยเอ็ด,4,2ee17641-917b-4ea0-8c19-da383e03e915,44,พรรคโอกาสใหม่,#26C6DA,0,0,0.0
be3f21f7-7f17-4241-bd69-47a5566b7fbd,2,นางแพรวนภัศร์ ทองสุวรรณ์,24,ฉะเชิงเทรา,4,1116011c-1ef3-4cca-a186-c1b9f7984ede,46,พรรคประชาชน,#F57C00,0,0,0.0
c0a5c2ce-bf38-4e28-8a7a-0d9b76d9d3a1,2,นายกิตติกร เชิดชู,34,อุบลราชธานี,6,e3ad415e-cb0c-4922-adb3-4624e857d801,21,พรรคไทรวมพลัง,#E65100,0,0,0.0
c0fdd459-3395-4d1e-ad5a-6dfc68e5721f,2,นายไกรรินทร์ ทั่งทอง,66,พิจิตร,1,1116011c-1ef3-4cca-a186-c1b9f7984ede,46,พรรคประชาชน,#F57C00,0,0,0.0
c13283fe-a39a-4a6d-9a76-2ad08b6476b2,2,นายนพดล บัวนา,84,สุราษฎร์ธานี,4,e3ad415e-cb0c-4922-adb3-4624e857d801,21,พรรคไทรวมพลัง,#E65100,0,0,0.0
c21f8ccc-fa52-4d1a-a56e-44e3c90df714,2,ว่าที่ร้อยตรีหญิงอรพรรณ จันตาเรือง,50,เชียงใหม่,6,1116011c-1ef3-4cca-a186-c1b9f7984ede,46,พรรคประชาชน,#F57C00,0,0,0.0
c2e45474-a01e-47ed-b834-0b3a3112b425,2,นายจักรวาล ชัยวิรัตน์นุกูล,64,สุโขทัย,4,2d8a1c84-0bc8-4377-965d-c020a0097c27,9,พรรคเพื่อไทย,#E4002B,0,0,0.0
c40146a2-e0ec-4c98-b1c2-6794f37a1d17,2,นายชนกานต์ ศรีเอียด,25,ปราจีนบุรี,1,1116011c-1ef3-4cca-a186-c1b9f7984ede,46,พรรคประชาชน,#F57C00,0,0,0.0
c43e5443-1b74-488f-b525-2f688e39dd68,2,นายภิญโญ สุนทรวิภาต,72,สุพรรณบุรี,4,1116011c-1ef3-4cca-a186-c1b9f7984ede,46,พรรคประชาชน,#F57C00,0,0,0.0
c4d3ed42-eba3-442a-948b-c7aa62842c65,2,นายธนะสิทธิ์ เมธพันธ์เมือง,10,กรุงเทพมหานคร,20,013c219e-e197-416d-84ea-00ba9c35465e,37,พรรคภูมิใจไทย,#3949AB,0,0,0.0
c57b56f0-5237-4def-8a96-91252aa23de7,2,นายกฤตภาส พรหมมากรณ์,84,สุราษฎร์ธานี,1,2d8a1c84-0bc8-4377-965d-c020a0097c27,9,พรรคเพื่อไทย,#E4002B,0,0,0.0
c5a7573b-4c95-4f21-8198-49f03fb6ec1d,2,นายสมบัติ ศรีสุรินทร์,32,สุรินทร์,6,2d8a1c84-0bc8-4377-965d-c020a0097c27,9,พรรคเพื่อไทย,#E4002B,0,0,0.0
c5c32fc8-b902-49e5-acf7-30ec22d0b08a,2,นายชูเกียรติ จีนาภักดิ์,71,กาญจนบุรี,2,013c219e-e197-416d-84ea-00ba9c35465e,37,พรรคภูมิใจไทย,#3949AB,0,0,0.0
c5fbcbcd-8093-4a63-8533-c3b8a8eae216,2,นายปรีชา แดงหลี,90,สงขลา,8,7f4755ca-ea3a-4023-869d-9cabba328db0,33,พรรคประชาชาติ,#2E7D32,0,0,0.0
c6145e40-18d6-44e8-896f-1786a6098c65,2,นางสาวนภัสศรัณย์ ชัชวาลานนท์,72,สุพรรณบุรี,2,bd8d9f14-f757-41fb-8f37-d6128d9d012d,7,พรรคพลวัต,#EF6C00,0,0,0.0
c6f79f7e-d2c7-451e-ad0e-e0614d2e4c8a,2,นายวีระ ถนอมธรรม,36,ชัยภูมิ,3,115da917-bf32-4e96-a2ae-b7818d0909ee,6,พรรครวมไทยสร้างชาติ,#FF6D00,0,0,0.0
c7c6f184-0243-4d72-91de-74cdb51612be,2,นายณัฐพล สาดอาหลี,91,สตูล,1,2d8a1c84-0bc8-4377-965d-c020a0097c27,9,พรรคเพื่อไทย,#E4002B,0,0,0.0
c81d0159-0704-41d5-a820-2435c1ce6ff4,2,นางสดใส โอมหานนท์,10,กรุงเทพมหานคร,26,339fa187-133c-4766-a6c2-36d1b32cda8f,23,พรรคปวงชนไทย,#827717,0,0,0.0
c8b0bb0f-77cd-487c-bd00-f48bb8bf6de9,2,นายสมลักษณ์ ควรสงวน,11,สมุทรปราการ,1,03347cbc-6089-474c-a3f6-484ae981c9a6,43,พรรคพลังประชารัฐ,#1565C0,0,0,0.0
c8c80587-1c03-429c-a584-2ba83dd75c88,2,นายธีวฤทธิ์ ธนากรรฐ์,80,นครศรีธรรมราช,7,115da917-bf32-4e96-a2ae-b7818d0909ee,6,พรรครวมไทยสร้างชาติ,#FF6D00,0,0,0.0
c9a536e0-0cc9-4a74-b487-260597853b70,2,นายสุวิทย์ สุดพุด,47,สกลนคร,4,d7155f6d-736d-42c0-8bc0-00ee6e1970dc,27,พรรคประชาธิปัตย์,#0066B3,0,0,0.0
c9ab3fd6-56af-485f-80e5-389b3d19d417,2,นายชนสิษฎ์ ยอดฉิม,11,สมุทรปราการ,4,1116011c-1ef3-4cca-a186-c1b9f7984ede,46,พรรคประชาชน,#F57C00,0,0,0.0
ca8ede92-953b-43ad-ab56-1fe742fb0bfc,2,นายเอกรัฐ พลซื่อ,45,ร้อยเอ็ด,2,a62aca08-91b7-4f3f-ba8f-cb9e884a3799,42,พรรคกล้าธรรม,#5D4037,0,0,0.0
cace25fc-116b-4210-be3a-723373bcaaa0,2,นายกิตติ สมทรัพย์,45,ร้อยเอ็ด,6,013c219e-e197-416d-84ea-00ba9c35465e,37,พรรคภูมิใจไทย,#3949AB,0,0,0.0
caef7179-df22-47b6-905a-5b501637724a,2,นายศรราม ภูมิไชย,12,นนทบุรี,1,03347cbc-6089-474c-a3f6-484ae981c9a6,43,พรรคพลังประชารัฐ,#1565C0,0,10,0.0
cb498677-a106-4fba-917c-b205e80ad53c,2,นางสาวดาราวรรณ อัจฉริยะประสิทธิ์,12,นนทบุรี,3,2d8a1c84-0bc8-4377-965d-c020a0097c27,9,พรรคเพื่อไทย,#E4002B,0,0,0.0
cbcf10b7-9636-472b-9560-192e6a86b8cb,2,นางสาววิจิตรา สัตยากูล,34,อุบลราชธานี,9,013c219e-e197-416d-84ea-00ba9c35465e,37,พรรคภูมิใจไทย,#3949AB,0,0,0.0
cc268cff-9268-420f-b12e-dda66cb581b2,2,นายวรวิทย์ พงษ์ประเทศ,10,กรุงเทพมหานคร,19,cb1b6cf2-41fa-49b1-a060-01acf13edc81,48,พรรคไทยสร้างไทย,#00ACC1,0,11,0.0
cd7b2e2d-0ca0-4492-9461-bf5e8192bbaf,2,พันโทวีระ กองสิงห์,42,เลย,1,03347cbc-6089-474c-a3f6-484ae981c9a6,43,พรรคพลังประชารัฐ,#1565C0,0,0,0.0
cda16605-cd96-42ed-947e-5c3ff084401c,2,นายกาญจน์ ตั้งปอง,92,ตรัง,4,d7155f6d-736d-42c0-8bc0-00ee6e1970dc,27,พรรคประชาธิปัตย์,#0066B3,0,0,0.0
cf7bd653-8a24-4769-9ae7-2faf389fc423,2,นายธนเดช หินวิเศษ,67,เพชรบูรณ์,1,d7155f6d-736d-42c0-8bc0-00ee6e1970dc,27,พรรคประชาธิปัตย์,#0066B3,0,0,0.0
cfb05387-cb50-4419-8838-a0ea94207463,2,นางสาวลีลาวัลย์ นุ้ยบุตร,84,สุราษฎร์ธานี,2,2d8a1c84-0bc8-4377-965d-c020a0097c27,9,พรรคเพื่อไทย,#E4002B,0,0,0.0
d06a643e-5325-44ea-835c-1a080e71fc07,2,นายธโนดม โสขุมา,15,อ่างทอง,1,1116011c-1ef3-4cca-a186-c1b9f7984ede,46,พรรคประชาชน,#F57C00,0,0,0.0
d078d98b-4c72-4fd0-9277-8356fec8f6ea,2,นางสาวฐิติฉัตร รูปสว่างกุลพงศ์,14,พระนครศรีอยุธยา,5,115da917-bf32-4e96-a2ae-b7818d0909ee,6,พรรครวมไทยสร้างชาติ,#FF6D00,0,0,0.0
d1eefc0f-77ef-4841-b1b7-9221559e227d,2,นายทนายอาร์ม สุวรรณรักษา,90,สงขลา,3,d7155f6d-736d-42c0-8bc0-00ee6e1970dc,27,พรรคประชาธิปัตย์,#0066B3,0,0,0.0
d26e143a-d176-48b0-84ca-8a0a7064a418,2,นายแทนยุทธพงษ์ วงษ์วัชรวานิช,36,ชัยภูมิ,6,1116011c-1ef3-4cca-a186-c1b9f7984ede,46,พรรคประชาชน,#F57C00,0,0,0.0
d31adef7-c3a0-4593-807d-f3c99825d8bf,2,นายณัฐนันท์ กัลยาศิริ,10,กรุงเทพมหานคร,16,013c219e-e197-416d-84ea-00ba9c35465e,37,พรรคภูมิใจไทย,#3949AB,0,0,0.0
d399c9f7-92b2-4c46-8c30-e786d7a30a9b,2,นางสาวอภิญญา บุญจันทร์,43,หนองคาย,1,1116011c-1ef3-4cca-a186-c1b9f7984ede,46,พรรคประชาชน,#F57C00,0,0,0.0
d4dfb5cd-9918-4941-989b-b8e2151c5f7e,2,นางสาวเพ็ญศิริรักษ์ ปลื้มสุข,14,พระนครศรีอยุธยา,4,1116011c-1ef3-4cca-a186-c1b9f7984ede,46,พรรคประชาชน,#F57C00,0,0,0.0
d5103781-935d-4a47-be9c-a161d7db426a,2,นายทองไท สิทธินาม,32,สุรินทร์,4,b6a2dc38-6f7d-4865-a6e0-a1b60a2edf32,30,พรรคแรงงานสร้างชาติ,#1976D2,0,0,0.0
d58bfbb6-23ff-40ac-b1c5-e27137acc7a4,2,นางสาวจิรายุ ดวงแก้ว,53,อุตรดิตถ์,3,1116011c-1ef3-4cca-a186-c1b9f7984ede,46,พรรคประชาชน,#F57C00,0,0,0.0
d7260cef-3f85-4922-ab7c-63dec01ba810,2,นายอำพล ขำวิลัย,10,กรุงเทพมหานคร,30,013c219e-e197-416d-84ea-00ba9c35465e,37,พรรคภูมิใจไทย,#3949AB,0,0,0.0
d78a7e5d-a8a5-43e1-b2fd-a625c3d97bcf,2,นายกรวีร์ สาราคำ,41,อุดรธานี,5,2d8a1c84-0bc8-4377-965d-c020a0097c27,9,พรรคเพื่อไทย,#E4002B,0,0,0.0
d79c855e-cfff-46ae-8dcf-6d99a2a8ee26,2,พลตำรวจตรีปิยะพันธ์ ภัทรพงศ์สินธุ์,50,เชียงใหม่,2,d7155f6d-736d-42c0-8bc0-00ee6e1970dc,27,พรรคประชาธิปัตย์,#0066B3,0,0,0.0
d85b8326-5eec-4695-94a7-20e02c6969ec,2,นางสาวเสาวณีย์ คงวุฒิปัญญา,10,กรุงเทพมหานคร,32,2d8a1c84-0bc8-4377-965d-c020a0097c27,9,พรรคเพื่อไทย,#E4002B,0,0,0.0
d98390f3-e8f4-42e6-9e7f-035e053e19ee,2,นายอามินทร์ มะยูโซ๊ะ,96,นราธิวาส,2,a62aca08-91b7-4f3f-ba8f-cb9e884a3799,42,พรรคกล้าธรรม,#5D4037,0,0,0.0
d9cb218d-f86e-4684-b2e6-3c1aaffdaee9,2,นายสมศักดิ์ บุญประชม,34,อุบลราชธานี,10,e3ad415e-cb0c-4922-adb3-4624e857d801,21,พรรคไทรวมพลัง,#E65100,0,0,0.0
d9dbe6b0-7aed-4554-86df-94d8543cf8e5,2,นายมารุต ศรีผึ้ง,60,นครสวรรค์,4,013c219e-e197-416d-84ea-00ba9c35465e,37,พรรคภูมิใจไทย,#3949AB,0,0,0.0
da46e37a-8852-4641-83b6-d33c4a450825,2,นางสาวณัฐธิดา เมืองช้าง,18,ชัยนาท,1,013c219e-e197-416d-84ea-00ba9c35465e,37,พรรคภูมิใจไทย,#3949AB,0,0,0.0
daf97d7d-1acf-4ea1-80b3-1d6f701c8629,2,นายชูพงศ์ คำจวง,47,สกลนคร,3,2ee17641-917b-4ea0-8c19-da383e03e915,44,พรรคโอกาสใหม่,#26C6DA,0,0,0.0
db2f5f26-e930-41e7-a62e-fbc72a27c28b,2,นางสาวปรานอม หลิมประเสริฐ,65,พิษณุโลก,2,013c219e-e197-416d-84ea-00ba9c35465e,37,พรรคภูมิใจไทย,#3949AB,0,0,0.0
db5020a0-5869-4553-9c70-3237dbaeb185,2,นายบัญญัติ ทุมมี,30,นครราชสีมา,1,2ee17641-917b-4ea0-8c19-da383e03e915,44,พรรคโอกาสใหม่,#26C6DA,0,0,0.0
db807fc8-e209-48de-95fc-1dc74b28a6fd,2,นายศักดิ์สิทธิ์ ขาวทอง,90,สงขลา,9,d7155f6d-736d-42c0-8bc0-00ee6e1970dc,27,พรรคประชาธิปัตย์,#0066B3,0,0,0.0
dbe2afa1-daf0-4ce1-8269-f09ccf5c8c35,2,นายหัสวรรษ เผือกบางนา,11,สมุทรปราการ,8,339fa187-133c-4766-a6c2-36d1b32cda8f,23,พรรคปวงชนไทย,#827717,0,0,0.0
dcbe2d38-28b4-4c0d-909f-2be69c9dd0b1,2,นายสุนัย คงแก้ว,93,พัทลุง,3,d7155f6d-736d-42c0-8bc0-00ee6e1970dc,27,พรรคประชาธิปัตย์,#0066B3,0,0,0.0
de4f20c9-c3a6-4096-b1f1-6ee9e6c0bb1f,2,นายภีมเดช อมรสุคนธ์,21,ระยอง,2,2d8a1c84-0bc8-4377-965d-c020a0097c27,9,พรรคเพื่อไทย,#E4002B,0,0,0.0
de6edd3b-7680-47fb-b4cc-e1bdabe8655e,2,นายประเสริฐพงษ์ ศรนุวัตร์,81,กระบี่,3,1116011c-1ef3-4cca-a186-c1b9f7984ede,46,พรรคประชาชน,#F57C00,0,0,0.0
ded22138-cf06-4f42-ab8e-13e46cb9c3ad,2,นายสุระ เฉาะกระโทก,30,นครราชสีมา,8,0c044088-618b-49af-a291-fb28ffe9e0f8,11,พรรคเศรษฐกิจ,#FFA000,0,0,0.0
def0954c-347c-45ad-aa48-8a2a98f1f9d7,2,นายชินพันธ์ แสงภักดิ์โยธิน,30,นครราชสีมา,11,a62aca08-91b7-4f3f-ba8f-cb9e884a3799,42,พรรคกล้าธรรม,#5D4037,0,0,0.0
df0a4691-3cf5-4a8f-a242-89331941fff1,2,นางวันเพ็ญ พร้อมพัฒน์,67,เพชรบูรณ์,5,013c219e-e197-416d-84ea-00ba9c35465e,37,พรรคภูมิใจไทย,#3949AB,0,0,0.0
e11d6689-7aac-47de-a5d3-6e9e78ab2296,2,นางจิดาภา สุนทรธนากุล,43,หนองคาย,2,013c219e-e197-416d-84ea-00ba9c35465e,37,พรรคภูมิใจไทย,#3949AB,0,0,0.0
e14d37ce-05f8-46bc-9cc4-7ad7f91294da,2,นายณรงค์ศักดิ์ ตาลช่วง,16,ลพบุรี,4,013c219e-e197-416d-84ea-00ba9c35465e,37,พรรคภูมิใจไทย,#3949AB,0,0,0.0
e171c026-955e-4365-a5df-93eff4488829,2,นายอธิวัฒน์ ภูริศรี,13,ปทุมธานี,3,965b4b93-c01e-4a2b-a987-577f2b99ebb4,49,พรรคไทยก้าวใหม่,#1E88E5,0,0,0.0
e236029a-5ff4-4ec8-ac93-2e70e6f8329d,2,พลตรีพิทักษ์ชัย ธนพรานสิงห์,41,อุดรธานี,2,a62aca08-91b7-4f3f-ba8f-cb9e884a3799,42,พรรคกล้าธรรม,#5D4037,0,0,0.0
e2437d29-bad0-464e-b7d4-9b8821a1bdd4,2,นายธันว์ยากร คำวงศ์,16,ลพบุรี,2,cb1b6cf2-41fa-49b1-a060-01acf13edc81,48,พรรคไทยสร้างไทย,#00ACC1,0,0,0.0
e25f1515-a5d5-4343-9b97-f488c980006a,2,นายเอนก กุลกรรณ์,74,สมุทรสาคร,4,cb1b6cf2-41fa-49b1-a060-01acf13edc81,48,พรรคไทยสร้างไทย,#00ACC1,0,0,0.0
e3253b1c-9fe5-4d4e-ae83-2f5e7eb8fb47,2,นายกิตติภณ ปานพรหมมาศ,73,นครปฐม,4,1116011c-1ef3-4cca-a186-c1b9f7984ede,46,พรรคประชาชน,#F57C00,0,0,0.0
e3f2581b-727f-43bf-bb53-4ead400a1a11,2,นางสาวรฎาศิริ ศิริคช,21,ระยอง,1,03347cbc-6089-474c-a3f6-484ae981c9a6,43,พรรคพลังประชารัฐ,#1565C0,0,0,0.0
e4558bd5-c755-4302-b27b-f2b8a8f86c57,2,นางสาวบุณยนุช ปทิตหิรัณยา,10,กรุงเทพมหานคร,5,03347cbc-6089-474c-a3f6-484ae981c9a6,43,พรรคพลังประชารัฐ,#1565C0,0,0,0.0
e4f4d793-95a4-43fc-9898-49839ac50aa5,2,นายสุชาติ บุรีรัตน์,45,ร้อยเอ็ด,7,d7155f6d-736d-42c0-8bc0-00ee6e1970dc,27,พรรคประชาธิปัตย์,#0066B3,0,0,0.0
e53dbab9-a966-490c-abe3-d3a6dde243d9,2,นายเสกสิทธิ์ แย้มสงวนศักดิ์,10,กรุงเทพมหานคร,2,1116011c-1ef3-4cca-a186-c1b9f7984ede,46,พรรคประชาชน,#F57C00,0,0,0.0
e59c075b-8a9a-4db6-bcfc-da2fb1adf4a9,2,นายศิริวัฒน์ ขจรประศาสน์,66,พิจิตร,3,013c219e-e197-416d-84ea-00ba9c35465e,37,พรรคภูมิใจไทย,#3949AB,0,0,0.0
e5c5ded5-18ac-4cab-9956-1921f6b460f3,2,นายพรณรงค์ นิลนะมะ,39,หนองบัวลำภู,3,a62aca08-91b7-4f3f-ba8f-cb9e884a3799,42,พรรคกล้าธรรม,#5D4037,0,0,0.0
e5ccafa5-4671-458c-b87b-185295705be3,2,นายพงศกร รัตนเรืองวัฒนา,10,กรุงเทพมหานคร,14,2d8a1c84-0bc8-4377-965d-c020a0097c27,9,พรรคเพื่อไทย,#E4002B,0,0,0.0
e70b4139-331e-49f2-8b2f-dda29ddc9af5,2,นายปรีชาพล ยะราช,55,น่าน,1,115da917-bf32-4e96-a2ae-b7818d0909ee,6,พรรครวมไทยสร้างชาติ,#FF6D00,0,0,0.0
e70ca501-236f-40c1-bf84-902bcdf0d526,2,นายปิยพล อัครกิติพัฒน์,13,ปทุมธานี,8,115da917-bf32-4e96-a2ae-b7818d0909ee,6,พรรครวมไทยสร้างชาติ,#FF6D00,0,0,0.0
e85eedc7-145a-45f4-87df-6afa48f04d92,2,นายณพจน์ศกร ทรัพยสิทธิ์,48,นครพนม,2,013c219e-e197-416d-84ea-00ba9c35465e,37,พรรคภูมิใจไทย,#3949AB,0,0,0.0
e8b35e29-c71c-4878-b13d-e7b8496e66e3,2,นายนนทิวรรธน์ นนทภักดิ์,80,นครศรีธรรมราช,2,115da917-bf32-4e96-a2ae-b7818d0909ee,6,พรรครวมไทยสร้างชาติ,#FF6D00,0,0,0.0
e9902944-9bff-4206-9a7b-d51706d8a834,2,นางฐิติมา ฉายแสง,24,ฉะเชิงเทรา,1,2d8a1c84-0bc8-4377-965d-c020a0097c27,9,พรรคเพื่อไทย,#E4002B,0,0,0.0
eb826b96-e822-44a4-94e6-8707a9bbfcf2,2,นายศิรพันธ์ กมลปราโมทย์,77,ประจวบคีรีขันธ์,2,2ee17641-917b-4ea0-8c19-da383e03e915,44,พรรคโอกาสใหม่,#26C6DA,0,0,0.0
ebdb6dd8-cc7c-42d7-80d5-76eea96a350d,2,นายธนาศักดิ์ เฉลิมสิทธิวงศา,31,บุรีรัมย์,8,115da917-bf32-4e96-a2ae-b7818d0909ee,6,พรรครวมไทยสร้างชาติ,#FF6D00,0,0,0.0
ed6adaed-dfb0-41c1-a915-0dafe2e6aa1c,2,ว่าที่ร้อยตรีกริช กีฬา,37,อำนาจเจริญ,2,1116011c-1ef3-4cca-a186-c1b9f7984ede,46,พรรคประชาชน,#F57C00,0,0,0.0
ee7adb48-41c4-47bc-9980-deae5b7081c2,2,นายวุฒิภัทร คำประกอบ,10,กรุงเทพมหานคร,17,2ee17641-917b-4ea0-8c19-da383e03e915,44,พรรคโอกาสใหม่,#26C6DA,0,0,0.0
ef4c9a02-1ab6-43c7-a165-d79ff17ef850,2,นายเสน่ห์ ศิลปเจริญ,10,กรุงเทพมหานคร,18,409581ea-d469-40f6-803e-7830a6418150,17,พรรคไทยชนะ,#D84315,0,0,0.0
f050b065-73ef-4ecd-891a-419d55198fc0,2,นายวรสิทธิ์ กัลป์ตินันท์,34,อุบลราชธานี,1,2d8a1c84-0bc8-4377-965d-c020a0097c27,9,พรรคเพื่อไทย,#E4002B,0,0,0.0
f057e2a9-7ab2-45b2-baa3-39d6d4e3ae84,2,นายณัฐกร เหลืองสุขเจริญ,24,ฉะเชิงเทรา,2,013c219e-e197-416d-84ea-00ba9c35465e,37,พรรคภูมิใจไทย,#3949AB,0,0,0.0
f09a2106-4fb1-49d2-9143-d0cc36b434f7,2,นางแสนสุข อุทยานินทร์,10,กรุงเทพมหานคร,1,0c044088-618b-49af-a291-fb28ffe9e0f8,11,พรรคเศรษฐกิจ,#FFA000,0,0,0.0
f1107c96-1867-4a7c-9a3e-28a8326885cd,2,นายยุทธนา โตอาจ,10,กรุงเทพมหานคร,29,2ee17641-917b-4ea0-8c19-da383e03e915,44,พรรคโอกาสใหม่,#26C6DA,0,0,0.0
f1d2cb15-e3bb-46fa-a6dd-8f4a3906d285,2,นายคชศักดิ์ ศิริรัตน์มานะวงศ์,33,ศรีสะเกษ,6,013c219e-e197-416d-84ea-00ba9c35465e,37,พรรคภูมิใจไทย,#3949AB,0,0,0.0
f237d47e-1ba3-4bef-a635-22e30c31ebf7,2,นายปองภพ ณ สงขลา,65,พิษณุโลก,4,a62aca08-91b7-4f3f-ba8f-cb9e884a3799,42,พรรคกล้าธรรม,#5D4037,0,0,0.0
f265a312-8497-44a9-98db-bbf2b9103601,2,นางสาวอรพิน หอมการะเกษ,75,สมุทรสงคราม,1,aec0c4f2-be03-4a06-a205-b00971871173,1,พรรคไทยทรัพย์ทวี,#FFB300,0,0,0.0
f2c82191-c822-4aa8-b438-b406e4632373,2,นายสุกิจ ศุภกิจเจริญ,62,กำแพงเพชร,2,1116011c-1ef3-4cca-a186-c1b9f7984ede,46,พรรคประชาชน,#F57C00,0,0,0.0
f35a5f23-069d-4453-bd4a-a1896fd36f36,2,นายสมศักดิ์ เฟื่องฟูลอย,72,สุพรรณบุรี,5,d7155f6d-736d-42c0-8bc0-00ee6e1970dc,27,พรรคประชาธิปัตย์,#0066B3,0,0,0.0
f442e53e-e4ec-4228-bcde-1f8d5ce492d7,2,นายทวีศักดิ์ ยงยิ่งยืน,32,สุรินทร์,7,d7155f6d-736d-42c0-8bc0-00ee6e1970dc,27,พรรคประชาธิปัตย์,#0066B3,0,0,0.0
f51f3099-dc0a-426c-9f92-7105e69aa418,2,นายภรภัทร มานิตเมธากิจ,13,ปทุมธานี,6,03347cbc-6089-474c-a3f6-484ae981c9a6,43,พรรคพลังประชารัฐ,#1565C0,0,0,0.0
f58213c0-b72c-4046-be2f-0bc5c0003a1c,2,นายสุรวิช โคตร์คันทา,30,นครราชสีมา,6,54c9efd2-2cd9-487a-91f7-1251aae30c2d,36,พรรคไทยพร้อม,#0097A7,0,0,0.0
f6914244-a23f-4376-9e08-c67ff7137f77,2,นายปัญญา ธาตุวิสัย,39,หนองบัวลำภู,1,115da917-bf32-4e96-a2ae-b7818d0909ee,6,พรรครวมไทยสร้างชาติ,#FF6D00,0,0,0.0
f762a0b5-dec2-4c89-a208-96559af07a18,2,นายประเสริฐ เอวจักร,51,ลำพูน,2,a62aca08-91b7-4f3f-ba8f-cb9e884a3799,42,พรรคกล้าธรรม,#5D4037,0,0,0.0
f88cabdd-d10a-47bf-a904-5cb4d6f2cbd2,2,นายเจษฎา พิทยาภรณ์,30,นครราชสีมา,15,013c219e-e197-416d-84ea-00ba9c35465e,37,พรรคภูมิใจไทย,#3949AB,0,0,0.0
f8cb885a-c0f5-474b-a2a7-2e06034b46b4,2,นายเรืองฤทธิ์ พวกอินแสง,57,เชียงราย,3,d7155f6d-736d-42c0-8bc0-00ee6e1970dc,27,พรรคประชาธิปัตย์,#0066B3,0,0,0.0
f905695e-690c-4dc3-81a2-78a586a7a708,2,นายรุ่งวิกรัย ครุฑธิยัง,56,พะเยา,3,1116011c-1ef3-4cca-a186-c1b9f7984ede,46,พรรคประชาชน,#F57C00,0,0,0.0
f91b4849-258b-41f0-bd58-b3cfc6271976,2,นายไก่ ห้องริ้ว,70,ราชบุรี,2,2d8a1c84-0bc8-4377-965d-c020a0097c27,9,พรรคเพื่อไทย,#E4002B,0,0,0.0
fa94c18e-019e-47a6-8561-1bbf3618d6d0,2,นายฉัตรชัย ปิตุเตชะ,21,ระยอง,4,013c219e-e197-416d-84ea-00ba9c35465e,37,พรรคภูมิใจไทย,#3949AB,0,0,0.0
fac6882b-18f8-4669-b2ac-ac756dd9e7d4,2,นางสาวจุฑาทิพย์ ศิริขันธ์,37,อำนาจเจริญ,1,1116011c-1ef3-4cca-a186-c1b9f7984ede,46,พรรคประชาชน,#F57C00,0,0,0.0
fb976563-1449-4487-b8df-19ad7d2c5e6b,2,นายธราธิป ทองเจิม,82,พังงา,1,a62aca08-91b7-4f3f-ba8f-cb9e884a3799,42,พรรคกล้าธรรม,#5D4037,0,0,0.0
fbb8f2da-ce61-488a-bbbc-90f101c32553,2,นางกิ่งกาญจน์ ณ เชียงใหม่,50,เชียงใหม่,4,30f1cea0-4fc2-4fcf-86f0-96000cf188b5,22,พรรคก้าวอิสระ,#7B1FA2,0,0,0.0
fc387ca8-88a5-4987-ba86-b773b7f79953,2,นายสมพร คุ้มพงษ์พันธ์,44,มหาสารคาม,2,115da917-bf32-4e96-a2ae-b7818d0909ee,6,พรรครวมไทยสร้างชาติ,#FF6D00,0,0,0.0
fc40061a-3fac-4974-86fc-bfc4f677b6cb,2,นายศุภชัย ศรีสวัสดิ์,83,ภูเก็ต,1,0c044088-618b-49af-a291-fb28ffe9e0f8,11,พรรคเศรษฐกิจ,#FFA000,0,0,0.0
fc920f75-2929-44e6-a3be-881ed6af3daf,2,นายชูศักดิ์ คีรีมาศทอง,64,สุโขทัย,2,2d8a1c84-0bc8-4377-965d-c020a0097c27,9,พรรคเพื่อไทย,#E4002B,0,0,0.0
fcf67a41-775e-42f4-8f02-3cd55050fd44,2,นายสิทธิพล ภูธรณ์,36,ชัยภูมิ,4,1116011c-1ef3-4cca-a186-c1b9f7984ede,46,พรรคประชาชน,#F57C00,0,0,0.0
fdb9d9ba-6860-413d-9c8c-4827b1dd4c0e,2,นายวุฒิรัฐ แก้วเขื่อง,48,นครพนม,3,1116011c-1ef3-4cca-a186-c1b9f7984ede,46,พรรคประชาชน,#F57C00,0,0,0.0
fe33834b-2977-4212-9820-2c8610a45f21,2,นายคอซีย์ มามุ,94,ปัตตานี,2,013c219e-e197-416d-84ea-00ba9c35465e,37,พรรคภูมิใจไทย,#3949AB,0,0,0.0
ffa2cee8-3823-46a1-97d3-8e81cddf62c7,2,ว่าที่ร้อยตรีภูมิพันธ์ บุญมาตุ่น,38,บึงกาฬ,1,2d8a1c84-0bc8-4377-965d-c020a0097c27,9,พรรคเพื่อไทย,#E4002B,0,0,0.0
00bd9ae8-bc87-4168-a7a2-82aebb1cc219,3,นายสูเด็ง ตอเฮ,96,นราธิวาส,3,7f4755ca-ea3a-4023-869d-9cabba328db0,33,พรรคประชาชาติ,#2E7D32,0,0,0.0
014d2d2d-467d-4e13-9562-46be2f22eff8,3,นายภูษณ คำเวียง,40,ขอนแก่น,7,a62aca08-91b7-4f3f-ba8f-cb9e884a3799,42,พรรคกล้าธรรม,#5D4037,0,0,0.0
01af3d11-da40-4301-b00e-54ee73580ec5,3,นายสุทธิรักษ์ บุญศักดิ์,33,ศรีสะเกษ,2,1116011c-1ef3-4cca-a186-c1b9f7984ede,46,พรรคประชาชน,#F57C00,0,0,0.0
0282921e-795f-4290-bd26-aa00e9eccf96,3,นายสิทธิกร เกษมณี,84,สุราษฎร์ธานี,3,2d8a1c84-0bc8-4377-965d-c020a0097c27,9,พรรคเพื่อไทย,#E4002B,0,0,0.0
03e495c1-f76b-43e1-9c6e-884ba992bccc,3,นายวิเชียร แสงบุดดา,39,หนองบัวลำภู,1,0c044088-618b-49af-a291-fb28ffe9e0f8,11,พรรคเศรษฐกิจ,#FFA000,0,0,0.0
03e62c32-16b9-46a2-b7e7-8f791d5a6949,3,นายณัฐภัทร์ จุลสวัสดิ์,74,สมุทรสาคร,4,2ee17641-917b-4ea0-8c19-da383e03e915,44,พรรคโอกาสใหม่,#26C6DA,0,0,0.0
05122e22-09fa-46c5-b634-dfaa65b22ff2,3,นายภณณัฏฐ์ ศรีอินทร์สุทธิ์,12,นนทบุรี,7,2d8a1c84-0bc8-4377-965d-c020a0097c27,9,พรรคเพื่อไทย,#E4002B,0,0,0.0
0590bdcf-5cd4-41e2-b6b2-15fb6868df71,3,นายธเนตร ติ๊บโท๊ะ,57,เชียงราย,1,2ee17641-917b-4ea0-8c19-da383e03e915,44,พรรคโอกาสใหม่,#26C6DA,0,0,0.0
05b62a6d-5ad3-44a3-a583-d68e92197bdc,3,นายสมัย โกกเจริญพงศ์,10,กรุงเทพมหานคร,23,2ee17641-917b-4ea0-8c19-da383e03e915,44,พรรคโอกาสใหม่,#26C6DA,0,0,0.0
0641c708-7d03-498e-b520-985e0ba1c1e5,3,นางสาวทิสรัตน์ เลาหพล,10,กรุงเทพมหานคร,29,1116011c-1ef3-4cca-a186-c1b9f7984ede,46,พรรคประชาชน,#F57C00,0,0,0.0
0666141c-c5d9-44a9-9a4d-1d4b3677c001,3,พันตำรวจเอกพงศ์พสิษฐ์ ทองด้วง,93,พัทลุง,2,a62aca08-91b7-4f3f-ba8f-cb9e884a3799,42,พรรคกล้าธรรม,#5D4037,0,0,0.0
066db407-237a-4555-a71c-80e21458a8e3,3,นายสวัสดิ์ โพธิสาร,33,ศรีสะเกษ,5,d7155f6d-736d-42c0-8bc0-00ee6e1970dc,27,พรรคประชาธิปัตย์,#0066B3,0,0,0.0
0710e2e7-1a3d-4055-9334-c9fbc7eccd81,3,นายวราทิต ไชยนันทน์,63,ตาก,2,2d8a1c84-0bc8-4377-965d-c020a0097c27,9,พรรคเพื่อไทย,#E4002B,0,0,0.0
07aec464-e02c-491a-bcf4-1ecaf3bdfe12,3,นายวิมล สารมะโน,65,พิษณุโลก,3,d7155f6d-736d-42c0-8bc0-00ee6e1970dc,27,พรรคประชาธิปัตย์,#0066B3,0,0,0.0
081598d5-274d-4813-9d3e-e47035b64e1c,3,นายอำนาจ วิชัย,56,พะเยา,3,2d8a1c84-0bc8-4377-965d-c020a0097c27,9,พรรคเพื่อไทย,#E4002B,0,0,0.0
08b33025-ebf8-4d06-91b5-2bcc1a343ff1,3,นายชาติชาย ศักดิ์อิสระพงศ์,71,กาญจนบุรี,2,115da917-bf32-4e96-a2ae-b7818d0909ee,6,พรรครวมไทยสร้างชาติ,#FF6D00,0,0,0.0
08b797d9-0ddd-488f-a27e-f5fd4fdc1567,3,นางสาวมาลิณี กลางชาติ,62,กำแพงเพชร,3,0c044088-618b-49af-a291-fb28ffe9e0f8,11,พรรคเศรษฐกิจ,#FFA000,0,0,0.0
0937b8be-e50b-4f21-b493-762f2809ac90,3,นางสาวกมลชนก สุพรรณฝ่าย,40,ขอนแก่น,9,1116011c-1ef3-4cca-a186-c1b9f7984ede,46,พรรคประชาชน,#F57C00,0,0,0.0
0a012b4a-3155-4cf0-8d0f-1ce1d76fe328,3,นายวีรพล เต็งรัง,92,ตรัง,3,1116011c-1ef3-4cca-a186-c1b9f7984ede,46,พรรคประชาชน,#F57C00,0,0,0.0
0b530ad8-2a9b-476d-a920-03ee08a9c9ba,3,นายณรัฐพงศ์ พรหมมี,64,สุโขทัย,2,1116011c-1ef3-4cca-a186-c1b9f7984ede,46,พรรคประชาชน,#F57C00,0,0,0.0
0bd11ecc-6966-4d95-be8d-31fd6afbf8f4,3,นายบัญชา จันทศรี,47,สกลนคร,5,1116011c-1ef3-4cca-a186-c1b9f7984ede,46,พรรคประชาชน,#F57C00,0,0,0.0
0c83b161-538d-455e-a17d-7a0ce424215a,3,นายพิทยา แท่นแก้ว,85,ระนอง,1,2d8a1c84-0bc8-4377-965d-c020a0097c27,9,พรรคเพื่อไทย,#E4002B,0,0,0.0
0ce7948b-8893-42ec-bab9-5636fe786ca5,3,นายอนุกูล พฤกษานุศักดิ์,90,สงขลา,6,013c219e-e197-416d-84ea-00ba9c35465e,37,พรรคภูมิใจไทย,#3949AB,0,0,0.0
0dc5d410-74a1-44ed-bc45-a6b09fa247d3,3,นายทวีศักดิ์ เชื้อบุญมี,67,เพชรบูรณ์,4,f7b4da92-1d4f-4f3f-ab31-25eb36d1a8ad,51,พรรคพร้อม,#26A69A,0,0,0.0
0dd2dfd8-340a-4587-94a1-867aecf32d3f,3,นายวัชระ ยาวอหะซัน,96,นราธิวาส,1,013c219e-e197-416d-84ea-00ba9c35465e,37,พรรคภูมิใจไทย,#3949AB,0,0,0.0
0e193b12-7cdf-4e44-ae9c-eaf0e3a44e81,3,นายสมัย รามัญอุดม,13,ปทุมธานี,2,03347cbc-6089-474c-a3f6-484ae981c9a6,43,พรรคพลังประชารัฐ,#1565C0,0,0,0.0
0e31ba57-7e1b-4c0d-9bba-c85f2daa9763,3,นายเพชรสยาม เจนหัตถ์นามเสนา,41,อุดรธานี,1,0c044088-618b-49af-a291-fb28ffe9e0f8,11,พรรคเศรษฐกิจ,#FFA000,0,0,0.0
0eb0153c-e8bb-42f2-ad2a-c2918b9ae267,3,นายอมรเทพ หวังแก้ว,10,กรุงเทพมหานคร,33,cb1b6cf2-41fa-49b1-a060-01acf13edc81,48,พรรคไทยสร้างไทย,#00ACC1,0,0,0.0
0f308f0f-6b18-4b52-a6a7-18816d7d9490,3,นายพงศ์ไพศาล มะลูลีม,10,กรุงเทพมหานคร,22,115da917-bf32-4e96-a2ae-b7818d0909ee,6,พรรครวมไทยสร้างชาติ,#FF6D00,0,0,0.0
0f92cbd2-089c-4955-b638-33abbd0c1fe0,3,นายวันชัย รัตนขจรไชย,10,กรุงเทพมหานคร,20,03347cbc-6089-474c-a3f6-484ae981c9a6,43,พรรคพลังประชารัฐ,#1565C0,0,0,0.0
1030a66e-f914-4da5-9b02-8246a3878ac7,3,นางสาวสุชาดา บัวพันธ์,61,อุทัยธานี,2,1116011c-1ef3-4cca-a186-c1b9f7984ede,46,พรรคประชาชน,#F57C00,0,0,0.0
104389f2-cfa3-4c14-9e14-0d40afdf7795,3,ว่าที่ร้อยตรีโมฮามัดยาสรี ยูซง,94,ปัตตานี,4,d7155f6d-736d-42c0-8bc0-00ee6e1970dc,27,พรรคประชาธิปัตย์,#0066B3,0,0,0.0
1138bb7a-5364-49c7-84b3-99a0d99fb34b,3,ว่าที่ร้อยตรีหญิงมานิตา ทิมหอม,71,กาญจนบุรี,4,bd8d9f14-f757-41fb-8f37-d6128d9d012d,7,พรรคพลวัต,#EF6C00,0,0,0.0
11c265f2-d147-482f-bd06-0642c26bdef0,3,นางสาวธารดา จันทร์สอน,67,เพชรบูรณ์,5,1116011c-1ef3-4cca-a186-c1b9f7984ede,46,พรรคประชาชน,#F57C00,0,0,0.0
11f43273-1641-4cff-b051-ee270c0e6ab8,3,นายเจนอนันต์ คำศรี,33,ศรีสะเกษ,7,a62aca08-91b7-4f3f-ba8f-cb9e884a3799,42,พรรคกล้าธรรม,#5D4037,0,0,0.0
120c7399-d46f-473c-afa8-c8ce3b864f70,3,นางสาวธนภรณ์ บุญประเสริฐ,11,สมุทรปราการ,5,03347cbc-6089-474c-a3f6-484ae981c9a6,43,พรรคพลังประชารัฐ,#1565C0,0,0,0.0
1267e090-9519-4b1f-b7a2-3fb966bd9ed5,3,นายวรายุทธ จงอักษร,35,ยโสธร,2,013c219e-e197-416d-84ea-00ba9c35465e,37,พรรคภูมิใจไทย,#3949AB,0,0,0.0
12aebe43-11a4-45c5-af6e-8023f64a8d39,3,นางสาวปลายฟ้า ปานทอง,32,สุรินทร์,8,0c044088-618b-49af-a291-fb28ffe9e0f8,11,พรรคเศรษฐกิจ,#FFA000,0,0,0.0
12fe2201-a938-4c6b-b9c7-6bbf4628e9ad,3,ว่าที่ร้อยตรีวัยวัฒน์ อินทร์ณรงค์,73,นครปฐม,3,bd8d9f14-f757-41fb-8f37-d6128d9d012d,7,พรรคพลวัต,#EF6C00,0,0,0.0
132c27d7-038b-4de5-9513-239032d321f4,3,นายศาสตรา ศรีปาน,90,สงขลา,2,013c219e-e197-416d-84ea-00ba9c35465e,37,พรรคภูมิใจไทย,#3949AB,0,0,0.0
1365a14d-a4dd-45ab-9388-5d675868e196,3,นายศุภกิจ กลิ่นหอม,72,สุพรรณบุรี,1,03347cbc-6089-474c-a3f6-484ae981c9a6,43,พรรคพลังประชารัฐ,#1565C0,0,0,0.0
136b0aae-b2f4-4f9f-abdd-2a1d9dc31f36,3,นายสุรพันธ์ ไวยากรณ์,12,นนทบุรี,1,bd8d9f14-f757-41fb-8f37-d6128d9d012d,7,พรรคพลวัต,#EF6C00,0,1,0.0
1492e774-7891-4252-810a-29812f0a18dc,3,นายพงศ์ฐิติ พงศ์ศิลามณี,10,กรุงเทพมหานคร,8,f9cadd57-8256-49aa-9386-0da392b19fc2,29,พรรคไทยภักดี,#D32F2F,0,4,0.0
14b4b262-a70b-48e8-86b5-c2b619a7ea15,3,นายจักรพรรดิ์ กาญจนธนานนท์,65,พิษณุโลก,1,0c044088-618b-49af-a291-fb28ffe9e0f8,11,พรรคเศรษฐกิจ,#FFA000,0,0,0.0
150e3c8f-a551-4f78-bea7-29ba0b0d4ce4,3,นางจิตรวรรณ หวังศุภกิจโกศล,34,อุบลราชธานี,9,e3ad415e-cb0c-4922-adb3-4624e857d801,21,พรรคไทรวมพลัง,#E65100,0,0,0.0
15239d2b-663b-4468-ad6b-ef3bc6b7d820,3,นางสาวชุติมา เสรีรัฐ,60,นครสวรรค์,6,2d8a1c84-0bc8-4377-965d-c020a0097c27,9,พรรคเพื่อไทย,#E4002B,0,0,0.0
15812863-87cc-446b-b1b8-630344ad58e7,3,นายอำนวย สุดกระแสร์,77,ประจวบคีรีขันธ์,2,013c219e-e197-416d-84ea-00ba9c35465e,37,พรรคภูมิใจไทย,#3949AB,0,0,0.0
15f07d6d-6eb4-4f9a-833f-7ca5c7a5494f,3,นายสถิตย์ สีสวาท,43,หนองคาย,3,d7155f6d-736d-42c0-8bc0-00ee6e1970dc,27,พรรคประชาธิปัตย์,#0066B3,0,0,0.0
1665a383-6634-4d3b-b0ec-22f7b6e814f9,3,นายพรรณธนู วรรณกางซ้าย,31,บุรีรัมย์,7,2d8a1c84-0bc8-4377-965d-c020a0097c27,9,พรรคเพื่อไทย,#E4002B,0,0,0.0
17ddcffb-931d-4bde-9dda-b1cc1b9c72e5,3,ร้อยตรีสินธร ไร่สงวน,46,กาฬสินธุ์,5,7ffe2115-72d1-4d71-9962-03ff61afc67c,31,พรรคประชากรไทย,#00695C,0,0,0.0
1876095c-ed91-419c-b977-1d3f214d778a,3,นายคุณานนท์ ชูประเสริฐ,13,ปทุมธานี,3,013c219e-e197-416d-84ea-00ba9c35465e,37,พรรคภูมิใจไทย,#3949AB,0,0,0.0
1a50b6af-c21d-47d9-9a84-cd7359cd7c33,3,นายองอาจ ศรีขาว,33,ศรีสะเกษ,8,a62aca08-91b7-4f3f-ba8f-cb9e884a3799,42,พรรคกล้าธรรม,#5D4037,0,0,0.0
1bc6d892-f0b6-4725-82c0-1d3605258120,3,พันตำรวจเอกพิทักษ์ พุทธวิโร,90,สงขลา,9,013c219e-e197-416d-84ea-00ba9c35465e,37,พรรคภูมิใจไทย,#3949AB,0,0,0.0
1c6a4990-e70e-4daf-a741-baf791cb3927,3,นายธีรวัจน์ ดารามาศ,12,นนทบุรี,6,bd8d9f14-f757-41fb-8f37-d6128d9d012d,7,พรรคพลวัต,#EF6C00,0,0,0.0
1d2ac0a2-82ab-4812-980e-a676c5ab2fec,3,นายปรัญชญา ตรีกาญจนา,31,บุรีรัมย์,2,2d8a1c84-0bc8-4377-965d-c020a0097c27,9,พรรคเพื่อไทย,#E4002B,0,0,0.0
1e17f896-5670-4309-84e1-e93978ae5f3e,3,นายทินวัฒน์ เจียมอุย,23,ตราด,1,03347cbc-6089-474c-a3f6-484ae981c9a6,43,พรรคพลังประชารัฐ,#1565C0,0,0,0.0
1eda776c-ce62-4902-b7de-fedaa181ad09,3,นายพันธุ์พงศ์ อัศวชัยโสภณ,24,ฉะเชิงเทรา,2,2d8a1c84-0bc8-4377-965d-c020a0097c27,9,พรรคเพื่อไทย,#E4002B,0,0,0.0
1ef58fea-c205-4efb-8746-e44c42093d9a,3,นายเกียรติศักดิ์ ตั้งรุ่งเรืองอยู่,46,กาฬสินธุ์,2,1116011c-1ef3-4cca-a186-c1b9f7984ede,46,พรรคประชาชน,#F57C00,0,0,0.0
2094185a-e7d4-4499-bf3d-5e6ba19c9758,3,นางสาวภัทราวดี นิโรจน์,60,นครสวรรค์,1,013c219e-e197-416d-84ea-00ba9c35465e,37,พรรคภูมิใจไทย,#3949AB,0,0,0.0
21de6316-6b97-422a-9a18-ab6c776b2358,3,นายเขมพล อุ้ยตยะกุล,93,พัทลุง,3,013c219e-e197-416d-84ea-00ba9c35465e,37,พรรคภูมิใจไทย,#3949AB,0,0,0.0
229c4850-2e85-41dd-b0c0-3ab6eecbc806,3,นายธงชัย พานิชดี,48,นครพนม,3,339fa187-133c-4766-a6c2-36d1b32cda8f,23,พรรคปวงชนไทย,#827717,0,0,0.0
24324d7f-02e0-4b6a-841f-583ce67a898d,3,นายวีระชัย นาคมาศ,14,พระนครศรีอยุธยา,4,2ee17641-917b-4ea0-8c19-da383e03e915,44,พรรคโอกาสใหม่,#26C6DA,0,0,0.0
24c00822-60dd-43cb-a8ad-750f2aaf6940,3,นางสาวบังอร มุมกลาง,44,มหาสารคาม,3,115da917-bf32-4e96-a2ae-b7818d0909ee,6,พรรครวมไทยสร้างชาติ,#FF6D00,0,0,0.0
25242009-e16c-4880-b37e-38cd2f3566db,3,นายเพชรภูมิ อาภรณ์รัตน์,62,กำแพงเพชร,2,a62aca08-91b7-4f3f-ba8f-cb9e884a3799,42,พรรคกล้าธรรม,#5D4037,0,0,0.0
25882bd0-3d50-4e56-82e5-fd62b2fd4b12,3,นายวีรยุทธ อนุจิตรอนันต์,21,ระยอง,2,d7155f6d-736d-42c0-8bc0-00ee6e1970dc,27,พรรคประชาธิปัตย์,#0066B3,0,0,0.0
259c3e37-7e73-4187-8841-c70e9274f95d,3,นางสาวอรุณทิพย์ สุวรรณนันท์,45,ร้อยเอ็ด,8,03347cbc-6089-474c-a3f6-484ae981c9a6,43,พรรคพลังประชารัฐ,#1565C0,0,0,0.0
27878eb2-6e9a-410c-886e-921b8bec4f3b,3,นายสมบัติ ขันโมลี,45,ร้อยเอ็ด,6,d7155f6d-736d-42c0-8bc0-00ee6e1970dc,27,พรรคประชาธิปัตย์,#0066B3,0,0,0.0
27b0e91c-4eb1-4b97-8b79-f21929ee8c25,3,นายกฤตมงคล ดำรงศุภกิจกุล,20,ชลบุรี,3,f9cadd57-8256-49aa-9386-0da392b19fc2,29,พรรคไทยภักดี,#D32F2F,0,0,0.0
281f9536-2f84-4aef-bb46-059a0ce2d4ff,3,นายอนันต์ แพทยานนท์,57,เชียงราย,6,03347cbc-6089-474c-a3f6-484ae981c9a6,43,พรรคพลังประชารัฐ,#1565C0,0,0,0.0
28b3aa28-d5d5-4c7f-bc33-946a576f7ee8,3,นางลอง ไผ่ล้อม,24,ฉะเชิงเทรา,3,339fa187-133c-4766-a6c2-36d1b32cda8f,23,พรรคปวงชนไทย,#827717,0,0,0.0
29171f4f-8d86-4ad2-a2c0-4f1817edcd39,3,นางสาวตวงทิพย์ จินตะเวช,34,อุบลราชธานี,11,013c219e-e197-416d-84ea-00ba9c35465e,37,พรรคภูมิใจไทย,#3949AB,0,0,0.0
2956349f-f802-49a2-886b-8a4d99a30bf9,3,นางสาวกุลธิดา เหมาเพชรอนันเมฆ,72,สุพรรณบุรี,3,2d8a1c84-0bc8-4377-965d-c020a0097c27,9,พรรคเพื่อไทย,#E4002B,0,0,0.0
29c0e9cb-784e-426f-bb37-9463b3f0983d,3,นายธงชัย กอบเกื้อชัยพงษ์,19,สระบุรี,2,d7155f6d-736d-42c0-8bc0-00ee6e1970dc,27,พรรคประชาธิปัตย์,#0066B3,0,0,0.0
2a60491e-3136-4215-8089-a92861f662b7,3,นายมีชัย ศรีคูณ,34,อุบลราชธานี,1,03347cbc-6089-474c-a3f6-484ae981c9a6,43,พรรคพลังประชารัฐ,#1565C0,0,0,0.0
2abd72e6-477d-451c-a3d3-158672d9a355,3,นายสรวิศ เดชเสน,35,ยโสธร,3,1116011c-1ef3-4cca-a186-c1b9f7984ede,46,พรรคประชาชน,#F57C00,0,0,0.0
2b08694c-3eb9-448f-9f9b-c147a89e8b8a,3,นายพงศธร ลักขษร,32,สุรินทร์,2,1116011c-1ef3-4cca-a186-c1b9f7984ede,46,พรรคประชาชน,#F57C00,0,0,0.0
2bdd512d-4b8c-4aa0-a7d5-d9b7bbe85582,3,นายรัตน์ ภู่กลาง,92,ตรัง,1,2d8a1c84-0bc8-4377-965d-c020a0097c27,9,พรรคเพื่อไทย,#E4002B,0,0,0.0
2bea03ad-e003-4bbb-a46e-284982e80193,3,นายฉัตรณพัฒน์ สมศักดิ์เกตุกร,50,เชียงใหม่,9,1116011c-1ef3-4cca-a186-c1b9f7984ede,46,พรรคประชาชน,#F57C00,0,0,0.0
2c9a5f39-9579-4e71-9517-391caffd9bad,3,นายกฤต ชูชาติ,60,นครสวรรค์,4,d7155f6d-736d-42c0-8bc0-00ee6e1970dc,27,พรรคประชาธิปัตย์,#0066B3,0,0,0.0
2ca572cb-8742-4d28-8da0-7499c3ece76c,3,นายศรีพรหม หอมยก,52,ลำปาง,2,013c219e-e197-416d-84ea-00ba9c35465e,37,พรรคภูมิใจไทย,#3949AB,0,0,0.0
2cbd70fe-eda8-4f15-8a9d-cc26823c35f5,3,นางสาวอัญชิสา ศุภรักษ์จินดา,53,อุตรดิตถ์,1,2d8a1c84-0bc8-4377-965d-c020a0097c27,9,พรรคเพื่อไทย,#E4002B,0,0,0.0
2df8949d-72bb-43db-b989-a2ce9ca1d721,3,นายสุทธิ์สวัสดิ์ บัวบาน,44,มหาสารคาม,2,a62aca08-91b7-4f3f-ba8f-cb9e884a3799,42,พรรคกล้าธรรม,#5D4037,0,0,0.0
2eb31d4a-33b4-44d0-b00e-777bd44e9e5b,3,นายพิเชษฐ์ โพธิสาร,21,ระยอง,4,2d8a1c84-0bc8-4377-965d-c020a0097c27,9,พรรคเพื่อไทย,#E4002B,0,0,0.0
2f081e31-6790-44fa-ac66-18c366d55591,3,นายวงศ์วชร ขาวทอง,90,สงขลา,5,a62aca08-91b7-4f3f-ba8f-cb9e884a3799,42,พรรคกล้าธรรม,#5D4037,0,0,0.0
2f236af6-4d90-4233-876b-16ccc4967f46,3,นายณัฐพล ศรีบุญจันทร์,19,สระบุรี,3,115da917-bf32-4e96-a2ae-b7818d0909ee,6,พรรครวมไทยสร้างชาติ,#FF6D00,0,0,0.0
2fb6d515-32f3-4cfb-9e9f-1f53ad91e9e4,3,นายพิธาน ทรงกัมพล,19,สระบุรี,4,1116011c-1ef3-4cca-a186-c1b9f7984ede,46,พรรคประชาชน,#F57C00,0,0,0.0
30fae1a0-c83b-4d31-a022-487d0e0f9180,3,นายอธิศวิชญ์ เลิศชวัลรัชต์,32,สุรินทร์,7,2d8a1c84-0bc8-4377-965d-c020a0097c27,9,พรรคเพื่อไทย,#E4002B,0,0,0.0
318b752c-18e7-4099-af33-4b9e7cb124ea,3,ว่าที่ร้อยตรีสมชาติ เตชถาวรเจริญ,83,ภูเก็ต,1,1116011c-1ef3-4cca-a186-c1b9f7984ede,46,พรรคประชาชน,#F57C00,0,0,0.0
323c9d91-e0af-4d98-bba9-e5984ec2704e,3,นายชนะวุธ อุทโท,46,กาฬสินธุ์,6,2d8a1c84-0bc8-4377-965d-c020a0097c27,9,พรรคเพื่อไทย,#E4002B,0,0,0.0
331f5074-7eda-42da-82e0-afbf56b31432,3,นายกิตติศักดิ์ ศีลภูษิต,11,สมุทรปราการ,6,339fa187-133c-4766-a6c2-36d1b32cda8f,23,พรรคปวงชนไทย,#827717,0,0,0.0
333c12c5-0b95-4c3a-a37e-6a0d1f065225,3,นายอัศนัย แท่นแก้ว,80,นครศรีธรรมราช,3,a62aca08-91b7-4f3f-ba8f-cb9e884a3799,42,พรรคกล้าธรรม,#5D4037,0,0,0.0
35d7a0c7-5280-406c-a45b-4052bffa47b9,3,นายยุทธนา ศรีตะบุตร,43,หนองคาย,2,03347cbc-6089-474c-a3f6-484ae981c9a6,43,พรรคพลังประชารัฐ,#1565C0,0,0,0.0
35ddb4cd-5301-413b-87c6-539864051166,3,นายเรืองเดช เติมทอง,84,สุราษฎร์ธานี,5,965b4b93-c01e-4a2b-a987-577f2b99ebb4,49,พรรคไทยก้าวใหม่,#1E88E5,0,0,0.0
3617c815-3e72-4975-af5e-71fa981efe27,3,นายธนยศ โปร่งกระโทก,30,นครราชสีมา,10,0c044088-618b-49af-a291-fb28ffe9e0f8,11,พรรคเศรษฐกิจ,#FFA000,0,0,0.0
361cdb3b-3197-4262-a1dd-60fee6d3ca3a,3,นางรัชนี พลซื่อ,45,ร้อยเอ็ด,3,a62aca08-91b7-4f3f-ba8f-cb9e884a3799,42,พรรคกล้าธรรม,#5D4037,0,0,0.0
3840ee72-f59f-4a67-b738-08e11fe4f988,3,นายเชิงชาย ชาลีรินทร์,36,ชัยภูมิ,2,2d8a1c84-0bc8-4377-965d-c020a0097c27,9,พรรคเพื่อไทย,#E4002B,0,0,0.0
39691e7a-6821-40a6-a175-227592db5a58,3,นายนุกูล อยู่ทอง,90,สงขลา,4,2d8a1c84-0bc8-4377-965d-c020a0097c27,9,พรรคเพื่อไทย,#E4002B,0,0,0.0
399b14d7-c6db-49e4-a7de-ab516af96af3,3,นายวีระชัย จารย์รัตน์,45,ร้อยเอ็ด,5,f9cadd57-8256-49aa-9386-0da392b19fc2,29,พรรคไทยภักดี,#D32F2F,0,0,0.0
39cc6d63-ac1f-4dd5-8571-9f0fa6ef270c,3,นายปริญ โอวาทกานนท์,26,นครนายก,1,1116011c-1ef3-4cca-a186-c1b9f7984ede,46,พรรคประชาชน,#F57C00,0,0,0.0
3a438637-aea5-49ed-bcce-528c76ed3892,3,นายวรพล พรมเมืองเก่า,36,ชัยภูมิ,1,d7155f6d-736d-42c0-8bc0-00ee6e1970dc,27,พรรคประชาธิปัตย์,#0066B3,0,0,0.0
3a8df09c-847f-4b86-8c53-b2aaea190d4c,3,นายหาญ ดอนลาว,57,เชียงราย,2,d7155f6d-736d-42c0-8bc0-00ee6e1970dc,27,พรรคประชาธิปัตย์,#0066B3,0,0,0.0
3ac88d9e-9e6c-4b32-9b04-debab070afda,3,นายวิชัย เจริญพระธรรมดี,58,แม่ฮ่องสอน,1,2d8a1c84-0bc8-4377-965d-c020a0097c27,9,พรรคเพื่อไทย,#E4002B,0,0,0.0
3affd98d-b6f3-4609-8075-8f7b21d59792,3,นางสาวพิมพ์วิภา บัวบุตร,37,อำนาจเจริญ,1,2d8a1c84-0bc8-4377-965d-c020a0097c27,9,พรรคเพื่อไทย,#E4002B,0,0,0.0
3b02d2cd-45c0-43fa-8065-ae296652ef74,3,ร้อยตำรวจเอกจักรกฤช ปิ่นกร,10,กรุงเทพมหานคร,24,339fa187-133c-4766-a6c2-36d1b32cda8f,23,พรรคปวงชนไทย,#827717,0,0,0.0
3c44f936-89f6-4f56-a08b-55d9aaf0f985,3,นายธราธพ ชาตรี,10,กรุงเทพมหานคร,9,965b4b93-c01e-4a2b-a987-577f2b99ebb4,49,พรรคไทยก้าวใหม่,#1E88E5,0,6,0.0
3d3883bb-3bf4-4df7-8a44-9c0b6359e237,3,นายนิรัตน์ ลิ้นเกลื่อน,84,สุราษฎร์ธานี,6,e3ad415e-cb0c-4922-adb3-4624e857d801,21,พรรคไทรวมพลัง,#E65100,0,0,0.0
3d4ac063-f25f-4d6a-b53d-69572cc0cfa3,3,นายจอมไกร สวัสดิวงศ์,80,นครศรีธรรมราช,6,d7155f6d-736d-42c0-8bc0-00ee6e1970dc,27,พรรคประชาธิปัตย์,#0066B3,0,0,0.0
3d6b1228-0c53-4457-b66a-aa6b28d1bcef,3,นายอภิชัย ชาตะมีนา,40,ขอนแก่น,6,1116011c-1ef3-4cca-a186-c1b9f7984ede,46,พรรคประชาชน,#F57C00,0,0,0.0
3e0f0652-1053-4139-bd97-17f066eca713,3,นายทวิวงศ์ โตทวิวงศ์,14,พระนครศรีอยุธยา,1,1116011c-1ef3-4cca-a186-c1b9f7984ede,46,พรรคประชาชน,#F57C00,0,0,0.0
3e9b0226-b62b-4781-aec7-394db8dfa1eb,3,นายอมรศักดิ์ หอมจันทร์,82,พังงา,1,1116011c-1ef3-4cca-a186-c1b9f7984ede,46,พรรคประชาชน,#F57C00,0,0,0.0
3f406917-b5ab-4685-9a11-50d3dfaed3b9,3,นายปัญญา ประทุมชัย,44,มหาสารคาม,1,115da917-bf32-4e96-a2ae-b7818d0909ee,6,พรรครวมไทยสร้างชาติ,#FF6D00,0,0,0.0
3f75b8be-4c86-4ed2-bba9-2706099d6e1a,3,นายทศพล พรหมเกตุ,42,เลย,1,d7155f6d-736d-42c0-8bc0-00ee6e1970dc,27,พรรคประชาธิปัตย์,#0066B3,0,0,0.0
4153f5f4-32b4-40d1-aa80-469a21d74ad8,3,นายปภิณวิช ศิริณายกุล,20,ชลบุรี,1,03347cbc-6089-474c-a3f6-484ae981c9a6,43,พรรคพลังประชารัฐ,#1565C0,0,0,0.0
416c2eab-7436-4c18-b414-a455999f87c3,3,นายชานน อ้นไชยะ,24,ฉะเชิงเทรา,1,1116011c-1ef3-4cca-a186-c1b9f7984ede,46,พรรคประชาชน,#F57C00,0,0,0.0
419c6f98-6b6b-4e95-8576-d339b69f6e35,3,นายชริน วงศ์พันธ์เที่ยง,14,พระนครศรีอยุธยา,2,1116011c-1ef3-4cca-a186-c1b9f7984ede,46,พรรคประชาชน,#F57C00,0,0,0.0
42297186-85a8-4dad-bac3-b9b3df68f22f,3,นางนวรัตน์ พาโคกทม,45,ร้อยเอ็ด,7,2d8a1c84-0bc8-4377-965d-c020a0097c27,9,พรรคเพื่อไทย,#E4002B,0,0,0.0
4256be6d-c559-4c91-a59a-713c1b090a52,3,นายกฤติเดช สันติวชิระกุล,54,แพร่,3,a62aca08-91b7-4f3f-ba8f-cb9e884a3799,42,พรรคกล้าธรรม,#5D4037,0,0,0.0
427f60e2-a543-43e8-89c8-854622d4da4d,3,นายอดิศร เย็ง,96,นราธิวาส,5,d7155f6d-736d-42c0-8bc0-00ee6e1970dc,27,พรรคประชาธิปัตย์,#0066B3,0,0,0.0
4435e6a6-a9e5-45fa-8ee4-d912ac48560c,3,นางสาวมะลิวัลย์ โกสุมภ์,20,ชลบุรี,7,339fa187-133c-4766-a6c2-36d1b32cda8f,23,พรรคปวงชนไทย,#827717,0,0,0.0
44b5e107-424d-497d-bd1b-0518539ed989,3,นายสมพงศ์ เสียงดี,80,นครศรีธรรมราช,5,2d8a1c84-0bc8-4377-965d-c020a0097c27,9,พรรคเพื่อไทย,#E4002B,0,0,0.0
46654d82-303e-439e-818c-9557e45df7da,3,นายอัครพล คฤหเดชรัตนา,10,กรุงเทพมหานคร,1,a62aca08-91b7-4f3f-ba8f-cb9e884a3799,42,พรรคกล้าธรรม,#5D4037,0,0,0.0
4727c30e-3dfd-4a9e-9ee4-fdc7f796df8c,3,นายอิสรพงษ์ อุประ,47,สกลนคร,7,2d8a1c84-0bc8-4377-965d-c020a0097c27,9,พรรคเพื่อไทย,#E4002B,0,0,0.0
475c1e46-9aaa-44ae-9cd5-a977b29aa977,3,นายวิภูษิต มีสิทธิ์,32,สุรินทร์,1,a62aca08-91b7-4f3f-ba8f-cb9e884a3799,42,พรรคกล้าธรรม,#5D4037,0,0,0.0
4a15b3b0-b00e-48c0-adbc-e4d169ad0b7c,3,นายพิมาน แม้นมินทร์,94,ปัตตานี,3,1116011c-1ef3-4cca-a186-c1b9f7984ede,46,พรรคประชาชน,#F57C00,0,0,0.0
4a3f6acb-9223-4e71-8fc4-15faf6e69fb8,3,นายพิศาล บุพศิริ,48,นครพนม,2,1116011c-1ef3-4cca-a186-c1b9f7984ede,46,พรรคประชาชน,#F57C00,0,0,0.0
4b33e16b-c916-4ce3-811c-eaad354fb398,3,นายอริยะฤทธิ์ สุสุวรรณสิริ,41,อุดรธานี,3,1116011c-1ef3-4cca-a186-c1b9f7984ede,46,พรรคประชาชน,#F57C00,0,0,0.0
4cf19ad2-2a4d-44ce-bb57-bb0452ca8b31,3,นายกฤษณ์ คูณรัตนศิริ,36,ชัยภูมิ,3,1116011c-1ef3-4cca-a186-c1b9f7984ede,46,พรรคประชาชน,#F57C00,0,0,0.0
4f605def-de4d-4740-a9c9-5d053aaa5725,3,นางสาวปภินพิทย์ พงศ์ศิริเมธี,55,น่าน,3,013c219e-e197-416d-84ea-00ba9c35465e,37,พรรคภูมิใจไทย,#3949AB,0,0,0.0
4f8241d3-01fa-4f05-bd58-dec08781f607,3,นายอาณัฐชัย ภู่กลาง,92,ตรัง,4,2d8a1c84-0bc8-4377-965d-c020a0097c27,9,พรรคเพื่อไทย,#E4002B,0,0,0.0
50085b5a-9c75-4d3e-9cff-af8869888f28,3,นายชยุต ภุมมะกาญจนะ,25,ปราจีนบุรี,2,013c219e-e197-416d-84ea-00ba9c35465e,37,พรรคภูมิใจไทย,#3949AB,0,0,0.0
507c450f-4f32-45c8-8858-fdd4079356a6,3,นายเกรียงกมล ศรีมา,50,เชียงใหม่,7,d7155f6d-736d-42c0-8bc0-00ee6e1970dc,27,พรรคประชาธิปัตย์,#0066B3,0,0,0.0
5087ac87-44bd-440a-a2e5-24a05a1c9037,3,นายนนทภูมิ ตั้งปณิธานนท์,49,มุกดาหาร,1,2d8a1c84-0bc8-4377-965d-c020a0097c27,9,พรรคเพื่อไทย,#E4002B,0,0,0.0
50ddb834-f03a-4a43-96e1-86c7887b3655,3,ส.อ.นิติภัส สุภาพงษ์นันทกุล,36,ชัยภูมิ,5,115da917-bf32-4e96-a2ae-b7818d0909ee,6,พรรครวมไทยสร้างชาติ,#FF6D00,0,0,0.0
52446e05-cd2d-41c8-850d-9a5014e538cf,3,นายวิทยา มาลา,66,พิจิตร,3,2d8a1c84-0bc8-4377-965d-c020a0097c27,9,พรรคเพื่อไทย,#E4002B,0,0,0.0
529000ec-7617-4905-a12d-75b1ea540841,3,นายกิตติศักดิ์ มูลทรัพย์,10,กรุงเทพมหานคร,17,c126e4e4-be85-44e6-bf3e-f9331b9f91a9,24,พรรควิชชั่นใหม่,#7CB342,0,0,0.0
53a77fa5-c330-4f26-b075-e57869024878,3,นายอนุเทน สีดาอุบล,41,อุดรธานี,8,1116011c-1ef3-4cca-a186-c1b9f7984ede,46,พรรคประชาชน,#F57C00,0,0,0.0
53db97c9-ef0a-4f63-93fe-123acb81e9bf,3,นายกฤษฎา ตันเทอดทิตย์,43,หนองคาย,1,2d8a1c84-0bc8-4377-965d-c020a0097c27,9,พรรคเพื่อไทย,#E4002B,0,0,0.0
54492645-d194-4b65-92ae-d20a7f1d256c,3,นายฮัมรัน เทพลักษณ์,96,นราธิวาส,2,1116011c-1ef3-4cca-a186-c1b9f7984ede,46,พรรคประชาชน,#F57C00,0,0,0.0
5481f0f8-372c-49eb-98cc-ee2bc5eb980c,3,นายวีรภัทร ราชชมภู,46,กาฬสินธุ์,3,1116011c-1ef3-4cca-a186-c1b9f7984ede,46,พรรคประชาชน,#F57C00,0,0,0.0
564d0426-055f-495a-8e42-1f4b79da8aab,3,นายธนัช ชุนพงษ์ทอง,64,สุโขทัย,1,a62aca08-91b7-4f3f-ba8f-cb9e884a3799,42,พรรคกล้าธรรม,#5D4037,0,0,0.0
5681c814-5a3f-4e0f-91d0-fbb2e1fe7091,3,นางบัวเงิน รอดขันเมือง,41,อุดรธานี,5,013c219e-e197-416d-84ea-00ba9c35465e,37,พรรคภูมิใจไทย,#3949AB,0,0,0.0
56e70506-2343-4171-9614-89187aa73c2e,3,นายพรชัย วุ่นยรรยงค์,73,นครปฐม,6,f9cadd57-8256-49aa-9386-0da392b19fc2,29,พรรคไทยภักดี,#D32F2F,0,0,0.0
571980b6-0ec9-4d97-a223-edfb9a4d277d,3,นายพงษ์ประณต บุญทศ,33,ศรีสะเกษ,6,d1964fe3-2dd0-43d5-a190-77fbfaf586b2,8,พรรคประชาธิปไตยใหม่,#1976D2,0,0,0.0
57a18f9b-8ef7-497d-a62d-2786cb5eb7a0,3,นายสันทัศน์ คุ้มสอาด,76,เพชรบุรี,2,1116011c-1ef3-4cca-a186-c1b9f7984ede,46,พรรคประชาชน,#F57C00,0,0,0.0
582ec4dc-78e2-4a52-ac88-a54a76863083,3,นายตติรัฐ รัตนเศรษฐ,30,นครราชสีมา,16,013c219e-e197-416d-84ea-00ba9c35465e,37,พรรคภูมิใจไทย,#3949AB,0,0,0.0
58bf4b07-ad8e-4e9c-99d8-26b3ef4355ee,3,นายอุดม เพ็ชรอ่อน,30,นครราชสีมา,7,a62aca08-91b7-4f3f-ba8f-cb9e884a3799,42,พรรคกล้าธรรม,#5D4037,0,0,0.0
5b735616-484c-45a6-a5bd-3bc88232f29b,3,นายนาวิน วังแปง,57,เชียงราย,5,1116011c-1ef3-4cca-a186-c1b9f7984ede,46,พรรคประชาชน,#F57C00,0,0,0.0
5c23571c-9d49-473a-8e96-13080754a873,3,นายพุฒิพงศ์ อินทรสุวรรณ,10,กรุงเทพมหานคร,7,2d8a1c84-0bc8-4377-965d-c020a0097c27,9,พรรคเพื่อไทย,#E4002B,0,0,0.0
5c35579e-42b4-41f9-a881-a32cf32fc4a3,3,นางสาวเพ็ญภัค รัตนคำฟู,52,ลำปาง,4,a62aca08-91b7-4f3f-ba8f-cb9e884a3799,42,พรรคกล้าธรรม,#5D4037,0,0,0.0
5dd13f8b-7819-4207-9db7-e828d41f7c9f,3,นายพงศกร กงพาน,41,อุดรธานี,9,d7155f6d-736d-42c0-8bc0-00ee6e1970dc,27,พรรคประชาธิปัตย์,#0066B3,0,0,0.0
5e033095-7581-490f-a4f6-ff738d12e114,3,นายนนท์ ไพศาลลิ้มเจริญกิจ,12,นนทบุรี,8,1116011c-1ef3-4cca-a186-c1b9f7984ede,46,พรรคประชาชน,#F57C00,0,0,0.0
5e6fb484-c643-4abd-9e98-bded7ece1127,3,นางสาวพุทธชาด จินตะเวช,34,อุบลราชธานี,4,1116011c-1ef3-4cca-a186-c1b9f7984ede,46,พรรคประชาชน,#F57C00,0,0,0.0
5e9067c1-b0cd-474f-9fe5-9738dcc58355,3,นายเกรียงไกร เดชอุปการ,66,พิจิตร,1,115da917-bf32-4e96-a2ae-b7818d0909ee,6,พรรครวมไทยสร้างชาติ,#FF6D00,0,0,0.0
5ff36b87-71a5-4dec-bab3-135aa78ce1f0,3,นางสาวนธพร ตันติบูล,67,เพชรบูรณ์,2,339fa187-133c-4766-a6c2-36d1b32cda8f,23,พรรคปวงชนไทย,#827717,0,0,0.0
600292d9-694a-477f-b512-0588578f4f7a,3,นางขวัญแก้ว เอี่ยมศิลป์,27,สระแก้ว,1,2d8a1c84-0bc8-4377-965d-c020a0097c27,9,พรรคเพื่อไทย,#E4002B,0,0,0.0
601c852c-6095-4dc0-8b4a-4b8e61044aef,3,นายภาคภูมิ ประชญาภูมิวงศ์,30,นครราชสีมา,4,1116011c-1ef3-4cca-a186-c1b9f7984ede,46,พรรคประชาชน,#F57C00,0,0,0.0
606316a7-1cc0-43f0-926a-b31ef5b1d28a,3,นายพิพัฒชัย แก้วสีเขียว,63,ตาก,3,115da917-bf32-4e96-a2ae-b7818d0909ee,6,พรรครวมไทยสร้างชาติ,#FF6D00,0,0,0.0
609b578f-7c82-4d41-a23f-f12e123c8f3a,3,นายมานิฏฐ์ เล็กโล่ง,21,ระยอง,5,d7155f6d-736d-42c0-8bc0-00ee6e1970dc,27,พรรคประชาธิปัตย์,#0066B3,0,0,0.0
60e44318-9e02-40ce-bcbe-91275bf13d92,3,นายบุรินทร์ นามโร,44,มหาสารคาม,6,a62aca08-91b7-4f3f-ba8f-cb9e884a3799,42,พรรคกล้าธรรม,#5D4037,0,0,0.0
61f501c5-0611-4e19-a7f8-a01631b8ebb1,3,นายวัจน์คมกริช ศรีวะรมย์,45,ร้อยเอ็ด,4,1116011c-1ef3-4cca-a186-c1b9f7984ede,46,พรรคประชาชน,#F57C00,0,0,0.0
62319e5b-6b99-4867-98a4-207186772e85,3,นายศรัณยพงศ์ อนิวัตกูลชัย,30,นครราชสีมา,14,013c219e-e197-416d-84ea-00ba9c35465e,37,พรรคภูมิใจไทย,#3949AB,0,0,0.0
633a6fb1-d94a-4a83-9de9-cb15e548cc8e,3,นายคัมภีรพจน์ สายเพ็ชร,33,ศรีสะเกษ,9,0c044088-618b-49af-a291-fb28ffe9e0f8,11,พรรคเศรษฐกิจ,#FFA000,0,0,0.0
63b1bcd0-a46d-437f-910a-d2a98bf3f85f,3,นายประสิทธิ์ โนทะ,55,น่าน,2,a62aca08-91b7-4f3f-ba8f-cb9e884a3799,42,พรรคกล้าธรรม,#5D4037,0,0,0.0
643e9985-c566-4f16-8315-3e0f27bb1eb3,3,นายอัครเดช วงษ์พิทักษ์โรจน์,70,ราชบุรี,4,013c219e-e197-416d-84ea-00ba9c35465e,37,พรรคภูมิใจไทย,#3949AB,0,0,0.0
644a5cba-deb1-4dcd-8a85-592cade307d7,3,นายชุตินันท์ คงท่าเรือ,86,ชุมพร,3,1116011c-1ef3-4cca-a186-c1b9f7984ede,46,พรรคประชาชน,#F57C00,0,3,0.0
64d17ad2-e296-4d5e-b5d3-245446bec65c,3,นายณัฏฐ์พัฒน์ รัฐผไท,50,เชียงใหม่,8,2d8a1c84-0bc8-4377-965d-c020a0097c27,9,พรรคเพื่อไทย,#E4002B,0,0,0.0
65ed2a90-6867-49b0-bf46-1a87332cc0f2,3,นายพิทักษ์ แสงคำ,57,เชียงราย,3,a62aca08-91b7-4f3f-ba8f-cb9e884a3799,42,พรรคกล้าธรรม,#5D4037,0,0,0.0
675bf9f4-17a4-4d16-9dd7-cfee68fae5a8,3,นายชยพล จำปาโชติ,73,นครปฐม,1,bd8d9f14-f757-41fb-8f37-d6128d9d012d,7,พรรคพลวัต,#EF6C00,0,0,0.0
68524570-ed14-4284-906b-f177e5895d03,3,นายนกเขา ท้วมกลัด,11,สมุทรปราการ,2,013c219e-e197-416d-84ea-00ba9c35465e,37,พรรคภูมิใจไทย,#3949AB,0,0,0.0
690ca30f-4d38-4af1-b099-d910c612c8fe,3,นายวีรนันท์ ฮวดศรี,40,ขอนแก่น,1,1116011c-1ef3-4cca-a186-c1b9f7984ede,46,พรรคประชาชน,#F57C00,0,0,0.0
694638d6-feef-46c1-a6a4-9487509dd1c9,3,นายพิชัย เกียรติวินัยสกุล,16,ลพบุรี,1,03347cbc-6089-474c-a3f6-484ae981c9a6,43,พรรคพลังประชารัฐ,#1565C0,0,0,0.0
6955483d-ef03-4381-95bf-c04c8401fe37,3,นายจำเริญ ปิ่นภู่,13,ปทุมธานี,4,115da917-bf32-4e96-a2ae-b7818d0909ee,6,พรรครวมไทยสร้างชาติ,#FF6D00,0,0,0.0
6a0dc431-ffbb-4b6f-8345-c3f9e90319f5,3,นางสาวพรพิมล ธรรมสาร,13,ปทุมธานี,8,013c219e-e197-416d-84ea-00ba9c35465e,37,พรรคภูมิใจไทย,#3949AB,0,0,0.0
6a3897d9-84a2-4c7f-82eb-27273e186890,3,นายฉกาจ พัฒนกิจวิบูลย์,82,พังงา,2,013c219e-e197-416d-84ea-00ba9c35465e,37,พรรคภูมิใจไทย,#3949AB,0,0,0.0
6b07bc79-34d7-41bc-8018-023151e52456,3,นางสาวณัฏฐณิชา สารบรรณ,40,ขอนแก่น,11,1116011c-1ef3-4cca-a186-c1b9f7984ede,46,พรรคประชาชน,#F57C00,0,0,0.0
6cdbc3e4-631f-436c-9d95-bf472fe3f7b0,3,นายพรเทพ เพชรรุ่งทอง,67,เพชรบูรณ์,1,a62aca08-91b7-4f3f-ba8f-cb9e884a3799,42,พรรคกล้าธรรม,#5D4037,0,0,0.0
6cef1eb9-f2a8-4e99-9e41-814f7624d623,3,นายอัคร ทองใจสด,67,เพชรบูรณ์,6,013c219e-e197-416d-84ea-00ba9c35465e,37,พรรคภูมิใจไทย,#3949AB,0,0,0.0
6cfb631c-ecb7-40e4-be16-7d5b34cb42f5,3,นายกิติศักดิ์ พ้นภัย,33,ศรีสะเกษ,4,115da917-bf32-4e96-a2ae-b7818d0909ee,6,พรรครวมไทยสร้างชาติ,#FF6D00,0,0,0.0
6d37a22c-2f70-443a-aa30-f087644290e1,3,นายสำราญ บุญเส้ง,90,สงขลา,1,2d8a1c84-0bc8-4377-965d-c020a0097c27,9,พรรคเพื่อไทย,#E4002B,0,0,0.0
706d8148-0a2b-46f1-93e6-b98cdfc2f7b3,3,นายจันทร์ สมัญญา,32,สุรินทร์,6,0c044088-618b-49af-a291-fb28ffe9e0f8,11,พรรคเศรษฐกิจ,#FFA000,0,0,0.0
70ab299a-9c94-43ef-b122-a8d7b4466555,3,เรือตรีศุภเศรษฐ์ ศรีชัยรุ่งโรจน์,41,อุดรธานี,2,115da917-bf32-4e96-a2ae-b7818d0909ee,6,พรรครวมไทยสร้างชาติ,#FF6D00,0,0,0.0
71f05674-d498-457f-90ee-2707cd157af5,3,นายศักดิ์ดา วิเชียรศิลป์,71,กาญจนบุรี,5,013c219e-e197-416d-84ea-00ba9c35465e,37,พรรคภูมิใจไทย,#3949AB,0,0,0.0
725637e3-c824-4ece-9a4a-216ead868f4a,3,นายเตวิช เฉลิมรักษ์,10,กรุงเทพมหานคร,21,965b4b93-c01e-4a2b-a987-577f2b99ebb4,49,พรรคไทยก้าวใหม่,#1E88E5,0,0,0.0
72b5b6d4-599a-47f9-b92e-0c47a1a174b6,3,นายชัชวาล ธีรภานุ,40,ขอนแก่น,2,a62aca08-91b7-4f3f-ba8f-cb9e884a3799,42,พรรคกล้าธรรม,#5D4037,0,3,0.0
72bc3ee1-23c9-4944-b6c1-d35ed7bab063,3,นายบัณฑิต อับดุลบุตร,94,ปัตตานี,5,7f4755ca-ea3a-4023-869d-9cabba328db0,33,พรรคประชาชาติ,#2E7D32,0,0,0.0
7365d4e5-d0d8-421f-adcc-e8fcba0b8ec2,3,นายอัศวิน คูร์พิพัฒน์,10,กรุงเทพมหานคร,27,2ee17641-917b-4ea0-8c19-da383e03e915,44,พรรคโอกาสใหม่,#26C6DA,0,0,0.0
7369056d-a395-443a-82e5-bbc6d837e808,3,นายธนทรัพย์ อำพันธ์ทอง,30,นครราชสีมา,1,0c044088-618b-49af-a291-fb28ffe9e0f8,11,พรรคเศรษฐกิจ,#FFA000,0,0,0.0
73a38e51-bab0-4093-9348-880eed01b9b6,3,นายนรชัย ไชยสังข์,10,กรุงเทพมหานคร,15,0c044088-618b-49af-a291-fb28ffe9e0f8,11,พรรคเศรษฐกิจ,#FFA000,0,0,0.0
74315a40-b270-42fb-82ab-3f3ebf98034e,3,นายชัยพร ชูเสน,92,ตรัง,2,a62aca08-91b7-4f3f-ba8f-cb9e884a3799,42,พรรคกล้าธรรม,#5D4037,0,0,0.0
74e6e415-0373-4065-af35-4258f9b6aa73,3,นายรุ่งเพชร ศรีกาญจนา,39,หนองบัวลำภู,2,2d8a1c84-0bc8-4377-965d-c020a0097c27,9,พรรคเพื่อไทย,#E4002B,0,0,0.0
76bd0b03-3143-40a8-8747-adfbd96e2779,3,ว่าที่ร้อยตรีณรงค์ฤทธิ์ ปักเข็ม,74,สมุทรสาคร,2,0c044088-618b-49af-a291-fb28ffe9e0f8,11,พรรคเศรษฐกิจ,#FFA000,0,0,0.0
76d849e3-b37e-4d99-83f9-8f3dc2151824,3,นายสุภณัฏฐ์ ชุมภูทอง,90,สงขลา,3,115da917-bf32-4e96-a2ae-b7818d0909ee,6,พรรครวมไทยสร้างชาติ,#FF6D00,0,0,0.0
76e9d2b9-ff8b-4c41-a415-92e58306de76,3,นางสาวศวิตา สำลีพันธุ์,42,เลย,4,1116011c-1ef3-4cca-a186-c1b9f7984ede,46,พรรคประชาชน,#F57C00,0,0,0.0
76f83c0f-8461-4a89-90b9-33dd06a4a452,3,นางสาวอาทิตยา พงษ์สมบัติ,40,ขอนแก่น,4,a62aca08-91b7-4f3f-ba8f-cb9e884a3799,42,พรรคกล้าธรรม,#5D4037,0,0,0.0
775639e6-b550-41be-b4a1-36c58e1c6b94,3,นายเกษียร ศรีจันทร์,56,พะเยา,2,2d8a1c84-0bc8-4377-965d-c020a0097c27,9,พรรคเพื่อไทย,#E4002B,0,0,0.0
7805ec65-b429-48bc-a07e-97e54e47f04b,3,นายอับดุลบาซิม อาบู,94,ปัตตานี,2,a62aca08-91b7-4f3f-ba8f-cb9e884a3799,42,พรรคกล้าธรรม,#5D4037,0,0,0.0
781bc017-9d3a-42d5-91d7-1d9b14a89362,3,นายเดชา คงคา,61,อุทัยธานี,1,1116011c-1ef3-4cca-a186-c1b9f7984ede,46,พรรคประชาชน,#F57C00,0,0,0.0
78ef9078-1654-4901-b5fc-185abc6a4fa6,3,นายเสรี มะลิแย้ม,11,สมุทรปราการ,7,965b4b93-c01e-4a2b-a987-577f2b99ebb4,49,พรรคไทยก้าวใหม่,#1E88E5,0,0,0.0
792fa763-8aa2-41a7-8fde-015194b1b29a,3,นายเสกสรร สุริยา,31,บุรีรัมย์,9,1116011c-1ef3-4cca-a186-c1b9f7984ede,46,พรรคประชาชน,#F57C00,0,0,0.0
797c89d6-122f-4c7a-9534-4a10145d3c4e,3,นายธนกร ทองใบ,71,กาญจนบุรี,1,bcdcd19b-d619-47dd-8535-fafb6bc6f4d8,12,พรรคเสรีรวมไทย,#C62828,0,0,0.0
7a846868-2c76-472c-96bf-40cc2e566c20,3,นายเชาวน์วัศ เสนพงศ์,80,นครศรีธรรมราช,2,d7155f6d-736d-42c0-8bc0-00ee6e1970dc,27,พรรคประชาธิปัตย์,#0066B3,0,0,0.0
7b088919-63e3-48ba-a4c0-cbab2b8d5f40,3,นายษณกร กี่สิ้น,83,ภูเก็ต,2,013c219e-e197-416d-84ea-00ba9c35465e,37,พรรคภูมิใจไทย,#3949AB,0,0,0.0
7cdf2c28-63da-45ee-b3f8-1765d0eb1953,3,นายสุริยา แป้นสุขา,38,บึงกาฬ,2,013c219e-e197-416d-84ea-00ba9c35465e,37,พรรคภูมิใจไทย,#3949AB,0,0,0.0
7d13bcfa-0362-4af9-bf68-82922b6d172d,3,นายอาทิตย์ หวังศุภกิจโกศล,30,นครราชสีมา,11,2d8a1c84-0bc8-4377-965d-c020a0097c27,9,พรรคเพื่อไทย,#E4002B,0,0,0.0
7d2d0081-e47a-4137-ae2b-42fb4b2558d7,3,นายอัครเศรษฐ รักษ์สกุลสงสัย,20,ชลบุรี,10,2d8a1c84-0bc8-4377-965d-c020a0097c27,9,พรรคเพื่อไทย,#E4002B,0,0,0.0
7dd64392-ddef-4e42-929d-23835d254a95,3,นายภานรินทร์ อินสกุล,72,สุพรรณบุรี,5,2d8a1c84-0bc8-4377-965d-c020a0097c27,9,พรรคเพื่อไทย,#E4002B,0,0,0.0
7f02c28b-d76d-47a0-b4fc-337e7ae23aba,3,นางสาวสุวรรณี ว่องชล,80,นครศรีธรรมราช,1,f9cadd57-8256-49aa-9386-0da392b19fc2,29,พรรคไทยภักดี,#D32F2F,0,0,0.0
7fb97b46-d97c-4b9e-b29c-469a711f0fd9,3,นายพณศธร อยู่ประเสริฐ,15,อ่างทอง,1,a62aca08-91b7-4f3f-ba8f-cb9e884a3799,42,พรรคกล้าธรรม,#5D4037,0,0,0.0
80080793-6bdf-42ca-9a85-756c607f77de,3,นายฉลอง สุวรรณโคตร,47,สกลนคร,6,a62aca08-91b7-4f3f-ba8f-cb9e884a3799,42,พรรคกล้าธรรม,#5D4037,0,0,0.0
80b2909b-ecdc-415d-a8a6-0ebb850d5ad2,3,นายเสกสรรค์ เชื้อเมืองพาน,57,เชียงราย,7,013c219e-e197-416d-84ea-00ba9c35465e,37,พรรคภูมิใจไทย,#3949AB,0,0,0.0
8188db69-1b05-42cd-8d8f-82cb716f8693,3,นายก้องเกียรติ เกตุสมบัติ,80,นครศรีธรรมราช,7,a62aca08-91b7-4f3f-ba8f-cb9e884a3799,42,พรรคกล้าธรรม,#5D4037,0,0,0.0
81e0e192-d6bc-4d7a-b9a3-cafff54a4fe3,3,นายสุกรี มะเต๊ะ,95,ยะลา,2,013c219e-e197-416d-84ea-00ba9c35465e,37,พรรคภูมิใจไทย,#3949AB,0,0,0.0
821a1606-602b-481d-9bb7-26c54404d766,3,พันตำรวจเอกสมศักดิ์ นารอด,25,ปราจีนบุรี,1,2ee17641-917b-4ea0-8c19-da383e03e915,44,พรรคโอกาสใหม่,#26C6DA,0,0,0.0
83675392-7973-4b22-84f3-366872dbacfa,3,นายภูมิสิทธิ์ มาประจง,31,บุรีรัมย์,10,d7155f6d-736d-42c0-8bc0-00ee6e1970dc,27,พรรคประชาธิปัตย์,#0066B3,0,0,0.0
86fc7fb2-fa05-4b32-93dd-4b7c5eee9fd0,3,นางสาวมัลลิกา จิระพันธุ์วาณิช,16,ลพบุรี,2,013c219e-e197-416d-84ea-00ba9c35465e,37,พรรคภูมิใจไทย,#3949AB,0,0,0.0
88e2411b-b757-4fc4-8f38-2d4eee55d8a9,3,นางสาวชลณัฏฐ์ โกยกุล,10,กรุงเทพมหานคร,28,1116011c-1ef3-4cca-a186-c1b9f7984ede,46,พรรคประชาชน,#F57C00,0,0,0.0
891806c6-8329-4729-9885-e68866d78ecc,3,นายรัฐชานนท์ คาดหมายดี,21,ระยอง,1,2d8a1c84-0bc8-4377-965d-c020a0097c27,9,พรรคเพื่อไทย,#E4002B,0,0,0.0
8aa90830-b56c-4a94-b1ff-e86fad93d22f,3,นางสาวนิศาชล ชาหอม,10,กรุงเทพมหานคร,26,bd8d9f14-f757-41fb-8f37-d6128d9d012d,7,พรรคพลวัต,#EF6C00,0,0,0.0
8bec1770-db40-4a66-b989-ff213714aa2c,3,นางสาวเพชรา อัคราชศรี,47,สกลนคร,2,115da917-bf32-4e96-a2ae-b7818d0909ee,6,พรรครวมไทยสร้างชาติ,#FF6D00,0,0,0.0
8dbad9a3-4a0f-4e89-b33c-5754cb6941ce,3,นายศราวุฒิ ปรีดากัญญารัตน์,64,สุโขทัย,4,0c044088-618b-49af-a291-fb28ffe9e0f8,11,พรรคเศรษฐกิจ,#FFA000,0,0,0.0
8dd63a59-6e91-4d38-8e7c-076191c8efa8,3,นายมานะ แรงมูลพฤกษ์,34,อุบลราชธานี,7,22076b92-676c-49f4-aa1c-377cc1e91e71,41,พรรคแผ่นดินธรรม,#8D6E63,0,0,0.0
8e7203d3-3370-4649-b463-90b24bb6c249,3,นายยุทธพงศ์ ไชยศร,51,ลำพูน,1,013c219e-e197-416d-84ea-00ba9c35465e,37,พรรคภูมิใจไทย,#3949AB,0,0,0.0
8e9bdd54-5f16-44fd-b942-bffc49a3b54b,3,พันโทสินธพ แก้วพิจิตร,73,นครปฐม,2,a62aca08-91b7-4f3f-ba8f-cb9e884a3799,42,พรรคกล้าธรรม,#5D4037,0,0,0.0
8f05c9e9-e725-4751-914d-138b8989251a,3,นายปรเมธ ศรีหล้า,34,อุบลราชธานี,3,1116011c-1ef3-4cca-a186-c1b9f7984ede,46,พรรคประชาชน,#F57C00,0,0,0.0
90749ebe-892a-4186-a79b-6495304458e3,3,นายนิวัตร สระพรม,40,ขอนแก่น,10,1116011c-1ef3-4cca-a186-c1b9f7984ede,46,พรรคประชาชน,#F57C00,0,0,0.0
90c884a8-4402-47f9-a030-97c488f5dbe1,3,นายสุรเชษฐ ทองคำ,12,นนทบุรี,4,a62aca08-91b7-4f3f-ba8f-cb9e884a3799,42,พรรคกล้าธรรม,#5D4037,0,0,0.0
9168074e-4271-4e25-8fa0-9aa0845466dc,3,นายธีรพงศ์ สิทธา,80,นครศรีธรรมราช,8,115da917-bf32-4e96-a2ae-b7818d0909ee,6,พรรครวมไทยสร้างชาติ,#FF6D00,0,0,0.0
917c9cc0-3fc2-43c3-92e5-bd17546c66a4,3,พลตำรวจตรีทินกร ณัฏฐมั่งคั่ง,10,กรุงเทพมหานคร,10,7ffe2115-72d1-4d71-9962-03ff61afc67c,31,พรรคประชากรไทย,#00695C,0,0,0.0
92a8e629-b06a-480b-a670-f3251ae6e22d,3,นางสาวอรสา ชุมเกษียร,24,ฉะเชิงเทรา,4,339fa187-133c-4766-a6c2-36d1b32cda8f,23,พรรคปวงชนไทย,#827717,0,0,0.0
9357a2c1-a153-48b7-8785-2e64e995cd56,3,นายสุรศักดิ์ ชิงนวรรณ์,27,สระแก้ว,3,a62aca08-91b7-4f3f-ba8f-cb9e884a3799,42,พรรคกล้าธรรม,#5D4037,0,0,0.0
9392fe89-4405-4b69-b585-a681b3e8fc22,3,นายชรัตน์ เนรัญชร,22,จันทบุรี,3,013c219e-e197-416d-84ea-00ba9c35465e,37,พรรคภูมิใจไทย,#3949AB,0,0,0.0
94d63c6a-4d43-4c94-88c2-ea7ceaf8e9c8,3,นางพชรพรรณ ลิ้มโฆษิต,31,บุรีรัมย์,5,d7155f6d-736d-42c0-8bc0-00ee6e1970dc,27,พรรคประชาธิปัตย์,#0066B3,0,0,0.0
94f16995-bdaa-4b33-98e7-ae9865b225a9,3,นายสมศักดิ์ คำมงคุณ,42,เลย,2,1116011c-1ef3-4cca-a186-c1b9f7984ede,46,พรรคประชาชน,#F57C00,0,0,0.0
9680cf8c-b5cf-4dc3-88a4-0f1b4e8b415a,3,นายพลพีร์ สุวรรณฉวี,30,นครราชสีมา,9,013c219e-e197-416d-84ea-00ba9c35465e,37,พรรคภูมิใจไทย,#3949AB,0,0,0.0
96b6cdad-7b01-4efc-a0f3-c40cc874a612,3,นายชัยพร สีถัน,72,สุพรรณบุรี,2,2d8a1c84-0bc8-4377-965d-c020a0097c27,9,พรรคเพื่อไทย,#E4002B,0,0,0.0
9705809b-0f03-4227-b6f1-e4d9be84dc1b,3,นายอภิมุข ฉันทวานิช,10,กรุงเทพมหานคร,3,d7155f6d-736d-42c0-8bc0-00ee6e1970dc,27,พรรคประชาธิปัตย์,#0066B3,0,0,0.0
97059b97-aa85-4c03-bb9e-75ba0830fe2a,3,นายพจน์ เจริญสันเทียะ,30,นครราชสีมา,15,03347cbc-6089-474c-a3f6-484ae981c9a6,43,พรรคพลังประชารัฐ,#1565C0,0,0,0.0
97e7af47-c1c7-4e9f-b266-631b1647c55d,3,นายศุภพิพัฒน์ บัลนาลังก์,10,กรุงเทพมหานคร,14,965b4b93-c01e-4a2b-a987-577f2b99ebb4,49,พรรคไทยก้าวใหม่,#1E88E5,0,0,0.0
984fdb99-dd19-4ddf-8b4a-2e2f1efb72c2,3,นายอนุชา นาคาศัย,18,ชัยนาท,1,2d8a1c84-0bc8-4377-965d-c020a0097c27,9,พรรคเพื่อไทย,#E4002B,0,0,0.0
9928fce2-032e-41bd-ad06-55aac24988ab,3,นายกิตติพัทธ์ เตชะพกาพงษ์,10,กรุงเทพมหานคร,30,339fa187-133c-4766-a6c2-36d1b32cda8f,23,พรรคปวงชนไทย,#827717,0,0,0.0
99b95645-cad7-4bd9-99c7-8dda735072b3,3,นางสาวเพชรดาว โต๊ะมีนา,94,ปัตตานี,1,a62aca08-91b7-4f3f-ba8f-cb9e884a3799,42,พรรคกล้าธรรม,#5D4037,0,6,0.0
99d697c9-6e3e-43bc-99f5-88e7a72b778f,3,นายพิบูลย์ ทรายทองวัฒนา,62,กำแพงเพชร,1,0c044088-618b-49af-a291-fb28ffe9e0f8,11,พรรคเศรษฐกิจ,#FFA000,0,0,0.0
9a188ec7-9b08-4acd-aa86-f998d35f7e0e,3,พันเอกสุชาติ คัดสูงเนิน,16,ลพบุรี,3,a62aca08-91b7-4f3f-ba8f-cb9e884a3799,42,พรรคกล้าธรรม,#5D4037,0,0,0.0
9a1a77c6-992a-4206-86b3-d9d7c36eaa97,3,นายธนยศ ทิมสุวรรณ,42,เลย,3,013c219e-e197-416d-84ea-00ba9c35465e,37,พรรคภูมิใจไทย,#3949AB,0,0,0.0
9a4925d3-bf0f-48f8-8aab-c56707380074,3,นายสุรพงษ์ อึ้งอัมพรวิไล,13,ปทุมธานี,1,2d8a1c84-0bc8-4377-965d-c020a0097c27,9,พรรคเพื่อไทย,#E4002B,0,0,0.0
9b70fadb-9828-4fe9-8367-a4c5ac1cd1f5,3,นายบัญญัติ เจตนจันทร์,21,ระยอง,3,115da917-bf32-4e96-a2ae-b7818d0909ee,6,พรรครวมไทยสร้างชาติ,#FF6D00,0,0,0.0
9bd7ffbd-dc35-4bd3-bf4d-2c7c602f91c5,3,นายธนวัฒน์ ภาวสุทธิ์,20,ชลบุรี,2,013c219e-e197-416d-84ea-00ba9c35465e,37,พรรคภูมิใจไทย,#3949AB,0,0,0.0
9c1ff098-55c8-40e9-89d8-3d3be8b2e3d7,3,นายเอก ปุกมณี,50,เชียงใหม่,6,c126e4e4-be85-44e6-bf3e-f9331b9f91a9,24,พรรควิชชั่นใหม่,#7CB342,0,0,0.0
9f7b6f84-ffc9-4b63-837c-ce6ebd958a44,3,นายสมานมิตร จิตหนักแน่น,32,สุรินทร์,5,43053588-eac7-4f7a-9dcd-dba51eeceaed,18,พรรคพลังสังคมใหม่,#00796B,0,0,0.0
9fc715a4-4c93-4270-a262-117e3fd60e1e,3,นายกู้ชาติ ชายเกตุ,93,พัทลุง,1,2d8a1c84-0bc8-4377-965d-c020a0097c27,9,พรรคเพื่อไทย,#E4002B,0,0,0.0
9fead614-05d3-4ab5-84b6-2fb317321bde,3,นายวัชรพล เชื้อคง,34,อุบลราชธานี,10,2d8a1c84-0bc8-4377-965d-c020a0097c27,9,พรรคเพื่อไทย,#E4002B,0,0,0.0
a0b9d2ab-d029-45f5-b625-a385aeec1dd8,3,นายธเนศ เครือรัตน์,33,ศรีสะเกษ,1,2d8a1c84-0bc8-4377-965d-c020a0097c27,9,พรรคเพื่อไทย,#E4002B,0,0,0.0
a18fc1df-1a9d-4aab-9d41-658229592232,3,นายวงศธร โชคภัทรชัยกิจ,10,กรุงเทพมหานคร,32,0c044088-618b-49af-a291-fb28ffe9e0f8,11,พรรคเศรษฐกิจ,#FFA000,0,0,0.0
a1bfdb58-1853-4ab5-ae7d-70deec376c37,3,นายวัชระ เกตุชู,80,นครศรีธรรมราช,4,1116011c-1ef3-4cca-a186-c1b9f7984ede,46,พรรคประชาชน,#F57C00,0,0,0.0
a1daeac3-34fd-4adc-b33a-f456916ae2bb,3,นางสาวสุจจาธินี ลักษมน์ศิริชาต,12,นนทบุรี,5,bdd306a2-80c7-4d7b-a7ff-8dc1ec9fcc76,10,พรรคทางเลือกใหม่,#00838F,0,0,0.0
a475e287-4ca3-4362-979c-19ed110a6b97,3,นายสุนทร คมคาย,25,ปราจีนบุรี,3,1116011c-1ef3-4cca-a186-c1b9f7984ede,46,พรรคประชาชน,#F57C00,0,0,0.0
a4b6870b-b755-4d66-8577-ec7ca0f95241,3,นายธงชัย จ้อยชู,18,ชัยนาท,2,d7155f6d-736d-42c0-8bc0-00ee6e1970dc,27,พรรคประชาธิปัตย์,#0066B3,0,0,0.0
a4bb140c-05fb-43dd-89e7-c15e0c397600,3,นายกวิน เตียวเจริญโสภา,32,สุรินทร์,3,03347cbc-6089-474c-a3f6-484ae981c9a6,43,พรรคพลังประชารัฐ,#1565C0,0,0,0.0
a4cf1688-f1ec-4db7-8c33-610e5842dfc7,3,พันตำรวจเอกประศาสตร์ แน่นอุดร,40,ขอนแก่น,3,2d8a1c84-0bc8-4377-965d-c020a0097c27,9,พรรคเพื่อไทย,#E4002B,0,0,0.0
a4d0fd54-a170-4a90-87e0-fddc8e994383,3,นายอับดุลอายี สาแม็ง,95,ยะลา,3,7f4755ca-ea3a-4023-869d-9cabba328db0,33,พรรคประชาชาติ,#2E7D32,0,0,0.0
a4ebb88b-d53c-4a10-b145-3d32f1949a37,3,นายชัชพีร์ วรรณาพิรัชย์,51,ลำพูน,2,1116011c-1ef3-4cca-a186-c1b9f7984ede,46,พรรคประชาชน,#F57C00,0,0,0.0
a4fc97e1-cee3-42e0-8990-a81018fcb9ae,3,นายนรเสฎฐ์ ศิริโรจนกุล,30,นครราชสีมา,12,2d8a1c84-0bc8-4377-965d-c020a0097c27,9,พรรคเพื่อไทย,#E4002B,0,0,0.0
a6256f1b-0374-4cae-8ca6-b02729d2e2fa,3,นายชานนท์ ไทยเศรษฐ์,60,นครสวรรค์,2,013c219e-e197-416d-84ea-00ba9c35465e,37,พรรคภูมิใจไทย,#3949AB,0,0,0.0
a88538b0-172d-4ec1-ad46-490e540396b6,3,นายเพ็ชร อุ่นแดง,90,สงขลา,7,a62aca08-91b7-4f3f-ba8f-cb9e884a3799,42,พรรคกล้าธรรม,#5D4037,0,0,0.0
ab962fc1-46b0-40f5-9e19-b6abb12e397c,3,นายเอกพงษ์ กุลเจริญ,65,พิษณุโลก,5,2d8a1c84-0bc8-4377-965d-c020a0097c27,9,พรรคเพื่อไทย,#E4002B,0,0,0.0
ac7a6ac5-6ec9-4c49-bdca-be795c9eeb21,3,นายประสิทธิ์ คลังสีดา,53,อุตรดิตถ์,2,d7155f6d-736d-42c0-8bc0-00ee6e1970dc,27,พรรคประชาธิปัตย์,#0066B3,0,0,0.0
ac9ff0ba-e381-4ab9-8330-44e4949be80f,3,นายเกียรติศักดิ์ สุดแดน,27,สระแก้ว,2,965b4b93-c01e-4a2b-a987-577f2b99ebb4,49,พรรคไทยก้าวใหม่,#1E88E5,0,0,0.0
ad76018d-bf58-4d26-a144-7a2b88544a79,3,นายธนชิต ทัศนีย์ไตรเทพ,74,สมุทรสาคร,1,013c219e-e197-416d-84ea-00ba9c35465e,37,พรรคภูมิใจไทย,#3949AB,0,0,0.0
adbe724a-d26b-421f-8caf-3a6d249a89f2,3,นายอัครวัฒน์ อัศวเหม,11,สมุทรปราการ,1,2d8a1c84-0bc8-4377-965d-c020a0097c27,9,พรรคเพื่อไทย,#E4002B,0,0,0.0
adf371ff-506a-4096-81b2-6ab32d349e8a,3,นายมนตรี ขุนเทพ,67,เพชรบูรณ์,3,1116011c-1ef3-4cca-a186-c1b9f7984ede,46,พรรคประชาชน,#F57C00,0,0,0.0
ae69539e-86d5-4c51-83b7-e6eb62927b30,3,นายเอกชัย แสงวิจิตร,12,นนทบุรี,3,0c044088-618b-49af-a291-fb28ffe9e0f8,11,พรรคเศรษฐกิจ,#FFA000,0,0,0.0
aea0bbe1-ef8e-4e9a-8b8c-a28ecd387d04,3,นางสาวปัญจรัศม์ ภคภณธนวัจน์,13,ปทุมธานี,7,115da917-bf32-4e96-a2ae-b7818d0909ee,6,พรรครวมไทยสร้างชาติ,#FF6D00,0,0,0.0
af76460e-9b6c-46c6-93e2-f8220090ae4d,3,นายเสน่ห์ เพ็ชร์รุ่ง,47,สกลนคร,1,115da917-bf32-4e96-a2ae-b7818d0909ee,6,พรรครวมไทยสร้างชาติ,#FF6D00,0,0,0.0
af8bb89e-b247-4044-9c3c-3677607c5644,3,นางสาวอรทัย เกิดทรัพย์,83,ภูเก็ต,3,a62aca08-91b7-4f3f-ba8f-cb9e884a3799,42,พรรคกล้าธรรม,#5D4037,0,0,0.0
b0415f57-2d3b-4ad7-a754-865fae31dcaf,3,นายกฤช ธนธรรมเจริญ,19,สระบุรี,1,d7155f6d-736d-42c0-8bc0-00ee6e1970dc,27,พรรคประชาธิปัตย์,#0066B3,0,0,0.0
b137fd3b-2287-43fc-a63d-e8f9c7befea3,3,นายกันตพงศ์ นาคสุวรรณ,10,กรุงเทพมหานคร,16,f9cadd57-8256-49aa-9386-0da392b19fc2,29,พรรคไทยภักดี,#D32F2F,0,0,0.0
b1f35541-cde5-4245-8b37-27ef650d94ed,3,นายวินัย วิจิตรโสภณ,73,นครปฐม,4,2d8a1c84-0bc8-4377-965d-c020a0097c27,9,พรรคเพื่อไทย,#E4002B,0,0,0.0
b2965e0d-f147-4fd2-9f2d-d7a81d005570,3,พันตำรวจโทพิษณุ พลบุตร,63,ตาก,1,2d8a1c84-0bc8-4377-965d-c020a0097c27,9,พรรคเพื่อไทย,#E4002B,0,0,0.0
b305c972-f9c0-4d83-b6c2-db873b6f35ec,3,นายชวกร ศรีราชา,15,อ่างทอง,2,2d8a1c84-0bc8-4377-965d-c020a0097c27,9,พรรคเพื่อไทย,#E4002B,0,0,0.0
b36ea7ae-5274-4af1-aa57-9317aa55da33,3,นางสาวศิริทิพย์ ผกามาศ,16,ลพบุรี,4,0c044088-618b-49af-a291-fb28ffe9e0f8,11,พรรคเศรษฐกิจ,#FFA000,0,0,0.0
b3f58955-a686-4001-a9e7-0eb3d46c21fb,3,นายชานนท์ ต่อสกุล,36,ชัยภูมิ,7,013c219e-e197-416d-84ea-00ba9c35465e,37,พรรคภูมิใจไทย,#3949AB,0,0,0.0
b7098cb6-a6b5-4ff9-9b19-f904f5c64c9c,3,นายศุกล กุลสิงห์,10,กรุงเทพมหานคร,13,013c219e-e197-416d-84ea-00ba9c35465e,37,พรรคภูมิใจไทย,#3949AB,0,14,0.0
b751fdf2-9389-4538-bd42-c4bea2c1c8ac,3,นายวิเชียร จงชูวณิชย์,44,มหาสารคาม,4,013c219e-e197-416d-84ea-00ba9c35465e,37,พรรคภูมิใจไทย,#3949AB,0,0,0.0
b7b36c89-90a6-49e0-90f5-62b1cb8fa54f,3,นายกุศล วะเจดีย์,81,กระบี่,3,2d8a1c84-0bc8-4377-965d-c020a0097c27,9,พรรคเพื่อไทย,#E4002B,0,0,0.0
b7c23931-fca5-4bb3-8428-813bec2dcdce,3,นายพงษ์นรินทร์ ลิ้มโฆษิต,31,บุรีรัมย์,6,d7155f6d-736d-42c0-8bc0-00ee6e1970dc,27,พรรคประชาธิปัตย์,#0066B3,0,0,0.0
b845585f-22d1-4bec-8ca6-7e37e46cc3b9,3,นายภิญโญศิลป์ สังวาลวงศ์,70,ราชบุรี,3,115da917-bf32-4e96-a2ae-b7818d0909ee,6,พรรครวมไทยสร้างชาติ,#FF6D00,0,0,0.0
b8855403-d799-4062-84a3-2b3c817807a5,3,นายภูมิพัฒน์ พชรทรัพย์,48,นครพนม,1,2d8a1c84-0bc8-4377-965d-c020a0097c27,9,พรรคเพื่อไทย,#E4002B,0,0,0.0
b8cf6341-015f-4760-9015-38f1e3f949f4,3,นายวิพนธ์ จิตรจักร์,38,บึงกาฬ,1,d7155f6d-736d-42c0-8bc0-00ee6e1970dc,27,พรรคประชาธิปัตย์,#0066B3,0,0,0.0
ba859406-d574-49b8-b221-b4ba8279b334,3,นางสาวธัญธารีย์ สันตพันธุ์,34,อุบลราชธานี,6,2d8a1c84-0bc8-4377-965d-c020a0097c27,9,พรรคเพื่อไทย,#E4002B,0,0,0.0
ba8c98bd-1f1d-4232-a7df-3ec73bfe46e7,3,ร้อยตำรวจเอกปรีชาพล รัตนมณี,50,เชียงใหม่,5,0c044088-618b-49af-a291-fb28ffe9e0f8,11,พรรคเศรษฐกิจ,#FFA000,0,0,0.0
bad4b9b5-3e5d-42cd-9c9a-5f7f7b25c5dd,3,นายเจริญศักดิ์ มณีรัตนสุบรรณ,10,กรุงเทพมหานคร,25,013c219e-e197-416d-84ea-00ba9c35465e,37,พรรคภูมิใจไทย,#3949AB,0,0,0.0
bb7187a1-5e67-4b89-a00e-73c0ba66824b,3,นางกิ่งฟ้า อรพันธ์,49,มุกดาหาร,2,d7155f6d-736d-42c0-8bc0-00ee6e1970dc,27,พรรคประชาธิปัตย์,#0066B3,0,0,0.0
bba28f6b-88d6-40fc-8698-5b31df5b9411,3,นายสรวิชญ์ นาแพงสอน,41,อุดรธานี,6,1116011c-1ef3-4cca-a186-c1b9f7984ede,46,พรรคประชาชน,#F57C00,0,0,0.0
bbf39b39-4a34-4356-b47a-ded10ad01452,3,นายชาญยุทธ เฮงตระกูล,20,ชลบุรี,8,2d8a1c84-0bc8-4377-965d-c020a0097c27,9,พรรคเพื่อไทย,#E4002B,0,0,0.0
bcd23581-321a-4b44-a451-7af84b156d9e,3,นายเศรษฐ์สิริ ลักขณาอุดมเลิศ,75,สมุทรสงคราม,1,d7155f6d-736d-42c0-8bc0-00ee6e1970dc,27,พรรคประชาธิปัตย์,#0066B3,0,0,0.0
bd0a7d70-4c85-4472-9380-6d3788ada2b2,3,นางสาวแนน สมชัย,34,อุบลราชธานี,8,013c219e-e197-416d-84ea-00ba9c35465e,37,พรรคภูมิใจไทย,#3949AB,0,0,0.0
bd4e80ec-e849-4377-93f0-659505eb0133,3,นายสุไลมาน บือแนปีแน,95,ยะลา,1,7f4755ca-ea3a-4023-869d-9cabba328db0,33,พรรคประชาชาติ,#2E7D32,0,0,0.0
be0c818f-9b05-46c8-a128-c6664a18719a,3,นายลิขิต อัศวจารุวรรณ,20,ชลบุรี,4,2d8a1c84-0bc8-4377-965d-c020a0097c27,9,พรรคเพื่อไทย,#E4002B,0,0,0.0
bea86b93-9f55-4723-adef-5910fe528b03,3,นายธนายุทธ ยืนยั่ง,31,บุรีรัมย์,1,1116011c-1ef3-4cca-a186-c1b9f7984ede,46,พรรคประชาชน,#F57C00,0,0,0.0
c001f55e-d4e6-4f80-8e99-275d765f1535,3,นายสมใจ นวลนุ่น,81,กระบี่,2,965b4b93-c01e-4a2b-a987-577f2b99ebb4,49,พรรคไทยก้าวใหม่,#1E88E5,0,0,0.0
c06ab77e-ace9-4e90-abc3-8aacdf6dbdce,3,นางคณิฎฐ์ษา ทองวงศ์พิทักษ์,60,นครสวรรค์,5,d7155f6d-736d-42c0-8bc0-00ee6e1970dc,27,พรรคประชาธิปัตย์,#0066B3,0,0,0.0
c07f3134-4867-4433-a818-91e5351c8780,3,นายอดิศร อาแวเต๊ะ,96,นราธิวาส,4,a62aca08-91b7-4f3f-ba8f-cb9e884a3799,42,พรรคกล้าธรรม,#5D4037,0,0,0.0
c09c6f6c-a134-4386-89a6-c34599ec11c1,3,นายฉลอง แสงราษฎร์เมฆินทร์,30,นครราชสีมา,13,a62aca08-91b7-4f3f-ba8f-cb9e884a3799,42,พรรคกล้าธรรม,#5D4037,0,0,0.0
c12aa1af-a29b-4cb6-86b8-f68778b51063,3,นางสาวรดาภัค แก้วพรายตา,70,ราชบุรี,2,013c219e-e197-416d-84ea-00ba9c35465e,37,พรรคภูมิใจไทย,#3949AB,0,0,0.0
c20797b2-0fc1-4c23-bc16-6f550922e29c,3,นายเฉลิมพล ศักดิ์คำ,22,จันทบุรี,1,2d8a1c84-0bc8-4377-965d-c020a0097c27,9,พรรคเพื่อไทย,#E4002B,0,0,0.0
c25c2275-55b8-4f66-9b11-3abacf9aad69,3,นายสมชัย นันทาภิรัตน์,14,พระนครศรีอยุธยา,5,a62aca08-91b7-4f3f-ba8f-cb9e884a3799,42,พรรคกล้าธรรม,#5D4037,0,0,0.0
c2bcae6e-3254-401c-926f-f27583ee4168,3,ร้อยตำรวจเอกบุญเฮียง ชัยสิทธิ์,31,บุรีรัมย์,8,339fa187-133c-4766-a6c2-36d1b32cda8f,23,พรรคปวงชนไทย,#827717,0,0,0.0
c2c5573d-dedf-4523-a5c0-6be6d669d942,3,นางสาววชิราภรณ์ ชายทวีป,35,ยโสธร,1,1116011c-1ef3-4cca-a186-c1b9f7984ede,46,พรรคประชาชน,#F57C00,0,0,0.0
c3065e6b-7575-4335-939b-1eedf3470014,3,นางสุมณฑา แก่นอาสา,71,กาญจนบุรี,3,bd8d9f14-f757-41fb-8f37-d6128d9d012d,7,พรรคพลวัต,#EF6C00,0,0,0.0
c37ea128-f209-4633-bc88-9eca753e230a,3,นายนิธิพจน์ สามงามนุ,20,ชลบุรี,6,339fa187-133c-4766-a6c2-36d1b32cda8f,23,พรรคปวงชนไทย,#827717,0,0,0.0
c3f2ff7b-8790-404f-a3b7-6396247c4f5c,3,ร้อยตรีพงศภัค ภูริสิทธิพล,30,นครราชสีมา,5,965b4b93-c01e-4a2b-a987-577f2b99ebb4,49,พรรคไทยก้าวใหม่,#1E88E5,0,0,0.0
c409fa0e-2f02-4645-8e2a-0ab555642c2b,3,นายวรัญชัย โชคชนะ,10,กรุงเทพมหานคร,11,d1964fe3-2dd0-43d5-a190-77fbfaf586b2,8,พรรคประชาธิปไตยใหม่,#1976D2,0,0,0.0
c559d1ad-c7b0-4362-b55a-fe3f096a3166,3,นายวชรพล เดชอ่อน,66,พิจิตร,2,a62aca08-91b7-4f3f-ba8f-cb9e884a3799,42,พรรคกล้าธรรม,#5D4037,0,0,0.0
c63c2114-4061-4cf7-bad1-25e90953355c,3,นายจักรพรรดิ ไชยสาส์น,41,อุดรธานี,7,cb1b6cf2-41fa-49b1-a060-01acf13edc81,48,พรรคไทยสร้างไทย,#00ACC1,0,0,0.0
c80e78f9-9f63-46fc-99d2-a80276437f28,3,นายจำปา พลอยกระจ่าง,64,สุโขทัย,3,0c044088-618b-49af-a291-fb28ffe9e0f8,11,พรรคเศรษฐกิจ,#FFA000,0,0,0.0
c8190b75-0d22-4047-814c-cfe94562b05c,3,นายพีรพัฒน์ รัชกิจประการ,91,สตูล,1,013c219e-e197-416d-84ea-00ba9c35465e,37,พรรคภูมิใจไทย,#3949AB,0,0,0.0
c8d6c463-06d0-4952-86dc-c29a60b91910,3,พลตรีพนม ศรีเผือด,50,เชียงใหม่,3,2ee17641-917b-4ea0-8c19-da383e03e915,44,พรรคโอกาสใหม่,#26C6DA,0,0,0.0
ca6e579e-7e2c-406d-b502-b89f6ce8e7d8,3,นายชณทัต ปัทะมะภูวดล,10,กรุงเทพมหานคร,6,115da917-bf32-4e96-a2ae-b7818d0909ee,6,พรรครวมไทยสร้างชาติ,#FF6D00,0,0,0.0
ca71a690-8f20-4bd0-9818-6ae46c702955,3,นายไตรภพ คำเพชร,41,อุดรธานี,4,2d8a1c84-0bc8-4377-965d-c020a0097c27,9,พรรคเพื่อไทย,#E4002B,0,0,0.0
cb160714-e804-4a61-bc35-2433bfe77564,3,นายยุทธการ พลแสน,60,นครสวรรค์,3,1116011c-1ef3-4cca-a186-c1b9f7984ede,46,พรรคประชาชน,#F57C00,0,0,0.0
cc794020-2c6f-47fc-95ba-d6ca3e77bb4f,3,นายโกศล คาดพันโน,44,มหาสารคาม,5,03347cbc-6089-474c-a3f6-484ae981c9a6,43,พรรคพลังประชารัฐ,#1565C0,0,0,0.0
cc7ebf5d-635c-49fd-abd6-c7c188bd90d8,3,นายวิรัตน์ ภูต้องใจ,46,กาฬสินธุ์,4,013c219e-e197-416d-84ea-00ba9c35465e,37,พรรคภูมิใจไทย,#3949AB,0,0,0.0
ccbf11d3-77f2-48d3-99fa-d461927300df,3,นายธีรวัฒน์ คำศรี,33,ศรีสะเกษ,3,d7155f6d-736d-42c0-8bc0-00ee6e1970dc,27,พรรคประชาธิปัตย์,#0066B3,0,0,0.0
ccfb10e2-0105-428e-9365-c279f6be291e,3,นายอธิวัฒน์ สอนเนย,13,ปทุมธานี,6,2d8a1c84-0bc8-4377-965d-c020a0097c27,9,พรรคเพื่อไทย,#E4002B,0,0,0.0
ce97a5b9-d5f1-4df2-8ea6-117e033937b1,3,นายฐาพล ณ น่าน,11,สมุทรปราการ,4,3caedce0-9faa-47a0-8afc-d5f4fff86578,28,พรรคไทยก้าวหน้า,#0288D1,0,0,0.0
cf1b91a0-4135-42e5-8cf6-99d24aa261b2,3,นางสาวธนภร โสมทองแดง,14,พระนครศรีอยุธยา,3,2d8a1c84-0bc8-4377-965d-c020a0097c27,9,พรรคเพื่อไทย,#E4002B,0,0,0.0
d0bb1818-6dee-4a39-b860-ad978228f6fd,3,นายศิริโรจน์ ธนิกกุล,74,สมุทรสาคร,3,1116011c-1ef3-4cca-a186-c1b9f7984ede,46,พรรคประชาชน,#F57C00,0,0,0.0
d0f62bd4-e061-4fda-aeb5-5b4837e26f91,3,นางสาวจินดารัตน์ ชูคง,86,ชุมพร,2,1116011c-1ef3-4cca-a186-c1b9f7984ede,46,พรรคประชาชน,#F57C00,0,0,0.0
d11396cc-2143-4ded-934b-2be541d71387,3,นายชนกันต์ ทิมาตฤกะ,31,บุรีรัมย์,4,013c219e-e197-416d-84ea-00ba9c35465e,37,พรรคภูมิใจไทย,#3949AB,0,0,0.0
d14cda5b-4f18-49e3-b038-8ddd715f01a5,3,นางชนมณี บุตรวงษ์,32,สุรินทร์,4,a62aca08-91b7-4f3f-ba8f-cb9e884a3799,42,พรรคกล้าธรรม,#5D4037,0,0,0.0
d2456566-bd04-4dfe-931e-af48d02eb865,3,นายชยพงศ์ สายฟ้า,10,กรุงเทพมหานคร,4,965b4b93-c01e-4a2b-a987-577f2b99ebb4,49,พรรคไทยก้าวใหม่,#1E88E5,0,12,0.0
d284e93a-49e6-42ed-975c-4611a675eb6e,3,นายภิญโญ กิจเลิศไพโรจน์,11,สมุทรปราการ,3,2d8a1c84-0bc8-4377-965d-c020a0097c27,9,พรรคเพื่อไทย,#E4002B,0,0,0.0
d414a778-4324-4ff8-89eb-9ac9121d5bb6,3,นายชวนิต จันทรสุรินทร์,52,ลำปาง,1,013c219e-e197-416d-84ea-00ba9c35465e,37,พรรคภูมิใจไทย,#3949AB,0,0,0.0
d416c44a-1aed-4c6a-8bad-ff83e7fda4fa,3,นางสาวเกตุวรินทร์ ไฮเนกเคอ,45,ร้อยเอ็ด,1,115da917-bf32-4e96-a2ae-b7818d0909ee,6,พรรครวมไทยสร้างชาติ,#FF6D00,0,0,0.0
d4ce039e-e98c-4b4b-ac93-0f3304a04fdd,3,นางสาวฐาปนี โปร่งรัศมี,10,กรุงเทพมหานคร,31,965b4b93-c01e-4a2b-a987-577f2b99ebb4,49,พรรคไทยก้าวใหม่,#1E88E5,0,0,0.0
d4df1d5f-8f89-4789-8995-1351a569fcf7,3,นายทัชภูมิ ทองทิพย์,41,อุดรธานี,10,013c219e-e197-416d-84ea-00ba9c35465e,37,พรรคภูมิใจไทย,#3949AB,0,0,0.0
d5414227-ab3d-4cde-99bc-1cd88428e5c0,3,นายธีรศักดิ์ มีสมศักดิ์,54,แพร่,2,a62aca08-91b7-4f3f-ba8f-cb9e884a3799,42,พรรคกล้าธรรม,#5D4037,0,0,0.0
d5706f0c-6c71-4444-a96c-6853d95a0693,3,นายพีระชัย ชวรัตน์โชติวงศ์,20,ชลบุรี,9,d7155f6d-736d-42c0-8bc0-00ee6e1970dc,27,พรรคประชาธิปัตย์,#0066B3,0,0,0.0
d5ccb6aa-ed74-4dd1-8c02-bae3a75fe102,3,นายประสพ สารสมัคร,34,อุบลราชธานี,2,2d8a1c84-0bc8-4377-965d-c020a0097c27,9,พรรคเพื่อไทย,#E4002B,0,0,0.0
d5efa2fd-6991-46cd-ace1-8c597f5ae6da,3,นางสาวณฐมน สุวรรณ,73,นครปฐม,5,1116011c-1ef3-4cca-a186-c1b9f7984ede,46,พรรคประชาชน,#F57C00,0,0,0.0
d741ece5-cdef-4ab2-91a3-b17d45091581,3,นายเฉลิมพล นิยมสินธุ์,12,นนทบุรี,2,013c219e-e197-416d-84ea-00ba9c35465e,37,พรรคภูมิใจไทย,#3949AB,0,0,0.0
d78ec98c-e029-4e55-bc17-af74c42233ec,3,นายสัญญา จงจิตร,91,สตูล,2,d7155f6d-736d-42c0-8bc0-00ee6e1970dc,27,พรรคประชาธิปัตย์,#0066B3,0,0,0.0
d7a60985-dede-49bf-8822-9aaac3fc931c,3,นางสาวธนกนกอร แสนคำ,39,หนองบัวลำภู,3,1116011c-1ef3-4cca-a186-c1b9f7984ede,46,พรรคประชาชน,#F57C00,0,0,0.0
d7c7d242-a5f7-47a6-8222-ec6e701106a0,3,นางธิวัลรัตน์ อังกินันทน์,76,เพชรบุรี,1,013c219e-e197-416d-84ea-00ba9c35465e,37,พรรคภูมิใจไทย,#3949AB,0,0,0.0
d838c5db-47ff-4cf7-a600-b201a27cf535,3,นายสุนทร ชัยศรีอ้าย,50,เชียงใหม่,4,0c044088-618b-49af-a291-fb28ffe9e0f8,11,พรรคเศรษฐกิจ,#FFA000,0,0,0.0
d93428f6-3f5e-4eb0-b1be-95d594c2fb12,3,นายอัครา พรหมเผ่า,56,พะเยา,1,a62aca08-91b7-4f3f-ba8f-cb9e884a3799,42,พรรคกล้าธรรม,#5D4037,0,0,0.0
da31cf78-dd71-48d9-8a7d-d6de9889fb8a,3,นายสันติ พุทธศรี,84,สุราษฎร์ธานี,7,115da917-bf32-4e96-a2ae-b7818d0909ee,6,พรรครวมไทยสร้างชาติ,#FF6D00,0,0,0.0
db7cac74-1f78-4fd3-8371-94cacd1f7103,3,นายเชาว์วิชญ์ อินน้อย,55,น่าน,1,1116011c-1ef3-4cca-a186-c1b9f7984ede,46,พรรคประชาชน,#F57C00,0,0,0.0
dc407f0e-8b2d-448f-80a0-2da4d83ebda7,3,นางสาวนริศรา ประเสริฐสังข์,45,ร้อยเอ็ด,2,1116011c-1ef3-4cca-a186-c1b9f7984ede,46,พรรคประชาชน,#F57C00,0,0,0.0
dd12847a-863a-4cc4-b8ab-85aba8b5536c,3,นางสาววรัดดา ประเสริฐศรี,37,อำนาจเจริญ,2,2d8a1c84-0bc8-4377-965d-c020a0097c27,9,พรรคเพื่อไทย,#E4002B,0,0,0.0
dd29f1b8-228a-4bb1-a9ca-1c22c502985d,3,นายอนันต์ ปรีดาสุทธิจิตต์,20,ชลบุรี,5,013c219e-e197-416d-84ea-00ba9c35465e,37,พรรคภูมิใจไทย,#3949AB,0,0,0.0
de988b06-c030-420c-afdb-ddef07355b31,3,นายวิตติ แสงสุพรรณ,54,แพร่,1,a62aca08-91b7-4f3f-ba8f-cb9e884a3799,42,พรรคกล้าธรรม,#5D4037,0,0,0.0
df4bbfc7-474e-417e-bb40-206049f667f0,3,นายเชตวัน เตือประโคน,13,ปทุมธานี,5,1116011c-1ef3-4cca-a186-c1b9f7984ede,46,พรรคประชาชน,#F57C00,0,0,0.0
df7deaaa-fdc7-4894-9aac-62688dba942e,3,นางสาวพชรพรรณ ตุ่มระสินปิน,10,กรุงเทพมหานคร,18,03347cbc-6089-474c-a3f6-484ae981c9a6,43,พรรคพลังประชารัฐ,#1565C0,0,0,0.0
dfbb6634-65cb-46b2-8309-994d7cef83b9,3,พล.ต.ต.สุรินทร์ ปาลาเร่,90,สงขลา,8,a62aca08-91b7-4f3f-ba8f-cb9e884a3799,42,พรรคกล้าธรรม,#5D4037,0,0,0.0
dfc47e54-7a93-4103-b12c-de976d491c8d,3,นางสาวกานสินี โอภาสรังสรรค์,84,สุราษฎร์ธานี,1,013c219e-e197-416d-84ea-00ba9c35465e,37,พรรคภูมิใจไทย,#3949AB,0,0,0.0
dff23a27-14b8-479f-a6fc-350df2d898fa,3,นายณชพล พลอาสา,65,พิษณุโลก,2,1116011c-1ef3-4cca-a186-c1b9f7984ede,46,พรรคประชาชน,#F57C00,0,0,0.0
e0cb9985-d66a-47f8-9378-bcc2e39ab101,3,นายปราชญา หงอกชัย,40,ขอนแก่น,5,a62aca08-91b7-4f3f-ba8f-cb9e884a3799,42,พรรคกล้าธรรม,#5D4037,0,0,0.0
e1aeef4c-ba6b-48e6-aad5-2df6b5204420,3,นายชาตรี หล้าพระบาง,50,เชียงใหม่,10,d7155f6d-736d-42c0-8bc0-00ee6e1970dc,27,พรรคประชาธิปัตย์,#0066B3,0,0,0.0
e2091ec3-abd1-438a-a920-717678dafc13,3,นายสหการ เขื่อนแปด,57,เชียงราย,4,d7155f6d-736d-42c0-8bc0-00ee6e1970dc,27,พรรคประชาธิปัตย์,#0066B3,0,0,0.0
e2192c9f-274b-498b-bc48-c507a4b10c4e,3,นางสาววิลาสินี แป๊ะสมัน,10,กรุงเทพมหานคร,2,a62aca08-91b7-4f3f-ba8f-cb9e884a3799,42,พรรคกล้าธรรม,#5D4037,0,0,0.0
e2f35447-66ac-49e2-9b7d-16261442821b,3,นางสาวบัวพันธ์ ผ่อนจรุง,36,ชัยภูมิ,6,d1964fe3-2dd0-43d5-a190-77fbfaf586b2,8,พรรคประชาธิปไตยใหม่,#1976D2,0,0,0.0
e37a176c-ae5c-4bf2-a677-77cdd2ab79e3,3,นายชัยทิพย์ กมลพันธ์ทิพย์,70,ราชบุรี,5,a62aca08-91b7-4f3f-ba8f-cb9e884a3799,42,พรรคกล้าธรรม,#5D4037,0,0,0.0
e3a8f727-5cd8-435a-b944-73ab3a817d02,3,นายนิยม ช่างพินิจ,65,พิษณุโลก,4,013c219e-e197-416d-84ea-00ba9c35465e,37,พรรคภูมิใจไทย,#3949AB,0,0,0.0
e4fbb462-6dab-4e62-b3f6-0c341a9bff58,3,นายสมพล สิงหพล,84,สุราษฎร์ธานี,4,2d8a1c84-0bc8-4377-965d-c020a0097c27,9,พรรคเพื่อไทย,#E4002B,0,0,0.0
e506c568-13b5-4227-b219-fadc7637ad97,3,นายธนวัช ภูเก้าล้วน,81,กระบี่,1,1116011c-1ef3-4cca-a186-c1b9f7984ede,46,พรรคประชาชน,#F57C00,0,0,0.0
e6683880-7554-4c86-9ef6-441b2161c39d,3,นายหัสพันธ์ เสมเถื่อน,76,เพชรบุรี,3,1116011c-1ef3-4cca-a186-c1b9f7984ede,46,พรรคประชาชน,#F57C00,0,0,0.0
e6848e17-2c47-4c25-8b15-f42c960794e0,3,นายธนานุพงษ์ มีมา,26,นครนายก,2,d7155f6d-736d-42c0-8bc0-00ee6e1970dc,27,พรรคประชาธิปัตย์,#0066B3,0,0,0.0
e6c3d447-0f37-4457-bd19-03341ecbb03c,3,นายสิทธิชัย เจริญใจ,30,นครราชสีมา,6,d7155f6d-736d-42c0-8bc0-00ee6e1970dc,27,พรรคประชาธิปัตย์,#0066B3,0,0,0.0
e7cdbd89-b114-4baa-a49c-e29ce6a32ac1,3,นายวีรศักดิ์ พรหมภักดี,47,สกลนคร,4,a62aca08-91b7-4f3f-ba8f-cb9e884a3799,42,พรรคกล้าธรรม,#5D4037,0,0,0.0
e7db4b65-f6b6-4829-b1ae-bf2c1e8323d7,3,นายสังคม แดงโชติ,77,ประจวบคีรีขันธ์,1,013c219e-e197-416d-84ea-00ba9c35465e,37,พรรคภูมิใจไทย,#3949AB,0,0,0.0
e84966fa-56c9-4f75-becc-04c302a3b468,3,นายทนงศักดิ์ ศิรรัตน์ประภา,70,ราชบุรี,1,d7155f6d-736d-42c0-8bc0-00ee6e1970dc,27,พรรคประชาธิปัตย์,#0066B3,0,0,0.0
e9641009-d5f5-4a74-b0d0-64cbe97e427c,3,นายนพดล สินธิสุทธิ์,38,บึงกาฬ,3,a62aca08-91b7-4f3f-ba8f-cb9e884a3799,42,พรรคกล้าธรรม,#5D4037,0,0,0.0
e98df2e6-fb2f-41db-b7f9-54a91b3d3dc9,3,นายพิเชฐ เดชอรัญ,10,กรุงเทพมหานคร,12,2ee17641-917b-4ea0-8c19-da383e03e915,44,พรรคโอกาสใหม่,#26C6DA,0,0,0.0
ea28d7f7-9093-405c-8642-e1e040253aac,3,นายสมบัติ กาญจนวัฒนา,30,นครราชสีมา,3,2d8a1c84-0bc8-4377-965d-c020a0097c27,9,พรรคเพื่อไทย,#E4002B,0,0,0.0
eaff4998-e486-4e28-9ea0-2350a37ead41,3,นายคัมภีร์ ชื่นบาน,22,จันทบุรี,2,013c219e-e197-416d-84ea-00ba9c35465e,37,พรรคภูมิใจไทย,#3949AB,0,0,0.0
eb2bb14d-1ff3-429a-8f3e-5456a839926a,3,นายสิริวุฒิ ศุภวุฒิ,47,สกลนคร,3,1116011c-1ef3-4cca-a186-c1b9f7984ede,46,พรรคประชาชน,#F57C00,0,0,0.0
eefca9a1-736e-41c5-bb18-f10f1f375feb,3,นางสาวอรกัญญา ดีมาก,53,อุตรดิตถ์,3,d7155f6d-736d-42c0-8bc0-00ee6e1970dc,27,พรรคประชาธิปัตย์,#0066B3,0,0,0.0
ef75e8fd-3930-488f-9120-73df66017a8c,3,นายกฤษ อัครวงษ์สกุล,30,นครราชสีมา,2,115da917-bf32-4e96-a2ae-b7818d0909ee,6,พรรครวมไทยสร้างชาติ,#FF6D00,0,0,0.0
f09a9406-5772-422c-ae19-0b5584ec704d,3,นายประสพ โกมลมาศ,10,กรุงเทพมหานคร,5,965b4b93-c01e-4a2b-a987-577f2b99ebb4,49,พรรคไทยก้าวใหม่,#1E88E5,0,0,0.0
f2e4eb8d-41b0-42df-ac5c-aa83edaaff4e,3,นายบุญสอน สามัคคี,34,อุบลราชธานี,5,d7155f6d-736d-42c0-8bc0-00ee6e1970dc,27,พรรคประชาธิปัตย์,#0066B3,0,0,0.0
f49eeb22-a8bd-4979-8b69-5a820049e213,3,นายสมัย ภูมรินทร,10,กรุงเทพมหานคร,19,965b4b93-c01e-4a2b-a987-577f2b99ebb4,49,พรรคไทยก้าวใหม่,#1E88E5,0,14,0.0
f527c294-3f5e-4e9e-9142-fc72f4bf5153,3,นายธานันท์ หล่าวเจริญ,62,กำแพงเพชร,4,2ee17641-917b-4ea0-8c19-da383e03e915,44,พรรคโอกาสใหม่,#26C6DA,0,0,0.0
f5ca8b4d-ddb6-4602-ba68-d3f662782c55,3,นางสาววิรธิดา โกยชัย,72,สุพรรณบุรี,4,2d8a1c84-0bc8-4377-965d-c020a0097c27,9,พรรคเพื่อไทย,#E4002B,0,0,0.0
f6303ffe-f038-44dc-b374-4f8224769327,3,นางสาวชุติมา นับถือสุข,31,บุรีรัมย์,3,7ffe2115-72d1-4d71-9962-03ff61afc67c,31,พรรคประชากรไทย,#00695C,0,0,0.0
f663d9eb-03b4-4bab-ab58-098286e46b92,3,นายธนิก มาสีพิทักษ์,40,ขอนแก่น,8,a62aca08-91b7-4f3f-ba8f-cb9e884a3799,42,พรรคกล้าธรรม,#5D4037,0,0,0.0
f6dfd19f-243c-4a65-b9bc-ce89c22a4551,3,นายศราวุธ พิมละมาศ,30,นครราชสีมา,8,d7155f6d-736d-42c0-8bc0-00ee6e1970dc,27,พรรคประชาธิปัตย์,#0066B3,0,0,0.0
f74067ad-a64f-44a3-bf86-62a41f267777,3,นางสาวปฐมาภรณ์ มงคลสินธุ์,46,กาฬสินธุ์,1,d7155f6d-736d-42c0-8bc0-00ee6e1970dc,27,พรรคประชาธิปัตย์,#0066B3,0,0,0.0
f7a21700-3e47-423d-9780-baf8ca8465b5,3,นายกรุงศรีวิไล สุทินเผือก,11,สมุทรปราการ,8,a62aca08-91b7-4f3f-ba8f-cb9e884a3799,42,พรรคกล้าธรรม,#5D4037,0,0,0.0
f8666ffe-e20b-4a15-8ecb-9a71ce75e141,3,นายนัฐยุทธ ภู่สุวรรณ,17,สิงห์บุรี,1,2d8a1c84-0bc8-4377-965d-c020a0097c27,9,พรรคเพื่อไทย,#E4002B,0,0,0.0
f8e432d6-4aac-4269-97fa-4a0fb3ca711d,3,นายชาญวัฒนา อิสระวัฒนา,80,นครศรีธรรมราช,9,d7155f6d-736d-42c0-8bc0-00ee6e1970dc,27,พรรคประชาธิปัตย์,#0066B3,0,0,0.0
f93f5a9e-8e4b-40f7-a702-6ab4e7c18e00,3,ร้อยตำรวจตรี ดร.เกษมสันต์ ยศรุ่งโรจน์,50,เชียงใหม่,2,a62aca08-91b7-4f3f-ba8f-cb9e884a3799,42,พรรคกล้าธรรม,#5D4037,0,0,0.0
fb6bb88b-0c5a-49c2-965c-05acff688b4f,3,นายสติ ทรัพย์ทวีพันธ์,58,แม่ฮ่องสอน,2,115da917-bf32-4e96-a2ae-b7818d0909ee,6,พรรครวมไทยสร้างชาติ,#FF6D00,0,0,0.0
fc199a99-e2b9-4dfd-a63e-5d86fa8fa907,3,นายโรจน์พิศาล อินทรักษ์,84,สุราษฎร์ธานี,2,d7155f6d-736d-42c0-8bc0-00ee6e1970dc,27,พรรคประชาธิปัตย์,#0066B3,0,0,0.0
fe0f8667-bbdc-427e-ba7f-b84128739634,3,นางสาวน้ำฝน หอมชาลี,36,ชัยภูมิ,4,d7155f6d-736d-42c0-8bc0-00ee6e1970dc,27,พรรคประชาธิปัตย์,#0066B3,0,0,0.0
fe4c0e1b-71e6-44b7-a915-765e8889ea70,3,นายศุภวิท กำเนิดแสง,77,ประจวบคีรีขันธ์,3,2d8a1c84-0bc8-4377-965d-c020a0097c27,9,พรรคเพื่อไทย,#E4002B,0,0,0.0
feeb1a27-6bf2-4733-bca4-1777685fac6c,3,นายชูกัน กุลวงษา,48,นครพนม,4,013c219e-e197-416d-84ea-00ba9c35465e,37,พรรคภูมิใจไทย,#3949AB,0,0,0.0
0127acb6-131c-4bc5-8384-55ba28e93f70,4,นายธนบดี คุ้มชนะ,18,ชัยนาท,1,d7155f6d-736d-42c0-8bc0-00ee6e1970dc,27,พรรคประชาธิปัตย์,#0066B3,0,0,0.0
01284419-56d0-451a-976d-e8f062a664dc,4,นายขุนเดช มงคลสิรินทร์,32,สุรินทร์,1,0c044088-618b-49af-a291-fb28ffe9e0f8,11,พรรคเศรษฐกิจ,#FFA000,0,0,0.0
03c40249-7c3a-4118-8e9b-151f35e4ac61,4,นายวิทิต ทองโสภิต,40,ขอนแก่น,1,013c219e-e197-416d-84ea-00ba9c35465e,37,พรรคภูมิใจไทย,#3949AB,0,0,0.0
03f7fa47-02e3-4c0a-9d90-9159a669553e,4,นายวสันต์ บุญลือ,63,ตาก,3,e9f5dc95-0d5c-46bc-8e2c-be791faa2b27,5,พรรครวมใจไทย,#F4511E,0,0,0.0
0401d5ab-4dc7-4f93-ba9d-448e01247fe0,4,นายศิริโชค โสภา,90,สงขลา,7,d7155f6d-736d-42c0-8bc0-00ee6e1970dc,27,พรรคประชาธิปัตย์,#0066B3,0,0,0.0
04f23086-25b2-4a19-bf95-1a93901268c4,4,นายชาตรี หล้าพรหม,47,สกลนคร,2,a62aca08-91b7-4f3f-ba8f-cb9e884a3799,42,พรรคกล้าธรรม,#5D4037,0,0,0.0
053652c2-3208-4b95-b0ff-94b317be9647,4,นายวิทยา จันทร์สม,61,อุทัยธานี,1,d7155f6d-736d-42c0-8bc0-00ee6e1970dc,27,พรรคประชาธิปัตย์,#0066B3,0,0,0.0
053fea28-6270-49ea-afd0-ed6a21bacbff,4,นายปรีชา บุดดีจีน,10,กรุงเทพมหานคร,3,cb1b6cf2-41fa-49b1-a060-01acf13edc81,48,พรรคไทยสร้างไทย,#00ACC1,0,0,0.0
06639676-19c1-446f-ad9d-f9506f8ef760,4,นางสาวปิยธิดา บุตรกาล,49,มุกดาหาร,2,2d8a1c84-0bc8-4377-965d-c020a0097c27,9,พรรคเพื่อไทย,#E4002B,0,0,0.0
0747a77f-10f0-49a9-bfe1-25ff46b5d810,4,นายชัยฤทธิ์ เขาวงศ์ทอง,41,อุดรธานี,5,1116011c-1ef3-4cca-a186-c1b9f7984ede,46,พรรคประชาชน,#F57C00,0,0,0.0
0a156480-8d9d-4655-9284-f3315cc49904,4,นายอำนาจ โกงกาง,76,เพชรบุรี,3,2d8a1c84-0bc8-4377-965d-c020a0097c27,9,พรรคเพื่อไทย,#E4002B,0,0,0.0
0bfb5807-dd22-4469-8bba-6abe6ee1585f,4,นายจำเนียร ผดุงฉัตร,27,สระแก้ว,1,013c219e-e197-416d-84ea-00ba9c35465e,37,พรรคภูมิใจไทย,#3949AB,0,0,0.0
0ca47a01-fbf0-42d5-abc1-1ca4606402eb,4,นางสาวพลอยทะเล ลักษมีแสงจันทร์,83,ภูเก็ต,1,013c219e-e197-416d-84ea-00ba9c35465e,37,พรรคภูมิใจไทย,#3949AB,0,0,0.0
0f0594d5-487b-47dd-bf9e-66ae859331fa,4,นายวิระศักดิ์ สายทอง,40,ขอนแก่น,10,d7155f6d-736d-42c0-8bc0-00ee6e1970dc,27,พรรคประชาธิปัตย์,#0066B3,0,0,0.0
0ff32ffc-d0d9-4647-b632-0ac5f0b8128b,4,นายภัทรพงษ์ ลีลาภัทร์,50,เชียงใหม่,8,1116011c-1ef3-4cca-a186-c1b9f7984ede,46,พรรคประชาชน,#F57C00,0,0,0.0
10adf886-7cb4-4339-9ac5-dd66a7e17032,4,นายประดิษฐ์ ฉัตรจรัสกูล,46,กาฬสินธุ์,1,a62aca08-91b7-4f3f-ba8f-cb9e884a3799,42,พรรคกล้าธรรม,#5D4037,0,0,0.0
10bb80a0-1e3d-4078-a820-34896e5110fd,4,นายคณิน ถนอมทองพันธ์,53,อุตรดิตถ์,3,a62aca08-91b7-4f3f-ba8f-cb9e884a3799,42,พรรคกล้าธรรม,#5D4037,0,0,0.0
10d324a2-3f9c-4f8d-b91b-843080f5f7b3,4,นางสาวมลิวรรณ แก้วสุข,41,อุดรธานี,6,d7155f6d-736d-42c0-8bc0-00ee6e1970dc,27,พรรคประชาธิปัตย์,#0066B3,0,0,0.0
10ffa7b6-27d1-43c2-8d03-939666fa948b,4,นางอุบล สิมมา,34,อุบลราชธานี,11,2d8a1c84-0bc8-4377-965d-c020a0097c27,9,พรรคเพื่อไทย,#E4002B,0,0,0.0
114916cf-4361-4021-9abc-c42f4c52c677,4,นายวิรัช วิชัยวงศ์,92,ตรัง,4,115da917-bf32-4e96-a2ae-b7818d0909ee,6,พรรครวมไทยสร้างชาติ,#FF6D00,0,0,0.0
11abc7eb-d2f8-4d13-b9a5-d29355de9dfc,4,นายศิริพงษ์ รัสมี,10,กรุงเทพมหานคร,18,2d8a1c84-0bc8-4377-965d-c020a0097c27,9,พรรคเพื่อไทย,#E4002B,0,0,0.0
11ae03c4-5461-4c97-8533-040fe734efb2,4,พันตรีธีรวัฒน์ พรหมสะอาด,93,พัทลุง,3,1116011c-1ef3-4cca-a186-c1b9f7984ede,46,พรรคประชาชน,#F57C00,0,0,0.0
120ba5ca-f32b-484f-8dca-7c1ef8721a97,4,นางสาวดวงทิพย์ ปานรักษา,30,นครราชสีมา,10,1116011c-1ef3-4cca-a186-c1b9f7984ede,46,พรรคประชาชน,#F57C00,0,0,0.0
13ce5d18-b316-416f-bc8c-821bacc99ec9,4,นายจำลอง ภูนวนทา,46,กาฬสินธุ์,3,a62aca08-91b7-4f3f-ba8f-cb9e884a3799,42,พรรคกล้าธรรม,#5D4037,0,0,0.0
14e97637-756a-437b-bff8-918436d158eb,4,นายอานนท์ สิงห์ตาแก้ว,50,เชียงใหม่,2,115da917-bf32-4e96-a2ae-b7818d0909ee,6,พรรครวมไทยสร้างชาติ,#FF6D00,0,0,0.0
155df8f4-7db3-44f1-86b6-775570d215a5,4,นางสาวเพ็ญพิชชา ติยะบุตร,38,บึงกาฬ,3,d7155f6d-736d-42c0-8bc0-00ee6e1970dc,27,พรรคประชาธิปัตย์,#0066B3,0,0,0.0
158eaa09-0cc5-4b52-a15d-6401559bb182,4,นายเจษฎา ดนตรีเสนาะ,13,ปทุมธานี,1,1116011c-1ef3-4cca-a186-c1b9f7984ede,46,พรรคประชาชน,#F57C00,0,0,0.0
166ef702-90dd-4641-90c4-e759a7438657,4,นายพัสกร หัสดิน,31,บุรีรัมย์,8,0c044088-618b-49af-a291-fb28ffe9e0f8,11,พรรคเศรษฐกิจ,#FFA000,0,0,0.0
17449a8e-741d-4ad8-9870-17c8431ac0ca,4,นายประเดิมชัย บุญช่วยเหลือ,10,กรุงเทพมหานคร,5,013c219e-e197-416d-84ea-00ba9c35465e,37,พรรคภูมิใจไทย,#3949AB,0,0,0.0
175cc380-3f2c-48b2-a926-c238bfeef24f,4,นายปรีชญา ฉ่ำมณี,34,อุบลราชธานี,2,1116011c-1ef3-4cca-a186-c1b9f7984ede,46,พรรคประชาชน,#F57C00,0,0,0.0
18677ea8-1ae2-4445-b173-32d4502f4934,4,นายพิศิษฐ์ ทิมดี,12,นนทบุรี,7,d7155f6d-736d-42c0-8bc0-00ee6e1970dc,27,พรรคประชาธิปัตย์,#0066B3,0,0,0.0
18c93de4-9807-466a-99bb-fea97a839c8b,4,นายตวงสิทธิ์ พงษ์พิศ,47,สกลนคร,1,1116011c-1ef3-4cca-a186-c1b9f7984ede,46,พรรคประชาชน,#F57C00,0,0,0.0
18fd747f-9d66-4c5b-ade6-cec2fbcb2326,4,นายอธิปไตย ศรีมงคล,34,อุบลราชธานี,3,3caedce0-9faa-47a0-8afc-d5f4fff86578,28,พรรคไทยก้าวหน้า,#0288D1,0,0,0.0
1b174c10-b6e1-4ef7-b311-41cc151b07f8,4,นายวิรัตน์ เนียรมงคล,24,ฉะเชิงเทรา,1,339fa187-133c-4766-a6c2-36d1b32cda8f,23,พรรคปวงชนไทย,#827717,0,0,0.0
1c0b4730-9b63-423f-bd7e-04e3293ce5a4,4,นายวัชรพล เจริญนนทสิทธิ์,12,นนทบุรี,8,a62aca08-91b7-4f3f-ba8f-cb9e884a3799,42,พรรคกล้าธรรม,#5D4037,0,0,0.0
1dce0a12-914b-4f5d-8462-cea103e07675,4,นายคงกฤช รามศักดิ์,14,พระนครศรีอยุธยา,4,013c219e-e197-416d-84ea-00ba9c35465e,37,พรรคภูมิใจไทย,#3949AB,0,0,0.0
1f9d70e0-fbd1-4188-94b2-d7da9dc09f58,4,นางสาวศศนันท์ รัตนบรรเทิง,73,นครปฐม,2,1116011c-1ef3-4cca-a186-c1b9f7984ede,46,พรรคประชาชน,#F57C00,0,0,0.0
204f5207-cab9-4646-a868-ca8fd060596d,4,จ่าเอกยศสิงห์ เหลี่ยมเลิศ,24,ฉะเชิงเทรา,4,a62aca08-91b7-4f3f-ba8f-cb9e884a3799,42,พรรคกล้าธรรม,#5D4037,0,0,0.0
20e17c8e-aedd-43d4-8f2b-2863aa7fa4c9,4,นายเสมอ ทองหยวก,20,ชลบุรี,5,339fa187-133c-4766-a6c2-36d1b32cda8f,23,พรรคปวงชนไทย,#827717,0,0,0.0
21f72f47-1b23-4aba-babb-14fa8346acc2,4,นายรัฐรุจน์ ปิยะพงศ์ภัทร์,20,ชลบุรี,1,2d8a1c84-0bc8-4377-965d-c020a0097c27,9,พรรคเพื่อไทย,#E4002B,0,0,0.0
228d767f-b1a6-468c-872f-ad00fe00a081,4,นายนพพล ผลอำนวย,62,กำแพงเพชร,3,2d8a1c84-0bc8-4377-965d-c020a0097c27,9,พรรคเพื่อไทย,#E4002B,0,0,0.0
24ab287b-52dc-4566-9414-89f531a1654a,4,นายสุรพจน์ เตาะเจริญสุข,40,ขอนแก่น,7,2d8a1c84-0bc8-4377-965d-c020a0097c27,9,พรรคเพื่อไทย,#E4002B,0,0,0.0
27bc4e52-20a8-4037-be99-fd2d0d714f0c,4,พันจ่าอากาศเอกเอนก พรมที,25,ปราจีนบุรี,3,d7155f6d-736d-42c0-8bc0-00ee6e1970dc,27,พรรคประชาธิปัตย์,#0066B3,0,0,0.0
29ecfedf-6ee0-4159-9930-d9aefa211dd1,4,นายเดชสกล จึงประวัติ,71,กาญจนบุรี,4,1116011c-1ef3-4cca-a186-c1b9f7984ede,46,พรรคประชาชน,#F57C00,0,0,0.0
2a4f05a0-c5f1-486c-822d-e671e575c4b6,4,นายสุทิน นพขำ,13,ปทุมธานี,4,2d8a1c84-0bc8-4377-965d-c020a0097c27,9,พรรคเพื่อไทย,#E4002B,0,0,0.0
2ae938cf-71cb-4787-8d05-108e9e8cb451,4,นายบาสรี มะเซ็ง,96,นราธิวาส,5,2d8a1c84-0bc8-4377-965d-c020a0097c27,9,พรรคเพื่อไทย,#E4002B,0,0,0.0
2b188f6a-ca03-4591-8967-9c3b930d5c65,4,นายภาสพล โตหอมบุตร,14,พระนครศรีอยุธยา,2,965b4b93-c01e-4a2b-a987-577f2b99ebb4,49,พรรคไทยก้าวใหม่,#1E88E5,0,0,0.0
2c938d4a-5f8f-48b8-85db-79873a061719,4,นายสันติ ตันสุหัช,50,เชียงใหม่,7,30f1cea0-4fc2-4fcf-86f0-96000cf188b5,22,พรรคก้าวอิสระ,#7B1FA2,0,0,0.0
2e71a98a-6092-47ee-8c81-d93fa760e28e,4,นายสิทธิชัย ต๊ะอาจ,67,เพชรบูรณ์,1,2d8a1c84-0bc8-4377-965d-c020a0097c27,9,พรรคเพื่อไทย,#E4002B,0,0,0.0
2e7a0118-a6bc-48c9-8007-912253d05efe,4,นายกฤตพร บุษย์เพชร,81,กระบี่,2,d7155f6d-736d-42c0-8bc0-00ee6e1970dc,27,พรรคประชาธิปัตย์,#0066B3,0,0,0.0
2f827e7a-fd9a-43cd-be10-02798c22417b,4,นายมานต์ เบ็ญนา,94,ปัตตานี,1,115da917-bf32-4e96-a2ae-b7818d0909ee,6,พรรครวมไทยสร้างชาติ,#FF6D00,0,3,0.0
2f9a924b-2b56-4919-a768-c58115f2abbb,4,นายกฤศอนันต์ วัฒนะ,50,เชียงใหม่,5,2ee17641-917b-4ea0-8c19-da383e03e915,44,พรรคโอกาสใหม่,#26C6DA,0,0,0.0
3002038b-e65b-4e0e-b5c1-8d291efdcf49,4,นายทวนชัย นิยมชาติ,10,กรุงเทพมหานคร,21,013c219e-e197-416d-84ea-00ba9c35465e,37,พรรคภูมิใจไทย,#3949AB,0,0,0.0
30c0b229-8a70-4f7f-bf44-acee738032a9,4,นายวัชรากร เลิศด้วยลาภ,30,นครราชสีมา,14,2d8a1c84-0bc8-4377-965d-c020a0097c27,9,พรรคเพื่อไทย,#E4002B,0,0,0.0
3115106e-fee4-4728-9026-c0186affa4d5,4,นางรำพูล ตันติวณิชชานนท์,34,อุบลราชธานี,9,a62aca08-91b7-4f3f-ba8f-cb9e884a3799,42,พรรคกล้าธรรม,#5D4037,0,0,0.0
321c4a32-393a-45d4-be12-ccc05255be48,4,นายประยงค์ นอบน้อม,74,สมุทรสาคร,4,2d8a1c84-0bc8-4377-965d-c020a0097c27,9,พรรคเพื่อไทย,#E4002B,0,0,0.0
33255c05-f04d-426b-bcc4-dffcb47e7b1b,4,นางสาวจิตภินันท์ วงษ์ขันธ์,34,อุบลราชธานี,8,2d8a1c84-0bc8-4377-965d-c020a0097c27,9,พรรคเพื่อไทย,#E4002B,0,0,0.0
33d5fbd1-6151-4125-b1f7-2683f6a9e86f,4,นายพิเชฏฐ พัฒนโชติ,90,สงขลา,1,d7155f6d-736d-42c0-8bc0-00ee6e1970dc,27,พรรคประชาธิปัตย์,#0066B3,0,0,0.0
346c6bab-6b0f-48cb-b129-8c1b1070647b,4,นายอรรถกร ศิริลัทธยากร,24,ฉะเชิงเทรา,2,a62aca08-91b7-4f3f-ba8f-cb9e884a3799,42,พรรคกล้าธรรม,#5D4037,0,0,0.0
34ed6f5c-6b08-4fb6-aa9c-1405499a9af5,4,นายสุขพัฒน์ คุณธวงศ์,46,กาฬสินธุ์,6,1116011c-1ef3-4cca-a186-c1b9f7984ede,46,พรรคประชาชน,#F57C00,0,0,0.0
35324e8f-d2ef-4932-b6ec-aa977842a300,4,นายนราธิป ภูมิถาวร,64,สุโขทัย,3,1116011c-1ef3-4cca-a186-c1b9f7984ede,46,พรรคประชาชน,#F57C00,0,0,0.0
3534620d-19de-4f4f-8496-b3f8544e803b,4,นายมานพ คำหวาน,73,นครปฐม,5,2d8a1c84-0bc8-4377-965d-c020a0097c27,9,พรรคเพื่อไทย,#E4002B,0,0,0.0
35ee5407-4113-45a2-9754-9fe5546d0f09,4,นายชัยกาล กันตรง,41,อุดรธานี,2,d7155f6d-736d-42c0-8bc0-00ee6e1970dc,27,พรรคประชาธิปัตย์,#0066B3,0,0,0.0
3659e31a-d706-40c7-8b62-a1ed3ff4f9d2,4,นายปฏิญญา ปักกิ่งเมือง,76,เพชรบุรี,2,2d8a1c84-0bc8-4377-965d-c020a0097c27,9,พรรคเพื่อไทย,#E4002B,0,0,0.0
368d304b-ec40-441b-8b5a-783230e70991,4,นายไซด์นอน แวหามะ,95,ยะลา,2,965b4b93-c01e-4a2b-a987-577f2b99ebb4,49,พรรคไทยก้าวใหม่,#1E88E5,0,0,0.0
37c16008-b0f8-45a0-a158-507bad2937c4,4,นายสำเร็จ ศรีจันทร์,26,นครนายก,1,d7155f6d-736d-42c0-8bc0-00ee6e1970dc,27,พรรคประชาธิปัตย์,#0066B3,0,0,0.0
38121921-d16f-4636-a89e-2dd84d831b40,4,นายสรรเพชร ทิพย์มณเฑียร,82,พังงา,1,d7155f6d-736d-42c0-8bc0-00ee6e1970dc,27,พรรคประชาธิปัตย์,#0066B3,0,0,0.0
389dc263-ecd0-486c-9e02-7fa51963d544,4,นายศุภกิจ สีหาภาค,33,ศรีสะเกษ,2,013c219e-e197-416d-84ea-00ba9c35465e,37,พรรคภูมิใจไทย,#3949AB,0,0,0.0
390366dc-a959-4098-b7d8-72b26f003429,4,นายสมนึก เตชมหามงคล,74,สมุทรสาคร,1,0c044088-618b-49af-a291-fb28ffe9e0f8,11,พรรคเศรษฐกิจ,#FFA000,0,0,0.0
39253aad-75f0-40b7-ac9c-8226e2cc445b,4,นางสาวศิราณี หมื่นจิตร,27,สระแก้ว,2,a62aca08-91b7-4f3f-ba8f-cb9e884a3799,42,พรรคกล้าธรรม,#5D4037,0,0,0.0
3970a399-9d61-4c03-bc44-059f02a4b79c,4,นายศักดิ์ ซารัมย์,31,บุรีรัมย์,6,013c219e-e197-416d-84ea-00ba9c35465e,37,พรรคภูมิใจไทย,#3949AB,0,0,0.0
39b5c5d5-4449-4ce7-8662-1cf86809d995,4,นายมนัสชัย โพธิ์แก้ว,31,บุรีรัมย์,2,339fa187-133c-4766-a6c2-36d1b32cda8f,23,พรรคปวงชนไทย,#827717,0,0,0.0
3a2bb82c-4958-4a68-866d-f2999b5d3f7d,4,นายภิญโญ รัศมีประเสริฐสุข,21,ระยอง,3,cb1b6cf2-41fa-49b1-a060-01acf13edc81,48,พรรคไทยสร้างไทย,#00ACC1,0,0,0.0
3a8b06b8-6716-4496-9e84-330093a93d0b,4,นางภัทรวดี ศรีศักดา,90,สงขลา,6,115da917-bf32-4e96-a2ae-b7818d0909ee,6,พรรครวมไทยสร้างชาติ,#FF6D00,0,0,0.0
3b661edc-e966-4832-9fd7-732e7a4f6c50,4,นายศรีศักดิ์ ศูนย์โศรก,27,สระแก้ว,3,0c044088-618b-49af-a291-fb28ffe9e0f8,11,พรรคเศรษฐกิจ,#FFA000,0,0,0.0
3c0a9dbe-134c-43e3-89f9-86555ef4fba4,4,นายณรงฤทธิ์ มอบสันเทียะ,36,ชัยภูมิ,4,115da917-bf32-4e96-a2ae-b7818d0909ee,6,พรรครวมไทยสร้างชาติ,#FF6D00,0,0,0.0
3c51b522-4c4a-45d6-9a27-a6699df05692,4,นายอัครแสนคีรี โล่ห์วีระ,36,ชัยภูมิ,7,a62aca08-91b7-4f3f-ba8f-cb9e884a3799,42,พรรคกล้าธรรม,#5D4037,0,0,0.0
3cb1d88d-91fb-4e65-adff-95ae270130d6,4,นายธงชัย กึ่งมาตย์,43,หนองคาย,2,d7155f6d-736d-42c0-8bc0-00ee6e1970dc,27,พรรคประชาธิปัตย์,#0066B3,0,0,0.0
3f0dc90c-4657-4654-a3ba-1c16d865c4c2,4,นายชัชวาล แพทยาไทย,45,ร้อยเอ็ด,7,cb1b6cf2-41fa-49b1-a060-01acf13edc81,48,พรรคไทยสร้างไทย,#00ACC1,0,0,0.0
3f22d65e-de55-4b1e-9fb5-dc7a551386db,4,นายรุ่งโรจน์ ภูศักดิ์,36,ชัยภูมิ,6,115da917-bf32-4e96-a2ae-b7818d0909ee,6,พรรครวมไทยสร้างชาติ,#FF6D00,0,0,0.0
401e1b12-f868-43c7-9b80-a56c6694d769,4,นายเจนวิทย์ จันทรา,65,พิษณุโลก,3,2d8a1c84-0bc8-4377-965d-c020a0097c27,9,พรรคเพื่อไทย,#E4002B,0,0,0.0
40c7ed90-a849-45fc-bff5-0364ac9034d1,4,นายโกศล สิงห์ทอง,73,นครปฐม,1,0c044088-618b-49af-a291-fb28ffe9e0f8,11,พรรคเศรษฐกิจ,#FFA000,0,0,0.0
40d799ad-38f7-4313-b310-74247dc4dcf0,4,นายกิตติธัช ไชยอรรถ,23,ตราด,1,a62aca08-91b7-4f3f-ba8f-cb9e884a3799,42,พรรคกล้าธรรม,#5D4037,0,0,0.0
40d9c5d3-f71a-469a-be5d-cad09996b59d,4,นายวุฒิศักดิ์ พิมพ์พิสาร,30,นครราชสีมา,2,a62aca08-91b7-4f3f-ba8f-cb9e884a3799,42,พรรคกล้าธรรม,#5D4037,0,0,0.0
40f6ff23-49ed-489f-a474-554db05e659e,4,นายภัควัฒน์ ธรรมครุฑทิพย์,41,อุดรธานี,4,03347cbc-6089-474c-a3f6-484ae981c9a6,43,พรรคพลังประชารัฐ,#1565C0,0,0,0.0
426e8c40-858b-4381-bcc5-c9246bf32556,4,นายวรวุฒิ วรสาร,41,อุดรธานี,3,115da917-bf32-4e96-a2ae-b7818d0909ee,6,พรรครวมไทยสร้างชาติ,#FF6D00,0,0,0.0
43676137-d91e-472a-998c-9853546cb204,4,นางสาวนาตยา กรุณามิตร,64,สุโขทัย,4,1116011c-1ef3-4cca-a186-c1b9f7984ede,46,พรรคประชาชน,#F57C00,0,0,0.0
43e75dcc-d5fa-427a-94a1-fb6308890f58,4,นายธนเดช สงวนพันธุ์,73,นครปฐม,4,a62aca08-91b7-4f3f-ba8f-cb9e884a3799,42,พรรคกล้าธรรม,#5D4037,0,0,0.0
44a4239c-8e14-43e8-96bf-f90faa49cf97,4,นางสาวพิศมัย สร้อยสุวรรณ,36,ชัยภูมิ,3,d7155f6d-736d-42c0-8bc0-00ee6e1970dc,27,พรรคประชาธิปัตย์,#0066B3,0,0,0.0
44d20046-2b6a-4d75-af3c-9250c4fe384d,4,นายทองลี มีหินกอง,45,ร้อยเอ็ด,6,2d8a1c84-0bc8-4377-965d-c020a0097c27,9,พรรคเพื่อไทย,#E4002B,0,0,0.0
450db5c1-6844-4e0a-8db1-0f1805aad62d,4,นางสาวกาญจนา เปรมภิรักษา,30,นครราชสีมา,12,a62aca08-91b7-4f3f-ba8f-cb9e884a3799,42,พรรคกล้าธรรม,#5D4037,0,0,0.0
453f674d-89ab-455d-a327-53a8748726e1,4,นายประเสริฐ จรูญจิตรวีร์,60,นครสวรรค์,4,a62aca08-91b7-4f3f-ba8f-cb9e884a3799,42,พรรคกล้าธรรม,#5D4037,0,0,0.0
46500bf7-1f74-4294-8cc4-3afc8b277068,4,นางบุญยิ่ง นิติกาญจนา,70,ราชบุรี,2,a62aca08-91b7-4f3f-ba8f-cb9e884a3799,42,พรรคกล้าธรรม,#5D4037,0,0,0.0
466ca717-b478-4c6f-928a-141f5a00ef37,4,นายอวยชัย วะทา,44,มหาสารคาม,5,013c219e-e197-416d-84ea-00ba9c35465e,37,พรรคภูมิใจไทย,#3949AB,0,0,0.0
478e507c-3092-4d6f-b36a-249eeb5deedf,4,นายเทพนิมิตร จิตรนคร,13,ปทุมธานี,5,54706125-9661-467d-a8af-78994d14b116,35,พรรครักชาติ,#B71C1C,0,0,0.0
4796f3dc-21fa-4ff1-9c44-41d30e7cd40d,4,ร้อยตำรวจเอกประภาส น้อยเลาหกุล,40,ขอนแก่น,4,965b4b93-c01e-4a2b-a987-577f2b99ebb4,49,พรรคไทยก้าวใหม่,#1E88E5,0,0,0.0
485f713b-0133-47f5-95db-54ffff790e61,4,นายทรงกิตติ สุวรรณทอง,41,อุดรธานี,7,115da917-bf32-4e96-a2ae-b7818d0909ee,6,พรรครวมไทยสร้างชาติ,#FF6D00,0,0,0.0
48f849d8-222a-47c4-8b49-0c413009305a,4,นายพนธกร ใจสนอง,58,แม่ฮ่องสอน,2,1116011c-1ef3-4cca-a186-c1b9f7984ede,46,พรรคประชาชน,#F57C00,0,0,0.0
49074d5d-c9ab-46a6-9c60-0d8d418fecef,4,นายรัฐ คลังแสง,44,มหาสารคาม,6,2d8a1c84-0bc8-4377-965d-c020a0097c27,9,พรรคเพื่อไทย,#E4002B,0,0,0.0
4969c4e5-d9ec-4377-9c6f-3265850380fc,4,นายธีรเศรษฐ พัฒน์วราพงษ์,17,สิงห์บุรี,1,1116011c-1ef3-4cca-a186-c1b9f7984ede,46,พรรคประชาชน,#F57C00,0,0,0.0
4b0a8e65-9f7c-44c7-b17e-c33c34538d4d,4,นายประพัฒน์ ปานยิ้ม,76,เพชรบุรี,1,2d8a1c84-0bc8-4377-965d-c020a0097c27,9,พรรคเพื่อไทย,#E4002B,0,0,0.0
4b83769c-27b0-465e-8d1f-cd5a1bd604dc,4,นายวิลัย ยศสุริยะชัย,48,นครพนม,4,339fa187-133c-4766-a6c2-36d1b32cda8f,23,พรรคปวงชนไทย,#827717,0,0,0.0
4c2abeb9-8ebb-47ea-90bf-8d89c70cca04,4,นางสุทธิลักษณ์ ยายิรัมย์,31,บุรีรัมย์,1,115da917-bf32-4e96-a2ae-b7818d0909ee,6,พรรครวมไทยสร้างชาติ,#FF6D00,0,0,0.0
4c54ba82-0fa2-4d97-af25-a1988de2413d,4,นางสาวปิยธิดา เอี่ยมสุวรรณ์,19,สระบุรี,4,013c219e-e197-416d-84ea-00ba9c35465e,37,พรรคภูมิใจไทย,#3949AB,0,0,0.0
4cafcd6d-03c6-4dca-889c-8cd24d1cdb16,4,นายธนา กิจไพบูลย์ชัย,33,ศรีสะเกษ,3,013c219e-e197-416d-84ea-00ba9c35465e,37,พรรคภูมิใจไทย,#3949AB,0,0,0.0
4ce761b6-a69c-4e9c-99a7-99be2411567a,4,นายสถาพร ว่องสัธนพงษ์,45,ร้อยเอ็ด,1,2d8a1c84-0bc8-4377-965d-c020a0097c27,9,พรรคเพื่อไทย,#E4002B,0,0,0.0
4ee2ac8c-4022-42a1-8012-055f93f28fdc,4,นายอัครพงษ์ สิทธิ,67,เพชรบูรณ์,6,1116011c-1ef3-4cca-a186-c1b9f7984ede,46,พรรคประชาชน,#F57C00,0,0,0.0
4f2b7e99-a573-4174-869e-9818dc4e3944,4,นายรัฐกิตติ์ ผาลีพัฒน์,34,อุบลราชธานี,5,a62aca08-91b7-4f3f-ba8f-cb9e884a3799,42,พรรคกล้าธรรม,#5D4037,0,0,0.0
4f60bc9d-e5d5-4b24-b2cb-d9e92b08be69,4,นายชัยวัฒน์ จันทรการ,96,นราธิวาส,2,d7155f6d-736d-42c0-8bc0-00ee6e1970dc,27,พรรคประชาธิปัตย์,#0066B3,0,0,0.0
4f99489d-5c0f-42b5-905f-0058f6689328,4,นายศราวุธ ปลอดภัย,66,พิจิตร,3,115da917-bf32-4e96-a2ae-b7818d0909ee,6,พรรครวมไทยสร้างชาติ,#FF6D00,0,0,0.0
4fc2e845-7765-4ddd-9223-6c5483432371,4,นายกิตติพล รวยฟูพันธ์,10,กรุงเทพมหานคร,25,2d8a1c84-0bc8-4377-965d-c020a0097c27,9,พรรคเพื่อไทย,#E4002B,0,0,0.0
502355b2-5eb2-4380-9d0a-fce5cf1565d2,4,นายอนิศ โอสถานุเคราะห์,46,กาฬสินธุ์,2,013c219e-e197-416d-84ea-00ba9c35465e,37,พรรคภูมิใจไทย,#3949AB,0,0,0.0
50311d6c-55eb-49bc-a9d0-5858616820a9,4,นายสาเหะมูหามัด อัลอิดรุส,94,ปัตตานี,5,013c219e-e197-416d-84ea-00ba9c35465e,37,พรรคภูมิใจไทย,#3949AB,0,0,0.0
50cf5862-c6a9-40a8-859d-1485f27ba6c6,4,นายอับดุลเราะมัน สายาดะ,94,ปัตตานี,2,1116011c-1ef3-4cca-a186-c1b9f7984ede,46,พรรคประชาชน,#F57C00,0,0,0.0
51280355-b8ba-40ce-a8c4-d3b77e662569,4,นายธิตินัย ตั้งบูรพาจิตร์,77,ประจวบคีรีขันธ์,1,a62aca08-91b7-4f3f-ba8f-cb9e884a3799,42,พรรคกล้าธรรม,#5D4037,0,0,0.0
51a29612-c36d-406e-a182-b2997814fbf5,4,นายวิรัตน์ เกียรติสันติกุล,12,นนทบุรี,1,2d8a1c84-0bc8-4377-965d-c020a0097c27,9,พรรคเพื่อไทย,#E4002B,0,6,0.0
51b8173c-6f3a-46ea-b52d-c29f157708c6,4,นายไสว เลื่องสีนิล,80,นครศรีธรรมราช,7,2ee17641-917b-4ea0-8c19-da383e03e915,44,พรรคโอกาสใหม่,#26C6DA,0,0,0.0
51c1e527-7eca-42d3-9e59-a86e530dc91d,4,นายร่วมภูมิศักดิ์ พลเยี่ยม,45,ร้อยเอ็ด,3,03347cbc-6089-474c-a3f6-484ae981c9a6,43,พรรคพลังประชารัฐ,#1565C0,0,0,0.0
51c2967e-6ce6-4ff1-a602-7dcfa651c167,4,นายธนากร สัมมาสาโก,31,บุรีรัมย์,5,1116011c-1ef3-4cca-a186-c1b9f7984ede,46,พรรคประชาชน,#F57C00,0,0,0.0
52a27851-e871-4162-b129-d5690502dd9e,4,นายภุชงค์ สุภัควรางกูร,32,สุรินทร์,5,013c219e-e197-416d-84ea-00ba9c35465e,37,พรรคภูมิใจไทย,#3949AB,0,0,0.0
52a8b03e-162b-4e00-b739-8f36214f5e32,4,นางสาวจิรัชยา สัพโส,47,สกลนคร,3,2d8a1c84-0bc8-4377-965d-c020a0097c27,9,พรรคเพื่อไทย,#E4002B,0,0,0.0
5381c0a4-b64a-4328-913a-f193cfecc0b2,4,นายจิรัฏฐ์ เชาว์อริยรัฐ,10,กรุงเทพมหานคร,19,a62aca08-91b7-4f3f-ba8f-cb9e884a3799,42,พรรคกล้าธรรม,#5D4037,0,6,0.0
5533ea6e-f4ff-47b9-91b6-a5f78c30b8a6,4,นายกระแสร์ ตระกูลพรพงศ์,43,หนองคาย,1,03347cbc-6089-474c-a3f6-484ae981c9a6,43,พรรคพลังประชารัฐ,#1565C0,0,0,0.0
557bf4a5-b709-47cf-a9dd-a2f7c47691f4,4,นายฉลาด ขามช่วง,45,ร้อยเอ็ด,2,2d8a1c84-0bc8-4377-965d-c020a0097c27,9,พรรคเพื่อไทย,#E4002B,0,0,0.0
56346402-f53b-46c5-a04d-355da0c4bac1,4,นายอาดิลัน อาลีอิสเฮาะ,95,ยะลา,1,a62aca08-91b7-4f3f-ba8f-cb9e884a3799,42,พรรคกล้าธรรม,#5D4037,0,0,0.0
56ba16e5-6377-4e0a-b34a-48d1fd7101e6,4,นายวิวรรธน์ วงศ์สิทธิ์,30,นครราชสีมา,1,d7155f6d-736d-42c0-8bc0-00ee6e1970dc,27,พรรคประชาธิปัตย์,#0066B3,0,0,0.0
57026330-5617-4ec8-ae9f-07c409414cc0,4,นายณฐพงศ์ นรสิงห์,16,ลพบุรี,2,0c044088-618b-49af-a291-fb28ffe9e0f8,11,พรรคเศรษฐกิจ,#FFA000,0,0,0.0
58af20f8-bb1e-47f5-a40e-f3ef00bd3c0c,4,นายประชา มีเหม็ง,12,นนทบุรี,3,115da917-bf32-4e96-a2ae-b7818d0909ee,6,พรรครวมไทยสร้างชาติ,#FF6D00,0,0,0.0
58dafeeb-20be-4c76-a997-9fbdbbde4dab,4,นายเจตน์สฤษฎิ์ ปัญญาอัศวนิรัญ,16,ลพบุรี,1,115da917-bf32-4e96-a2ae-b7818d0909ee,6,พรรครวมไทยสร้างชาติ,#FF6D00,0,0,0.0
59261d86-fbe4-4261-9e9e-ffebcd60208f,4,นายพิชัย แจ้งจรรยาวงศ์,11,สมุทรปราการ,3,1116011c-1ef3-4cca-a186-c1b9f7984ede,46,พรรคประชาชน,#F57C00,0,0,0.0
594b8b6c-2e4f-4bb9-b23f-e861ec805c07,4,นายธนชาต ธนโชติพิพิธ,48,นครพนม,2,a62aca08-91b7-4f3f-ba8f-cb9e884a3799,42,พรรคกล้าธรรม,#5D4037,0,0,0.0
5a3ca239-66f0-4d80-a39d-260786499577,4,นายวรินทร วิชัยดิษฐ,84,สุราษฎร์ธานี,2,1116011c-1ef3-4cca-a186-c1b9f7984ede,46,พรรคประชาชน,#F57C00,0,0,0.0
5a5eca51-f596-4524-b31e-8713f1ed8554,4,นายจิตร์จา สังข์สี,25,ปราจีนบุรี,1,2d8a1c84-0bc8-4377-965d-c020a0097c27,9,พรรคเพื่อไทย,#E4002B,0,0,0.0
5b74931e-2d08-459c-8d79-81766f730ced,4,นางสาวพัชราภรณ์ เอื้องฟ้า,51,ลำพูน,1,d7155f6d-736d-42c0-8bc0-00ee6e1970dc,27,พรรคประชาธิปัตย์,#0066B3,0,0,0.0
5bc99308-c18d-4026-a55e-f18b79c2406e,4,นางสาวกฤษฎิ์ ชีวะธรรมานนท์,20,ชลบุรี,6,a62aca08-91b7-4f3f-ba8f-cb9e884a3799,42,พรรคกล้าธรรม,#5D4037,0,0,0.0
5c6b00df-a127-4b4a-9f8e-ef451a391c13,4,นายพีระเดช ศิริวันสาณฑ์,60,นครสวรรค์,5,013c219e-e197-416d-84ea-00ba9c35465e,37,พรรคภูมิใจไทย,#3949AB,0,0,0.0
5c711d2b-5df2-4300-a48f-47e507333516,4,นายพรอนันต์ ไชยชาติ,16,ลพบุรี,3,d7155f6d-736d-42c0-8bc0-00ee6e1970dc,27,พรรคประชาธิปัตย์,#0066B3,0,0,0.0
5d677072-7007-45ac-8779-38ed3f0d014b,4,นายคำก่าย กองพร,31,บุรีรัมย์,7,115da917-bf32-4e96-a2ae-b7818d0909ee,6,พรรครวมไทยสร้างชาติ,#FF6D00,0,0,0.0
5dd79a7b-2877-4f78-8f9a-35c57ca368a1,4,นายวรศิษฎ์ เลียงประสิทธิ์,91,สตูล,2,013c219e-e197-416d-84ea-00ba9c35465e,37,พรรคภูมิใจไทย,#3949AB,0,0,0.0
5e4851b9-cdfd-4112-b716-0b5cf1b4e915,4,นายวิศรุต ปู่เพ็ง,40,ขอนแก่น,6,013c219e-e197-416d-84ea-00ba9c35465e,37,พรรคภูมิใจไทย,#3949AB,0,0,0.0
5e787afb-a738-4efb-97de-de57357dc5f9,4,นายอนุรักษ์ อมรเมตตาจิต,15,อ่างทอง,2,d7155f6d-736d-42c0-8bc0-00ee6e1970dc,27,พรรคประชาธิปัตย์,#0066B3,0,0,0.0
5fabc1e4-a410-4eca-9cef-b6f5be692e13,4,นายปริญวัฒน์ ทวีกิจศิรพงษ์,62,กำแพงเพชร,1,1116011c-1ef3-4cca-a186-c1b9f7984ede,46,พรรคประชาชน,#F57C00,0,0,0.0
5fc838fe-bd23-4fff-b4ce-398f483d0088,4,นายวิศรุต สวัสดิ์วร,34,อุบลราชธานี,1,cb1b6cf2-41fa-49b1-a060-01acf13edc81,48,พรรคไทยสร้างไทย,#00ACC1,0,0,0.0
5fd7f7fb-3f6f-4a81-bcf1-46d29136c4ad,4,นางกมลพิชญ์ เหลียวสุวรรณ,66,พิจิตร,1,0c044088-618b-49af-a291-fb28ffe9e0f8,11,พรรคเศรษฐกิจ,#FFA000,0,0,0.0
60b43ce3-c642-4875-b92c-7d8eca47e629,4,นายไชยอนันต์ ตรีไพบูลย์,10,กรุงเทพมหานคร,14,2ee17641-917b-4ea0-8c19-da383e03e915,44,พรรคโอกาสใหม่,#26C6DA,0,0,0.0
615bcef8-3512-4a52-94f0-ce6d0a4da23b,4,นายสุกฤษณ์ วัชรมาลีกุล,30,นครราชสีมา,13,03347cbc-6089-474c-a3f6-484ae981c9a6,43,พรรคพลังประชารัฐ,#1565C0,0,0,0.0
62ed61fc-7eb1-468f-8572-ae6c40f12136,4,นายกวิน ชาตะวนิช,10,กรุงเทพมหานคร,30,115da917-bf32-4e96-a2ae-b7818d0909ee,6,พรรครวมไทยสร้างชาติ,#FF6D00,0,0,0.0
634bbc05-1255-44bb-8f15-5036beccfbcf,4,นายเอกธนัช อินทร์รอด,43,หนองคาย,3,2d8a1c84-0bc8-4377-965d-c020a0097c27,9,พรรคเพื่อไทย,#E4002B,0,0,0.0
6446e96a-d9dc-4442-8efe-aa30b8dccee6,4,นายไชยวัฒนา ติณรัตน์,44,มหาสารคาม,2,2d8a1c84-0bc8-4377-965d-c020a0097c27,9,พรรคเพื่อไทย,#E4002B,0,0,0.0
65c21126-4be6-4b9b-9d86-e72a1f6092e6,4,นายบุญเกิด ร่องแก้ว,57,เชียงราย,7,115da917-bf32-4e96-a2ae-b7818d0909ee,6,พรรครวมไทยสร้างชาติ,#FF6D00,0,0,0.0
65c87cac-eac5-4052-8041-e361d51ab2ca,4,นายกิตษณัฐ อินทร์พรหม,80,นครศรีธรรมราช,3,2d8a1c84-0bc8-4377-965d-c020a0097c27,9,พรรคเพื่อไทย,#E4002B,0,0,0.0
65d1d23f-d452-4d8d-8574-cc022d035acd,4,ว่าที่ร้อยตรีสุเทพ บุพศิริ,38,บึงกาฬ,1,339fa187-133c-4766-a6c2-36d1b32cda8f,23,พรรคปวงชนไทย,#827717,0,0,0.0
65d77613-4d0a-4c4c-8ca9-7438634cfac1,4,นายณรงค์ อาแว,95,ยะลา,3,1116011c-1ef3-4cca-a186-c1b9f7984ede,46,พรรคประชาชน,#F57C00,0,0,0.0
660fff24-573b-4e5f-842e-b54d281ce273,4,นายพลชัย โสภากันต์,37,อำนาจเจริญ,1,d7155f6d-736d-42c0-8bc0-00ee6e1970dc,27,พรรคประชาธิปัตย์,#0066B3,0,0,0.0
663800fa-3981-4514-9730-4f12e868299a,4,นางสาวผกามาศ เจริญพันธ์,32,สุรินทร์,3,013c219e-e197-416d-84ea-00ba9c35465e,37,พรรคภูมิใจไทย,#3949AB,0,0,0.0
665c3c80-1455-4e24-afc9-eaf8a246d190,4,นายศุภกร สุวรรณหมัด,92,ตรัง,1,1116011c-1ef3-4cca-a186-c1b9f7984ede,46,พรรคประชาชน,#F57C00,0,0,0.0
66642bae-13da-415a-aa39-3008d13ffed2,4,นายยงยุทธ มั่นบุปผชาติ,13,ปทุมธานี,8,2d8a1c84-0bc8-4377-965d-c020a0097c27,9,พรรคเพื่อไทย,#E4002B,0,0,0.0
676b20cb-6271-4a70-8f2f-efb0fe656957,4,นายกฤศ ทรัพย์ประเสริฐ,72,สุพรรณบุรี,2,d7155f6d-736d-42c0-8bc0-00ee6e1970dc,27,พรรคประชาธิปัตย์,#0066B3,0,0,0.0
6b3dd347-131e-4f2a-8c14-73178a7203a1,4,นายวีระยุทธ ใยวังหน้า,14,พระนครศรีอยุธยา,3,1116011c-1ef3-4cca-a186-c1b9f7984ede,46,พรรคประชาชน,#F57C00,0,0,0.0
6b88f30b-c48a-4ebf-b5aa-8468c2d4fb80,4,นายชัยวัฒน์ เป้าเปี่ยมทรัพย์,24,ฉะเชิงเทรา,3,a62aca08-91b7-4f3f-ba8f-cb9e884a3799,42,พรรคกล้าธรรม,#5D4037,0,0,0.0
6cce8dac-ba9f-4e2e-8214-03a3ded4c420,4,นายรินไท มุ่งมาจน,34,อุบลราชธานี,4,6afb8755-450e-4b1d-8349-00dba243e0e1,60,พรรคสัมมาธิปไตย,#78716C,0,0,0.0
6d528331-602a-43d2-bc2c-4158ebaf6491,4,นายสมบูรณ์ รูปสะอาด,52,ลำปาง,2,2ee17641-917b-4ea0-8c19-da383e03e915,44,พรรคโอกาสใหม่,#26C6DA,0,0,0.0
6d990079-b715-4a20-82e8-b7077624f171,4,นายจักรพล วชิรเสวีกุล,20,ชลบุรี,4,f9cadd57-8256-49aa-9386-0da392b19fc2,29,พรรคไทยภักดี,#D32F2F,0,0,0.0
6e6e978b-8e2d-405b-941e-574d27903cd4,4,นายสุขสันต์ แสงศรี,10,กรุงเทพมหานคร,17,013c219e-e197-416d-84ea-00ba9c35465e,37,พรรคภูมิใจไทย,#3949AB,0,0,0.0
6e7ea6cc-a39d-49bb-ab6e-9757beeb930d,4,นางสาววิสาระดี เตชะธีราวัฒน์,57,เชียงราย,4,2d8a1c84-0bc8-4377-965d-c020a0097c27,9,พรรคเพื่อไทย,#E4002B,0,0,0.0
6f18db40-fdf3-48af-95ae-676499289b56,4,นายรัชพล พุทธรักษา,41,อุดรธานี,1,013c219e-e197-416d-84ea-00ba9c35465e,37,พรรคภูมิใจไทย,#3949AB,0,0,0.0
71169325-ec2e-4655-8843-c6d6a3e62322,4,นายอภิชิต ถาบุตร,47,สกลนคร,7,1116011c-1ef3-4cca-a186-c1b9f7984ede,46,พรรคประชาชน,#F57C00,0,0,0.0
724e2377-adce-416f-87b6-9fe040f4abd4,4,นายศรายุทธ หน่อแก้ว,56,พะเยา,3,013c219e-e197-416d-84ea-00ba9c35465e,37,พรรคภูมิใจไทย,#3949AB,0,0,0.0
72a39fb3-f2fc-4a71-aa40-94c8b73b8c4e,4,พลตำรวจโทอัตชัย ดวงอัมพร,10,กรุงเทพมหานคร,31,409581ea-d469-40f6-803e-7830a6418150,17,พรรคไทยชนะ,#D84315,0,0,0.0
73a67cf2-3f77-43a0-abe5-882544aac00a,4,นายทวี สุระบาล,92,ตรัง,2,013c219e-e197-416d-84ea-00ba9c35465e,37,พรรคภูมิใจไทย,#3949AB,0,0,0.0
73b24128-7a1e-4ada-9bcd-4742bdae6ca5,4,นายมงคล ชื่นตา,35,ยโสธร,3,a62aca08-91b7-4f3f-ba8f-cb9e884a3799,42,พรรคกล้าธรรม,#5D4037,0,0,0.0
73dd2a22-c54f-49e9-890c-a6b711342674,4,นายอมรฒิพัฒน์ ภูบาล,20,ชลบุรี,8,f9cadd57-8256-49aa-9386-0da392b19fc2,29,พรรคไทยภักดี,#D32F2F,0,0,0.0
73ebbdfd-ade2-4f71-bbf4-ad8a8cc8af7a,4,นายณัฐพงษ์ โพธิ์เดช,11,สมุทรปราการ,2,a62aca08-91b7-4f3f-ba8f-cb9e884a3799,42,พรรคกล้าธรรม,#5D4037,0,0,0.0
74feacc9-52f1-40d0-8ab0-575501c08131,4,นายวิชา ประจักษ์จิตร์,75,สมุทรสงคราม,1,013c219e-e197-416d-84ea-00ba9c35465e,37,พรรคภูมิใจไทย,#3949AB,0,0,0.0
7593780b-7c23-4a64-b714-669d55cd4438,4,นางสาวแพรวพรรณ พุกพิบูลย์,11,สมุทรปราการ,1,013c219e-e197-416d-84ea-00ba9c35465e,37,พรรคภูมิใจไทย,#3949AB,0,0,0.0
761ccba1-cc29-47d0-8b41-818310e993fd,4,นางสาวณัฐจิรา อิ่มวิเศษ,30,นครราชสีมา,4,2d8a1c84-0bc8-4377-965d-c020a0097c27,9,พรรคเพื่อไทย,#E4002B,0,0,0.0
76602c26-81c0-458d-a53b-185cac812df5,4,นายอนุศักดิ์ กาญจนี,10,กรุงเทพมหานคร,13,bd8d9f14-f757-41fb-8f37-d6128d9d012d,7,พรรคพลวัต,#EF6C00,0,10,0.0
76b24ecc-7209-4f5a-a31c-94034cdbe829,4,นายวีระพล จิตสัมฤทธิ์,33,ศรีสะเกษ,6,2d8a1c84-0bc8-4377-965d-c020a0097c27,9,พรรคเพื่อไทย,#E4002B,0,0,0.0
772d636d-7a29-455c-81cf-dfb20f4acae8,4,นางชีวรัตน์ อุปนันท์,41,อุดรธานี,8,965b4b93-c01e-4a2b-a987-577f2b99ebb4,49,พรรคไทยก้าวใหม่,#1E88E5,0,0,0.0
789c5b25-6783-47dd-8637-6795011738cf,4,นายวีระชัย จันทร์ดวงศรี,33,ศรีสะเกษ,1,d7155f6d-736d-42c0-8bc0-00ee6e1970dc,27,พรรคประชาธิปัตย์,#0066B3,0,0,0.0
797e06d6-ab74-4490-915a-0f5e7d1bbc56,4,นางสาวพลอย ธนิกุล,71,กาญจนบุรี,3,2d8a1c84-0bc8-4377-965d-c020a0097c27,9,พรรคเพื่อไทย,#E4002B,0,0,0.0
7aa9758f-6fe3-4587-9d5d-1b10ddec807c,4,นางสาวกวินนาถ ตาคีย์,20,ชลบุรี,9,115da917-bf32-4e96-a2ae-b7818d0909ee,6,พรรครวมไทยสร้างชาติ,#FF6D00,0,0,0.0
7b1d9770-d852-4795-9e52-e8b15c9f024e,4,นายณรงค์ แขนอก,36,ชัยภูมิ,2,d7155f6d-736d-42c0-8bc0-00ee6e1970dc,27,พรรคประชาธิปัตย์,#0066B3,0,0,0.0
7b274287-9d63-455e-af1e-152ef02ef995,4,นายจำลอง รุ่งเรือง,58,แม่ฮ่องสอน,1,115da917-bf32-4e96-a2ae-b7818d0909ee,6,พรรครวมไทยสร้างชาติ,#FF6D00,0,0,0.0
7c579b9c-946d-40d4-affe-b934a43ce552,4,นายยุพราช บัวอินทร์,67,เพชรบูรณ์,2,013c219e-e197-416d-84ea-00ba9c35465e,37,พรรคภูมิใจไทย,#3949AB,0,0,0.0
7c863ce3-bb82-4256-b99e-d86c6bc4bfe6,4,นายภูมเรศ จุลโสด,11,สมุทรปราการ,4,d7155f6d-736d-42c0-8bc0-00ee6e1970dc,27,พรรคประชาธิปัตย์,#0066B3,0,0,0.0
7d88740b-589c-4b52-8222-f0e720ca5e8b,4,นายกฤตนัน เย็นสำราญ,22,จันทบุรี,3,d7155f6d-736d-42c0-8bc0-00ee6e1970dc,27,พรรคประชาธิปัตย์,#0066B3,0,0,0.0
7e1d0ac9-7f85-44a2-adb9-4a245ec89413,4,นาวาอากาศเอกอธิคุณ คงมี,93,พัทลุง,1,013c219e-e197-416d-84ea-00ba9c35465e,37,พรรคภูมิใจไทย,#3949AB,0,0,0.0
7ead0620-a759-4790-a5ce-c18fd4fa1370,4,นายอุทิศ สายดวงแก้ว,50,เชียงใหม่,6,d7155f6d-736d-42c0-8bc0-00ee6e1970dc,27,พรรคประชาธิปัตย์,#0066B3,0,0,0.0
7ecfd6db-4636-4dfd-be68-883c0944b2ff,4,นายวิวัฒน์ จินดาพล,83,ภูเก็ต,3,013c219e-e197-416d-84ea-00ba9c35465e,37,พรรคภูมิใจไทย,#3949AB,0,0,0.0
7f35bfc9-bc82-4056-b858-570781624598,4,นายวันชนะ วงษ์พรพันธุ์,73,นครปฐม,3,1116011c-1ef3-4cca-a186-c1b9f7984ede,46,พรรคประชาชน,#F57C00,0,0,0.0
7fd1bec7-8545-4ec4-9745-93a76c3c22db,4,นายรัชพล หนูกูล,20,ชลบุรี,3,d7155f6d-736d-42c0-8bc0-00ee6e1970dc,27,พรรคประชาธิปัตย์,#0066B3,0,0,0.0
80975c6f-67f1-4929-a5c0-e486afb4efc5,4,นายภานุมาศ แก้วนอก,30,นครราชสีมา,16,d7155f6d-736d-42c0-8bc0-00ee6e1970dc,27,พรรคประชาธิปัตย์,#0066B3,0,0,0.0
8242a31a-3f5b-44c1-a8e6-2ada2eaa66ee,4,นายทรงพล ชีวินมหาชัย,57,เชียงราย,2,a62aca08-91b7-4f3f-ba8f-cb9e884a3799,42,พรรคกล้าธรรม,#5D4037,0,0,0.0
830bce22-fbfe-4848-825f-9dd89425bc00,4,นายอธิคม ขุนแก้ว,93,พัทลุง,2,965b4b93-c01e-4a2b-a987-577f2b99ebb4,49,พรรคไทยก้าวใหม่,#1E88E5,0,0,0.0
85db3ba2-f6ca-4446-96c8-060ba54780a1,4,นายพีรวิชย์ วงศ์วิชญะ,11,สมุทรปราการ,8,965b4b93-c01e-4a2b-a987-577f2b99ebb4,49,พรรคไทยก้าวใหม่,#1E88E5,0,0,0.0
86a10e7f-e6f2-4d6d-9a9e-41d6df68525d,4,นางบัวลอย โพธิ์หลาย,66,พิจิตร,2,d7155f6d-736d-42c0-8bc0-00ee6e1970dc,27,พรรคประชาธิปัตย์,#0066B3,0,0,0.0
86af9b77-d459-48b7-b96a-34cfe5b7364e,4,นายวีระศักดิ์ โคตรสมบัติ,35,ยโสธร,1,2d8a1c84-0bc8-4377-965d-c020a0097c27,9,พรรคเพื่อไทย,#E4002B,0,0,0.0
884158cc-bbe5-4ada-a459-6881a8d2204f,4,นายวศิน สิริเกียรติกุล,81,กระบี่,1,d7155f6d-736d-42c0-8bc0-00ee6e1970dc,27,พรรคประชาธิปัตย์,#0066B3,0,0,0.0
8af84945-b50c-42a7-9185-474c3f3b1139,4,นายพิษณุ พลธี,13,ปทุมธานี,7,013c219e-e197-416d-84ea-00ba9c35465e,37,พรรคภูมิใจไทย,#3949AB,0,0,0.0
8b7f5476-e1bd-4be5-828a-544da4ec1ce1,4,นายบุญมี นิลถนอม,74,สมุทรสาคร,3,a62aca08-91b7-4f3f-ba8f-cb9e884a3799,42,พรรคกล้าธรรม,#5D4037,0,0,0.0
8c053bf0-9ce8-4751-b75a-c6907c80c7fd,4,นายประเวศน์ รวีโอภาส,57,เชียงราย,3,013c219e-e197-416d-84ea-00ba9c35465e,37,พรรคภูมิใจไทย,#3949AB,0,0,0.0
8d9520cc-f863-427d-9159-6c3555d84a7b,4,นายอัครวัฒน์ กุลเฉลิมพัฒน์,30,นครราชสีมา,7,013c219e-e197-416d-84ea-00ba9c35465e,37,พรรคภูมิใจไทย,#3949AB,0,0,0.0
8da85653-263c-4c3a-8b52-acda9f2a38dc,4,นายโยธิน ทองเนื้อแข็ง,90,สงขลา,4,013c219e-e197-416d-84ea-00ba9c35465e,37,พรรคภูมิใจไทย,#3949AB,0,0,0.0
90983e6e-81cd-4315-9d6d-b1dc22c506c4,4,นายภูวเดช เจ๊ฮูเซ็ง,96,นราธิวาส,3,d7155f6d-736d-42c0-8bc0-00ee6e1970dc,27,พรรคประชาธิปัตย์,#0066B3,0,0,0.0
90a08f78-020d-4328-8e39-87480860e21b,4,นางสาวฐิติมา รักษ์จินดา,84,สุราษฎร์ธานี,7,d7155f6d-736d-42c0-8bc0-00ee6e1970dc,27,พรรคประชาธิปัตย์,#0066B3,0,0,0.0
90a6a045-8124-4ad8-b9f3-be4f769b33ff,4,นายไพฑูรย์ จันทะยา,34,อุบลราชธานี,7,1116011c-1ef3-4cca-a186-c1b9f7984ede,46,พรรคประชาชน,#F57C00,0,0,0.0
90b927f1-f59d-4d8f-92ce-49fbb8fbec25,4,นายพลวิวัฒน์ แก้วพลงาม,31,บุรีรัมย์,9,339fa187-133c-4766-a6c2-36d1b32cda8f,23,พรรคปวงชนไทย,#827717,0,0,0.0
90c1de77-1ff5-4b31-98e7-aab10a46cce7,4,นายอนุคม ศักดิ์อิสระพงศ์,70,ราชบุรี,3,d7155f6d-736d-42c0-8bc0-00ee6e1970dc,27,พรรคประชาธิปัตย์,#0066B3,0,0,0.0
90ff5f6a-6745-483f-8fc5-307fba2eaf90,4,นายศรัญญู รักมิตร,81,กระบี่,3,a62aca08-91b7-4f3f-ba8f-cb9e884a3799,42,พรรคกล้าธรรม,#5D4037,0,0,0.0
916e9d1a-b919-4779-9108-64904244703b,4,นายเอกรินทร์ สีหาบุตร,42,เลย,3,1116011c-1ef3-4cca-a186-c1b9f7984ede,46,พรรคประชาชน,#F57C00,0,0,0.0
921e1c5f-0017-48d0-9a8d-ac563950c760,4,นายนัฐกร ศรีวังไสย์,48,นครพนม,1,a62aca08-91b7-4f3f-ba8f-cb9e884a3799,42,พรรคกล้าธรรม,#5D4037,0,0,0.0
924957df-8009-465a-b107-73862b7e46b9,4,นายธนะสิทธิ์ ล้อสุวรรณทีปต์,10,กรุงเทพมหานคร,1,bd8d9f14-f757-41fb-8f37-d6128d9d012d,7,พรรคพลวัต,#EF6C00,0,0,0.0
9328684a-e150-4491-88d7-e500b9497ddc,4,นายปุณยวัฒน์ สนใจ,32,สุรินทร์,4,03347cbc-6089-474c-a3f6-484ae981c9a6,43,พรรคพลังประชารัฐ,#1565C0,0,0,0.0
939f9513-53ea-4660-94cd-b3f4c430f706,4,นายสัมภาษณ์ อัตถาวงศ์,30,นครราชสีมา,11,013c219e-e197-416d-84ea-00ba9c35465e,37,พรรคภูมิใจไทย,#3949AB,0,0,0.0
93ad57ce-54c4-42f5-8b2c-3477a9f3c8b2,4,นายล้ำเลิศ พัวพัฒนโชติ,32,สุรินทร์,6,013c219e-e197-416d-84ea-00ba9c35465e,37,พรรคภูมิใจไทย,#3949AB,0,0,0.0
93b77b0d-40f6-4ec5-aa9f-6a77d4b4cfc2,4,นายสมเกียรติ กู้เกียรติภูมิ,72,สุพรรณบุรี,5,1116011c-1ef3-4cca-a186-c1b9f7984ede,46,พรรคประชาชน,#F57C00,0,0,0.0
94ca6e3b-9e82-43e2-beca-60b39879c99c,4,นายพันศักดิ์ คงแสง,40,ขอนแก่น,11,d7155f6d-736d-42c0-8bc0-00ee6e1970dc,27,พรรคประชาธิปัตย์,#0066B3,0,0,0.0
953530d0-7650-4f2c-9d92-d3cafebeace2,4,นายกฤษณะ พุกดำ,77,ประจวบคีรีขันธ์,2,2d8a1c84-0bc8-4377-965d-c020a0097c27,9,พรรคเพื่อไทย,#E4002B,0,0,0.0
9694fa3c-deb8-477b-ad1c-d57fddbcc162,4,นางสาวชัญญาพัชญ์ ธนโชติสวัสดิพร,10,กรุงเทพมหานคร,15,115da917-bf32-4e96-a2ae-b7818d0909ee,6,พรรครวมไทยสร้างชาติ,#FF6D00,0,0,0.0
9786d5d2-41b3-45aa-b1b8-d1e9464c372e,4,นางสาวปรมาภรณ์ บริบูรณ์,80,นครศรีธรรมราช,9,2d8a1c84-0bc8-4377-965d-c020a0097c27,9,พรรคเพื่อไทย,#E4002B,0,0,0.0
97b03a69-1f6f-4055-ba0e-ff963afecf10,4,นางสาวบุณยกร ดำรงรัตน์,10,กรุงเทพมหานคร,4,2d8a1c84-0bc8-4377-965d-c020a0097c27,9,พรรคเพื่อไทย,#E4002B,0,8,0.0
98105b4d-a643-4e49-b476-74b56b58bd13,4,นายกันพิเชฐษ์ มลิเกตุ,25,ปราจีนบุรี,2,f9cadd57-8256-49aa-9386-0da392b19fc2,29,พรรคไทยภักดี,#D32F2F,0,0,0.0
9928c5e3-370d-4fc0-8f5f-b427fa6aed51,4,นางสาวอภิญญา พันทะสา,47,สกลนคร,5,2d8a1c84-0bc8-4377-965d-c020a0097c27,9,พรรคเพื่อไทย,#E4002B,0,0,0.0
9a4a0054-1c46-42f3-bbc8-d88ccf7205b4,4,นายนิติภูมิ ติวทอง,39,หนองบัวลำภู,2,1116011c-1ef3-4cca-a186-c1b9f7984ede,46,พรรคประชาชน,#F57C00,0,0,0.0
9a787f4b-7287-432e-9b80-ce389584b147,4,นายลุตฟี หะยีอีแต,96,นราธิวาส,1,a62aca08-91b7-4f3f-ba8f-cb9e884a3799,42,พรรคกล้าธรรม,#5D4037,0,0,0.0
9b3bc751-8c27-41b0-af6d-a8b31695d760,4,นายศรีวรพงษ์ ฤาชา,19,สระบุรี,1,0c044088-618b-49af-a291-fb28ffe9e0f8,11,พรรคเศรษฐกิจ,#FFA000,0,0,0.0
9bbab672-4ac4-42bb-844d-b53ac505d3c8,4,นายเทียนชัย สุขมั่น,16,ลพบุรี,4,a62aca08-91b7-4f3f-ba8f-cb9e884a3799,42,พรรคกล้าธรรม,#5D4037,0,0,0.0
9be87e37-67c3-4a6f-a372-b89b3fb0aac7,4,นายชยุต จิตธำรงสุนทร,56,พะเยา,1,013c219e-e197-416d-84ea-00ba9c35465e,37,พรรคภูมิใจไทย,#3949AB,0,0,0.0
9cf87778-c2aa-4b80-8435-ea0e5e6287ca,4,นายชัชวาล อภิรักษ์มั่นคง,40,ขอนแก่น,3,1116011c-1ef3-4cca-a186-c1b9f7984ede,46,พรรคประชาชน,#F57C00,0,0,0.0
9d5dc468-b667-4599-97dd-da93092dfded,4,นายธิติพัทธ์ นรวิทย์โชติกุล,10,กรุงเทพมหานคร,32,bcdcd19b-d619-47dd-8535-fafb6bc6f4d8,12,พรรคเสรีรวมไทย,#C62828,0,0,0.0
9d8078f2-e476-4a9e-bdfb-bbcaf92daa97,4,นางสาวพิมพ์ณดา ธีระประจักษ์ชาติ,10,กรุงเทพมหานคร,8,a62aca08-91b7-4f3f-ba8f-cb9e884a3799,42,พรรคกล้าธรรม,#5D4037,0,14,0.0
9d898c61-2437-46ec-b812-321402395bfc,4,นายทองหล่อ พลโคตร,44,มหาสารคาม,1,a62aca08-91b7-4f3f-ba8f-cb9e884a3799,42,พรรคกล้าธรรม,#5D4037,0,0,0.0
9dcf8b5e-1185-47e2-8df2-905c46b4cc31,4,นายกิตติกร โล่ห์สุนทร,52,ลำปาง,1,2d8a1c84-0bc8-4377-965d-c020a0097c27,9,พรรคเพื่อไทย,#E4002B,0,0,0.0
9e539fb7-f876-406e-82e3-681aff7a7442,4,นายมณูเทพย์ ทองปน,10,กรุงเทพมหานคร,27,a62aca08-91b7-4f3f-ba8f-cb9e884a3799,42,พรรคกล้าธรรม,#5D4037,0,0,0.0
9e75bb01-4a15-43a0-8598-ef7183e32038,4,นางสาวพัชรินทร์ ซำศิริพงษ์,10,กรุงเทพมหานคร,2,013c219e-e197-416d-84ea-00ba9c35465e,37,พรรคภูมิใจไทย,#3949AB,0,0,0.0
9f9bad28-e0f5-4b78-a28e-d757319aab74,4,นางฉมามาศ อินทรักษา,30,นครราชสีมา,3,a62aca08-91b7-4f3f-ba8f-cb9e884a3799,42,พรรคกล้าธรรม,#5D4037,0,0,0.0
a2d94c70-4105-4b88-815b-b75440e716ae,4,นายศิรวริศ สวนแก้ว,73,นครปฐม,6,2d8a1c84-0bc8-4377-965d-c020a0097c27,9,พรรคเพื่อไทย,#E4002B,0,0,0.0
a3830f5c-8ee0-4b0f-b700-1468c0ea46d6,4,นางสาวปรัชญาวรรณ ไชยสืบ,22,จันทบุรี,2,1116011c-1ef3-4cca-a186-c1b9f7984ede,46,พรรคประชาชน,#F57C00,0,0,0.0
a46bb5dc-5712-475b-b8b9-d9182c46a54a,4,นางสาวดวงใจ มงคลแสงสุรีย์,53,อุตรดิตถ์,1,115da917-bf32-4e96-a2ae-b7818d0909ee,6,พรรครวมไทยสร้างชาติ,#FF6D00,0,0,0.0
a4f3f6aa-fd8c-48d8-9161-32baa739074a,4,นายธานัท บัวศรีคำ,11,สมุทรปราการ,7,339fa187-133c-4766-a6c2-36d1b32cda8f,23,พรรคปวงชนไทย,#827717,0,0,0.0
a67b01a4-89a9-429c-b3f0-031b9490b480,4,นายปริญญา ฤกษ์หร่าย,62,กำแพงเพชร,4,a62aca08-91b7-4f3f-ba8f-cb9e884a3799,42,พรรคกล้าธรรม,#5D4037,0,0,0.0
a69c2583-2d0d-4499-b5a8-0652c0768650,4,นายสมเจตน์ แสงเจริญรัตน์,42,เลย,4,2d8a1c84-0bc8-4377-965d-c020a0097c27,9,พรรคเพื่อไทย,#E4002B,0,0,0.0
a741132e-d150-466f-8637-aa8db77d6f39,4,นายวสันต์ จันทร์สอง,54,แพร่,2,1116011c-1ef3-4cca-a186-c1b9f7984ede,46,พรรคประชาชน,#F57C00,0,0,0.0
a96a5a3e-db9e-4db5-bf1c-7b26178a6221,4,นายกิตติศักดิ์ พรหมรัตน์,86,ชุมพร,2,013c219e-e197-416d-84ea-00ba9c35465e,37,พรรคภูมิใจไทย,#3949AB,0,0,0.0
a9bf526e-6057-4266-a0ad-63e607a64a51,4,นายจิรายุ มณีพันธ์,45,ร้อยเอ็ด,5,d7155f6d-736d-42c0-8bc0-00ee6e1970dc,27,พรรคประชาธิปัตย์,#0066B3,0,0,0.0
ac3446c0-a5ac-4842-8e8f-8f2193ad7fe1,4,นางสาวจิดาภา เจริญผล,21,ระยอง,2,cb1b6cf2-41fa-49b1-a060-01acf13edc81,48,พรรคไทยสร้างไทย,#00ACC1,0,0,0.0
ae228e30-f0ec-41db-b755-18aac913a720,4,นางสาวสรัสนันท์ อรรณนพพร,40,ขอนแก่น,9,013c219e-e197-416d-84ea-00ba9c35465e,37,พรรคภูมิใจไทย,#3949AB,0,0,0.0
aed29d34-5b3a-41de-ac2a-a66fe534540c,4,นางยุคลฉัตร หลำวรรณะ,11,สมุทรปราการ,5,013c219e-e197-416d-84ea-00ba9c35465e,37,พรรคภูมิใจไทย,#3949AB,0,0,0.0
af8928c4-367d-4a93-ad40-ed21e5faf8bf,4,นางสาวสกุณา สาระนันท์,47,สกลนคร,6,2d8a1c84-0bc8-4377-965d-c020a0097c27,9,พรรคเพื่อไทย,#E4002B,0,0,0.0
b0adbb06-df8e-415b-8757-31cd7be7ced8,4,นายอนุวัตร เผือกเกษม,10,กรุงเทพมหานคร,10,d1964fe3-2dd0-43d5-a190-77fbfaf586b2,8,พรรคประชาธิปไตยใหม่,#1976D2,0,0,0.0
b0bdbcb7-aa11-4255-ab55-56582b0858a3,4,นายเรืองวิทย์ คูณวัฒนาพงษ์,32,สุรินทร์,7,013c219e-e197-416d-84ea-00ba9c35465e,37,พรรคภูมิใจไทย,#3949AB,0,0,0.0
b1851e19-3cf9-40c1-b2ea-105557c2beef,4,พันโทสุชิน ชยศักดิ์,55,น่าน,3,965b4b93-c01e-4a2b-a987-577f2b99ebb4,49,พรรคไทยก้าวใหม่,#1E88E5,0,0,0.0
b25ab107-2f77-4e0d-b6a1-75ad3d1cb61c,4,นางสาวเกวลิน ชัยวัฒนกุลวานิช,36,ชัยภูมิ,1,a62aca08-91b7-4f3f-ba8f-cb9e884a3799,42,พรรคกล้าธรรม,#5D4037,0,0,0.0
b2d753e4-f28c-456c-9028-6c3259d6fed2,4,นายภานุ เจริญสุข,50,เชียงใหม่,4,2d8a1c84-0bc8-4377-965d-c020a0097c27,9,พรรคเพื่อไทย,#E4002B,0,0,0.0
b2ef35a6-81ec-418c-b568-15847e5e905e,4,นายมานพ จรัสดำรงนิตย์,33,ศรีสะเกษ,8,2d8a1c84-0bc8-4377-965d-c020a0097c27,9,พรรคเพื่อไทย,#E4002B,0,0,0.0
b2fbcbcc-35d0-46ec-978f-91829c19f0af,4,นายทวี จันทร์ฝาก,92,ตรัง,3,2d8a1c84-0bc8-4377-965d-c020a0097c27,9,พรรคเพื่อไทย,#E4002B,0,0,0.0
b34ee00e-3e5f-47b4-a548-cfdc941367e6,4,นายธนะชัย จรานุพันธ์,19,สระบุรี,3,d7155f6d-736d-42c0-8bc0-00ee6e1970dc,27,พรรคประชาธิปัตย์,#0066B3,0,0,0.0
b5259b01-af49-4d3d-ad64-16a179abd89b,4,นางสาวลักษณารีย์ ดวงตาดำ,54,แพร่,3,1116011c-1ef3-4cca-a186-c1b9f7984ede,46,พรรคประชาชน,#F57C00,0,0,0.0
b58dafbc-a302-4672-b666-a6b753651755,4,นายปิยชาติ โชติช่วง,10,กรุงเทพมหานคร,16,0c044088-618b-49af-a291-fb28ffe9e0f8,11,พรรคเศรษฐกิจ,#FFA000,0,0,0.0
b6aec784-79bc-41f2-a3cb-cd2a55a81ca6,4,นางสาวกุลวลี นพอมรบดี,70,ราชบุรี,1,013c219e-e197-416d-84ea-00ba9c35465e,37,พรรคภูมิใจไทย,#3949AB,0,0,0.0
b6dd6d7c-34fb-48a9-9c8a-adf0adb0ba34,4,นางสาวชริสา แพงมี,35,ยโสธร,2,965b4b93-c01e-4a2b-a987-577f2b99ebb4,49,พรรคไทยก้าวใหม่,#1E88E5,0,0,0.0
b7f16ecf-f138-4a1f-a0d5-08005d2a3202,4,ดาบตำรวจชูชาติ สุขสวัสดิ์,72,สุพรรณบุรี,1,cb1b6cf2-41fa-49b1-a060-01acf13edc81,48,พรรคไทยสร้างไทย,#00ACC1,0,0,0.0
b7f4bcfe-70e8-4cd9-b228-dedc9eb0f5c5,4,นายสุเมตตา ชัยสิทธิ์,84,สุราษฎร์ธานี,5,d7155f6d-736d-42c0-8bc0-00ee6e1970dc,27,พรรคประชาธิปัตย์,#0066B3,0,0,0.0
b8c36300-d9ed-4f07-9c07-b5fabf5e7445,4,เรือตรีศึกษา ฟุ้งเฟื่อง,61,อุทัยธานี,2,d7155f6d-736d-42c0-8bc0-00ee6e1970dc,27,พรรคประชาธิปัตย์,#0066B3,0,0,0.0
b8f65d0a-7f86-4554-abb1-ae9bfbea15e9,4,นายวุฒิชัย กิตติธเนศวร,26,นครนายก,2,a62aca08-91b7-4f3f-ba8f-cb9e884a3799,42,พรรคกล้าธรรม,#5D4037,0,0,0.0
b9169c43-f5ca-4fe3-b409-ace3e75bbe92,4,นางเขมจิรา พชรจรวยพร,10,กรุงเทพมหานคร,20,339fa187-133c-4766-a6c2-36d1b32cda8f,23,พรรคปวงชนไทย,#827717,0,0,0.0
b9c6f842-5a4d-4957-a36d-d164a7436c32,4,นายกฤษณโชติ เทศแก้ว,39,หนองบัวลำภู,1,1116011c-1ef3-4cca-a186-c1b9f7984ede,46,พรรคประชาชน,#F57C00,0,0,0.0
b9f2dd67-6e6a-4330-bf32-23c0aa8d3365,4,นางสาวปุญชรัสมิ์ บุญมา,12,นนทบุรี,4,bd8d9f14-f757-41fb-8f37-d6128d9d012d,7,พรรคพลวัต,#EF6C00,0,0,0.0
ba56cdac-41ce-4c94-bbf8-7d4650126f51,4,นายศุภศิษย์ กอเจริญยศ,45,ร้อยเอ็ด,4,2d8a1c84-0bc8-4377-965d-c020a0097c27,9,พรรคเพื่อไทย,#E4002B,0,0,0.0
bab7587b-60d7-42e9-ab2a-ec4118132be5,4,นางจรวยพร อินสาคำ,55,น่าน,2,d7155f6d-736d-42c0-8bc0-00ee6e1970dc,27,พรรคประชาธิปัตย์,#0066B3,0,0,0.0
bb2245df-8428-47e5-b4e1-c7bd3cad4966,4,นางสาวศิริพรรณ ประจง,84,สุราษฎร์ธานี,6,d7155f6d-736d-42c0-8bc0-00ee6e1970dc,27,พรรคประชาธิปัตย์,#0066B3,0,0,0.0
bb9b4a0e-2aaa-4998-afcd-1a6836de7e95,4,นางสาวพัชร์ชิสา พชิระธารีรัตน์,13,ปทุมธานี,6,a62aca08-91b7-4f3f-ba8f-cb9e884a3799,42,พรรคกล้าธรรม,#5D4037,0,0,0.0
bbd6f8fa-229e-4f02-9ad4-4d6d6f906ce5,4,นายปริยัติ วงศ์ธิเบศร์,47,สกลนคร,4,013c219e-e197-416d-84ea-00ba9c35465e,37,พรรคภูมิใจไทย,#3949AB,0,0,0.0
bcb2891d-6992-4183-8e62-59031deaae0f,4,นางสาวสรินทิพย์ วงศ์วรกุลกิจ,52,ลำปาง,4,d7155f6d-736d-42c0-8bc0-00ee6e1970dc,27,พรรคประชาธิปัตย์,#0066B3,0,0,0.0
bccf7dce-7abb-402d-b734-bbdbc235b838,4,นายชนภัทร รัตนพันธ์,80,นครศรีธรรมราช,5,d7155f6d-736d-42c0-8bc0-00ee6e1970dc,27,พรรคประชาธิปัตย์,#0066B3,0,0,0.0
bdd3b341-2bfc-4cb5-ae32-58b4ba2ce9d9,4,นางสาวณัฐธนินทร์ เลิศเตชะสกุล,10,กรุงเทพมหานคร,23,a62aca08-91b7-4f3f-ba8f-cb9e884a3799,42,พรรคกล้าธรรม,#5D4037,0,0,0.0
bed7a6b7-6670-4fb3-95e7-b1a54bcfb3ef,4,นายคงกฤษ ฉัตรมาลีรัตน์,85,ระนอง,1,013c219e-e197-416d-84ea-00ba9c35465e,37,พรรคภูมิใจไทย,#3949AB,0,0,0.0
bed90043-9c9d-4592-859a-f8b3f33be663,4,นายภาควัต ศรีสุรพล,40,ขอนแก่น,5,2d8a1c84-0bc8-4377-965d-c020a0097c27,9,พรรคเพื่อไทย,#E4002B,0,0,0.0
bf84e4d6-782b-4288-bf49-48bef671dbff,4,นายสมเกียรติ สระแก้ว,60,นครสวรรค์,2,a62aca08-91b7-4f3f-ba8f-cb9e884a3799,42,พรรคกล้าธรรม,#5D4037,0,0,0.0
c0002dd7-16fd-4b25-a804-b78fbfe62656,4,นายปรนัยน์ นพการุญ,10,กรุงเทพมหานคร,22,bd8d9f14-f757-41fb-8f37-d6128d9d012d,7,พรรคพลวัต,#EF6C00,0,0,0.0
c03fe8df-9de4-4cbf-8181-a30633909aa2,4,นายนพดล มาตรศรี,72,สุพรรณบุรี,3,013c219e-e197-416d-84ea-00ba9c35465e,37,พรรคภูมิใจไทย,#3949AB,0,0,0.0
c0cfebd9-a5e7-42ca-8624-dcd9e586ea4c,4,นายศิรสิทธิ์ สงนุ้ย,74,สมุทรสาคร,2,1116011c-1ef3-4cca-a186-c1b9f7984ede,46,พรรคประชาชน,#F57C00,0,0,0.0
c1388797-dc6a-4ad2-9b0d-9965142d1ac0,4,ว่าที่เรืออากาศตรีสุรยุทธ์ มาลากุล,21,ระยอง,5,115da917-bf32-4e96-a2ae-b7818d0909ee,6,พรรครวมไทยสร้างชาติ,#FF6D00,0,0,0.0
c165028f-ea67-499f-bc97-c5f005f787d6,4,นายชัยวัฒน์ โพธิจันทร์,10,กรุงเทพมหานคร,9,bd8d9f14-f757-41fb-8f37-d6128d9d012d,7,พรรคพลวัต,#EF6C00,0,13,0.0
c201ec59-da69-4a70-b4d5-9fd9796ecb68,4,นางสาวมิลิณ กำเนิดสิงห์,34,อุบลราชธานี,10,03347cbc-6089-474c-a3f6-484ae981c9a6,43,พรรคพลังประชารัฐ,#1565C0,0,0,0.0
c306c29f-d8ac-4c67-8060-c36decb2ade8,4,ว่าที่ร้อยตำรวจโทชินทัต อุบลแย้ม,72,สุพรรณบุรี,4,d7155f6d-736d-42c0-8bc0-00ee6e1970dc,27,พรรคประชาธิปัตย์,#0066B3,0,0,0.0
c3391286-b4f1-43e4-9a85-f44df48e88f6,4,นายโกศล ปัทมะ,30,นครราชสีมา,6,013c219e-e197-416d-84ea-00ba9c35465e,37,พรรคภูมิใจไทย,#3949AB,0,0,0.0
c3f9ee89-948b-4bd7-9459-edfd5e8aa706,4,พันเอกสุพล พละสุ,45,ร้อยเอ็ด,8,0c044088-618b-49af-a291-fb28ffe9e0f8,11,พรรคเศรษฐกิจ,#FFA000,0,0,0.0
c5e5a6d6-25e9-400d-ac2e-371c3217037d,4,นายชิตพล ไตรสรณกุล,33,ศรีสะเกษ,4,013c219e-e197-416d-84ea-00ba9c35465e,37,พรรคภูมิใจไทย,#3949AB,0,0,0.0
c65b9b17-93f3-4e3c-8c54-59500c2e49a6,4,นายกฤศวัฒน์ เลิศวิริยาภรณ์,30,นครราชสีมา,5,1116011c-1ef3-4cca-a186-c1b9f7984ede,46,พรรคประชาชน,#F57C00,0,0,0.0
c66f8872-b9e0-445a-b552-29ce64da9df9,4,นางสาววันใหม่ ทรงศิลสอาด,21,ระยอง,4,03347cbc-6089-474c-a3f6-484ae981c9a6,43,พรรคพลังประชารัฐ,#1565C0,0,0,0.0
c67e8b48-5b54-48c2-8ce5-bf0767e62eb1,4,นายวัชระ เพชรทอง,84,สุราษฎร์ธานี,1,d7155f6d-736d-42c0-8bc0-00ee6e1970dc,27,พรรคประชาธิปัตย์,#0066B3,0,0,0.0
c72fd7d2-eb1d-4886-8508-236457509ab5,4,นายอักบัร เชราลี,96,นราธิวาส,4,1116011c-1ef3-4cca-a186-c1b9f7984ede,46,พรรคประชาชน,#F57C00,0,0,0.0
c760f95a-61e1-4e2a-b71e-9edd0453f4a9,4,นายชยานันท์ กอจิตตวนิจ,70,ราชบุรี,4,1116011c-1ef3-4cca-a186-c1b9f7984ede,46,พรรคประชาชน,#F57C00,0,0,0.0
c7821f35-be88-4178-bef6-4617a610d6bd,4,นายณพล เชยคำแหง,39,หนองบัวลำภู,3,2d8a1c84-0bc8-4377-965d-c020a0097c27,9,พรรคเพื่อไทย,#E4002B,0,0,0.0
c7a44b66-2068-4ed8-8206-25b4c66372b2,4,นายกุศล ทนังผล,82,พังงา,2,d7155f6d-736d-42c0-8bc0-00ee6e1970dc,27,พรรคประชาธิปัตย์,#0066B3,0,0,0.0
c84aebc8-e781-437d-9f68-d41bf5cfebf5,4,พันเอกสนิท บุญราศรี,90,สงขลา,9,2d8a1c84-0bc8-4377-965d-c020a0097c27,9,พรรคเพื่อไทย,#E4002B,0,0,0.0
c949b741-43b5-4049-a7df-d82ca42a0d3d,4,นายธนากร สุภาษา,50,เชียงใหม่,3,a62aca08-91b7-4f3f-ba8f-cb9e884a3799,42,พรรคกล้าธรรม,#5D4037,0,0,0.0
c964b42b-3511-4c1c-bef3-f67b6b6002b6,4,นาวาเอกณัฐพงศ์ คชเสนี,51,ลำพูน,2,0c044088-618b-49af-a291-fb28ffe9e0f8,11,พรรคเศรษฐกิจ,#FFA000,0,0,0.0
ca08ae18-f40c-4e55-a4a0-ba05df50a358,4,นายปกรณ์ อารีกุล,80,นครศรีธรรมราช,1,1116011c-1ef3-4cca-a186-c1b9f7984ede,46,พรรคประชาชน,#F57C00,0,0,0.0
cb4e66cd-3c06-4de6-bae7-6fbba96212ad,4,นายวิชญ์วิสิษ โชติกิจพิศาล,10,กรุงเทพมหานคร,24,2d8a1c84-0bc8-4377-965d-c020a0097c27,9,พรรคเพื่อไทย,#E4002B,0,0,0.0
cc0638d5-025e-4aae-bf0b-06f4fa0d3f62,4,นางณัฐพร ผาณิตพิเชฐวงศ์,83,ภูเก็ต,2,2d8a1c84-0bc8-4377-965d-c020a0097c27,9,พรรคเพื่อไทย,#E4002B,0,0,0.0
cc5084e5-150b-4804-8f1c-92a8a70a9e25,4,นายสันติภาพ อินทรพัฒน์,55,น่าน,1,03347cbc-6089-474c-a3f6-484ae981c9a6,43,พรรคพลังประชารัฐ,#1565C0,0,0,0.0
cc8014be-3b37-43d0-8885-da8d984b4cb0,4,นางสาวจินณ์ตวรรณ ไตรสรณกุล,33,ศรีสะเกษ,5,013c219e-e197-416d-84ea-00ba9c35465e,37,พรรคภูมิใจไทย,#3949AB,0,0,0.0
cd109d47-0e79-4355-84b8-0df9234a35e8,4,นายวิรัตน์ วิริยะพงษ์,64,สุโขทัย,1,03347cbc-6089-474c-a3f6-484ae981c9a6,43,พรรคพลังประชารัฐ,#1565C0,0,0,0.0
cd21e0e4-8fff-43cd-85e4-b2a7564c5233,4,นายกิตติพงศ์ ศรีกิตติกาญจน์,71,กาญจนบุรี,5,0c044088-618b-49af-a291-fb28ffe9e0f8,11,พรรคเศรษฐกิจ,#FFA000,0,0,0.0
cdbc3af9-c68c-4d0c-8804-6fefce9a87af,4,นายอำนาจ ทบทอบ,44,มหาสารคาม,4,d1964fe3-2dd0-43d5-a190-77fbfaf586b2,8,พรรคประชาธิปไตยใหม่,#1976D2,0,0,0.0
ceb6a009-d6a2-4893-a8bc-91d03743c35b,4,นายพันธ์ศักดิ์ บุญแทน,84,สุราษฎร์ธานี,4,013c219e-e197-416d-84ea-00ba9c35465e,37,พรรคภูมิใจไทย,#3949AB,0,0,0.0
cf43e98f-d3ef-468e-b4bd-4f00ac8e6ef7,4,นายอรรถชาญ เชาวน์วานิชย์,90,สงขลา,2,2d8a1c84-0bc8-4377-965d-c020a0097c27,9,พรรคเพื่อไทย,#E4002B,0,0,0.0
cf9920e3-61d8-43ac-b65d-fd4b9ee54015,4,นายจิรันธนิน ตาลทรัพย์คุณ,90,สงขลา,3,2d8a1c84-0bc8-4377-965d-c020a0097c27,9,พรรคเพื่อไทย,#E4002B,0,0,0.0
d08ce297-e233-4584-a1ee-1cf45f14de99,4,นายทองมา ทองอ่ำ,67,เพชรบูรณ์,4,2ee17641-917b-4ea0-8c19-da383e03e915,44,พรรคโอกาสใหม่,#26C6DA,0,0,0.0
d1643765-112f-4a5a-ba9d-501f11dfbdd8,4,นายไพศาล เรืองฤทธิ์,21,ระยอง,1,d7155f6d-736d-42c0-8bc0-00ee6e1970dc,27,พรรคประชาธิปัตย์,#0066B3,0,0,0.0
d193753d-d47f-4ca5-a272-58d636e39900,4,นายธนกร ภักดีโต,65,พิษณุโลก,2,d7155f6d-736d-42c0-8bc0-00ee6e1970dc,27,พรรคประชาธิปัตย์,#0066B3,0,0,0.0
d20df11e-e2fd-40f8-8b0f-87530b9dac96,4,นายนิธิทนันท์ ก้าวศรีสุริยะธาดา,65,พิษณุโลก,4,1116011c-1ef3-4cca-a186-c1b9f7984ede,46,พรรคประชาชน,#F57C00,0,0,0.0
d2158275-62b7-42f8-880a-5e0261c0fa2c,4,นายชัยยนต์ ศรีสมุทร,57,เชียงราย,6,2d8a1c84-0bc8-4377-965d-c020a0097c27,9,พรรคเพื่อไทย,#E4002B,0,0,0.0
d2d567d3-97de-4e0b-b7be-af9dbc5637ca,4,นายสุพล จุลใส,86,ชุมพร,3,013c219e-e197-416d-84ea-00ba9c35465e,37,พรรคภูมิใจไทย,#3949AB,0,6,0.0
d46b3e27-f48e-45d3-a6bd-63faf6bfea14,4,นายกฤชนนท์ อัยยปัญญา,10,กรุงเทพมหานคร,29,2d8a1c84-0bc8-4377-965d-c020a0097c27,9,พรรคเพื่อไทย,#E4002B,0,0,0.0
d4e7effa-3027-48ba-a290-5911f445bb70,4,นายปังทอง สีม่วง,38,บึงกาฬ,2,339fa187-133c-4766-a6c2-36d1b32cda8f,23,พรรคปวงชนไทย,#827717,0,0,0.0
d54ab12b-57e1-4930-aeca-af0a9cb0dad4,4,นางสาวณิชวดี เลิศมหาลาภ,40,ขอนแก่น,8,cb1b6cf2-41fa-49b1-a060-01acf13edc81,48,พรรคไทยสร้างไทย,#00ACC1,0,0,0.0
d6923265-7c52-4a01-a3dc-f462e4e85e41,4,นายนรพล ตันติมนตรี,50,เชียงใหม่,10,a62aca08-91b7-4f3f-ba8f-cb9e884a3799,42,พรรคกล้าธรรม,#5D4037,0,0,0.0
d69c7e37-68e1-4617-95e9-9af18f19bf35,4,นางณัฏฐนันท์ ถาวรีย์สีแดด,31,บุรีรัมย์,10,339fa187-133c-4766-a6c2-36d1b32cda8f,23,พรรคปวงชนไทย,#827717,0,0,0.0
d6ceea23-e67c-4f59-b871-b0de042a2e6e,4,นายธนาดร หลิมเจริญ,67,เพชรบูรณ์,3,d7155f6d-736d-42c0-8bc0-00ee6e1970dc,27,พรรคประชาธิปัตย์,#0066B3,0,0,0.0
d7084b8f-205f-4dc7-ad00-b7a8876aa24e,4,นายวสันต์ ศรีดรราช,40,ขอนแก่น,2,d7155f6d-736d-42c0-8bc0-00ee6e1970dc,27,พรรคประชาธิปัตย์,#0066B3,0,7,0.0
d7338891-4e1c-4da7-91b3-573387dd5d9c,4,นายชัยชนะ อาจวารินทร์,20,ชลบุรี,2,03347cbc-6089-474c-a3f6-484ae981c9a6,43,พรรคพลังประชารัฐ,#1565C0,0,0,0.0
d76d84c9-6100-44bc-b7a5-2ceecc998ffc,4,นายบูรฮันธ์ สะเม๊าะ,94,ปัตตานี,3,013c219e-e197-416d-84ea-00ba9c35465e,37,พรรคภูมิใจไทย,#3949AB,0,0,0.0
daa5df29-91e4-4432-aca3-3e4ebb37d620,4,นายชาญ การเพียร,34,อุบลราชธานี,6,d7155f6d-736d-42c0-8bc0-00ee6e1970dc,27,พรรคประชาธิปัตย์,#0066B3,0,0,0.0
dab262d3-4ba6-4449-be78-82782679b9ef,4,นางสาวอิสรีย์ อัศวรากาญจน์,10,กรุงเทพมหานคร,12,54706125-9661-467d-a8af-78994d14b116,35,พรรครักชาติ,#B71C1C,0,0,0.0
dab74296-a3e2-4c04-b31f-694ae5341dd7,4,นายกร สิงห์ธีร์,10,กรุงเทพมหานคร,11,115da917-bf32-4e96-a2ae-b7818d0909ee,6,พรรครวมไทยสร้างชาติ,#FF6D00,0,0,0.0
db01bc65-54fa-40e4-aca4-3d1678dd2212,4,นายบุญร่วม แสงมี,67,เพชรบูรณ์,5,0c044088-618b-49af-a291-fb28ffe9e0f8,11,พรรคเศรษฐกิจ,#FFA000,0,0,0.0
dc96c15d-baf1-4467-a75e-dfd8ba1fc16c,4,นายวัชรพงศ์ เกษา,91,สตูล,1,d7155f6d-736d-42c0-8bc0-00ee6e1970dc,27,พรรคประชาธิปัตย์,#0066B3,0,0,0.0
def278a2-75f4-46fd-9005-d0a6f1512f61,4,นายวิฑูร ลี้ธีระนานนท์,18,ชัยนาท,2,2d8a1c84-0bc8-4377-965d-c020a0097c27,9,พรรคเพื่อไทย,#E4002B,0,0,0.0
df17a88c-44c5-472a-acb8-b384b207eb6e,4,นายตฤณ สุวรรณศร,12,นนทบุรี,2,bdd306a2-80c7-4d7b-a7ff-8dc1ec9fcc76,10,พรรคทางเลือกใหม่,#00838F,0,0,0.0
dffab705-beff-4cc3-b35d-7677f61d0e1a,4,นายนิติกรณ์ เกียวประเสริฐ,42,เลย,1,115da917-bf32-4e96-a2ae-b7818d0909ee,6,พรรครวมไทยสร้างชาติ,#FF6D00,0,0,0.0
e0aa40dd-730b-4453-9024-f58c42e47c0f,4,นายภราดร ปริศนานันทกุล,15,อ่างทอง,1,013c219e-e197-416d-84ea-00ba9c35465e,37,พรรคภูมิใจไทย,#3949AB,0,0,0.0
e1878563-25b5-4b63-b663-7bcb3b73d1fc,4,นายกฤษฎา ชูตาลัด,31,บุรีรัมย์,4,115da917-bf32-4e96-a2ae-b7818d0909ee,6,พรรครวมไทยสร้างชาติ,#FF6D00,0,0,0.0
e192cc53-97aa-4415-b919-07b0d19845d7,4,นายอนุกูล แพรไพศาล,71,กาญจนบุรี,1,d7155f6d-736d-42c0-8bc0-00ee6e1970dc,27,พรรคประชาธิปัตย์,#0066B3,0,0,0.0
e1b109e0-dae1-4489-a5c0-f63c8a77d05d,4,นางสาวคุณามัย เมธาอดิศัย,13,ปทุมธานี,3,d1964fe3-2dd0-43d5-a190-77fbfaf586b2,8,พรรคประชาธิปไตยใหม่,#1976D2,0,0,0.0
e20388ca-861f-4a59-8d17-f382efff1084,4,พันตำรวจเอกเอกราช หุ่นงาม,77,ประจวบคีรีขันธ์,3,965b4b93-c01e-4a2b-a987-577f2b99ebb4,49,พรรคไทยก้าวใหม่,#1E88E5,0,0,0.0
e2b8284a-0489-4679-8c4a-589b0ad1751c,4,นายปกป้อง ราชรักษ์,80,นครศรีธรรมราช,6,2d8a1c84-0bc8-4377-965d-c020a0097c27,9,พรรคเพื่อไทย,#E4002B,0,0,0.0
e2c4c2ad-3db7-459a-8bac-89f725ea5b4a,4,นายไซนุดิง ยูโซะ,94,ปัตตานี,4,bd8d9f14-f757-41fb-8f37-d6128d9d012d,7,พรรคพลวัต,#EF6C00,0,0,0.0
e3181e51-5e9f-46b2-b749-6e0f387e159d,4,นางสาวปณิฐาณ์ อัครมหาฐีร,20,ชลบุรี,7,03347cbc-6089-474c-a3f6-484ae981c9a6,43,พรรคพลังประชารัฐ,#1565C0,0,0,0.0
e344f5c8-b5d6-42c6-951f-19d51c611c46,4,นายบรรดูลย์ พูนรัตนบัณฑิตย์,30,นครราชสีมา,15,1116011c-1ef3-4cca-a186-c1b9f7984ede,46,พรรคประชาชน,#F57C00,0,0,0.0
e3c72032-7755-4143-acde-fc320e1de871,4,นายอภิษิต งามบุษบงโสภี,12,นนทบุรี,5,a62aca08-91b7-4f3f-ba8f-cb9e884a3799,42,พรรคกล้าธรรม,#5D4037,0,0,0.0
e488474f-4026-45c1-9c1e-96a579e08709,4,นางวิไลพร นิพัฒน์,46,กาฬสินธุ์,5,2ee17641-917b-4ea0-8c19-da383e03e915,44,พรรคโอกาสใหม่,#26C6DA,0,0,0.0
e5073d1d-0888-451d-83ff-5eb4f4681dc6,4,นายพันธวัช ภูผาพันธกานต์,57,เชียงราย,5,bd8d9f14-f757-41fb-8f37-d6128d9d012d,7,พรรคพลวัต,#EF6C00,0,0,0.0
e511b155-8209-4338-b05b-5c71cb5766ab,4,นายธนวิน โรจน์สุนทรกิตติ,65,พิษณุโลก,5,a62aca08-91b7-4f3f-ba8f-cb9e884a3799,42,พรรคกล้าธรรม,#5D4037,0,0,0.0
e53fa98c-d72d-40c7-a472-4c2045bd91b5,4,นายจเด็ศ จันทรา,65,พิษณุโลก,1,2d8a1c84-0bc8-4377-965d-c020a0097c27,9,พรรคเพื่อไทย,#E4002B,0,0,0.0
e56520fc-abaa-4c0c-9a76-79f4c67ce4d9,4,นายวิริยะ ทองผา,49,มุกดาหาร,1,013c219e-e197-416d-84ea-00ba9c35465e,37,พรรคภูมิใจไทย,#3949AB,0,0,0.0
e6556b5a-c08d-4a5f-8db0-58efad6c18d1,4,นายชื่นชอบ คงอุดม,10,กรุงเทพมหานคร,7,115da917-bf32-4e96-a2ae-b7818d0909ee,6,พรรครวมไทยสร้างชาติ,#FF6D00,0,0,0.0
e6e3df3b-d9a4-42cc-8fa5-0911c3e9c892,4,นายณรงค์ มุตตะโสภา,32,สุรินทร์,2,03347cbc-6089-474c-a3f6-484ae981c9a6,43,พรรคพลังประชารัฐ,#1565C0,0,0,0.0
e7983d78-6bbd-4c12-aeb6-e6c619ad0bae,4,นายอภิชาติ ศิริบุญญกาล,33,ศรีสะเกษ,9,115da917-bf32-4e96-a2ae-b7818d0909ee,6,พรรครวมไทยสร้างชาติ,#FF6D00,0,0,0.0
e8a4da05-6d07-4e80-ba5d-19a18e2af408,4,นายปัญญา ภูเฮืองแก้ว,44,มหาสารคาม,3,f95e95f3-572e-4c2f-8327-d51e9815a598,26,พรรคคลองไทย,#0277BD,0,0,0.0
e8e3d436-be9a-44cf-8eee-4a14fa984072,4,นายวิชัย แก้วทอง,13,ปทุมธานี,2,115da917-bf32-4e96-a2ae-b7818d0909ee,6,พรรครวมไทยสร้างชาติ,#FF6D00,0,0,0.0
e8eda4a4-a2ad-4a36-902b-15a68f4b99fd,4,นายฐาปกรณ์ กุลเจริญ,11,สมุทรปราการ,6,013c219e-e197-416d-84ea-00ba9c35465e,37,พรรคภูมิใจไทย,#3949AB,0,0,0.0
e95b0af6-f4af-49db-9857-0c3bda737458,4,นายชูศักดิ์ แม้นทิม,71,กาญจนบุรี,2,2d8a1c84-0bc8-4377-965d-c020a0097c27,9,พรรคเพื่อไทย,#E4002B,0,0,0.0
e99ba267-8d67-4da1-8185-718ecbfca11b,4,นายสุริยะ เรืองพุ่ม,10,กรุงเทพมหานคร,33,bd8d9f14-f757-41fb-8f37-d6128d9d012d,7,พรรคพลวัต,#EF6C00,0,0,0.0
ea45acfa-5635-430e-94b2-dabe5c46cea3,4,นางนารดา อึ้งสวัสดิ์,30,นครราชสีมา,9,2d8a1c84-0bc8-4377-965d-c020a0097c27,9,พรรคเพื่อไทย,#E4002B,0,0,0.0
eb0c938c-e121-4c63-adfb-65bebb2c6452,4,นายจักรกฤษ เวชยางกูร,64,สุโขทัย,2,013c219e-e197-416d-84ea-00ba9c35465e,37,พรรคภูมิใจไทย,#3949AB,0,0,0.0
eb744fd4-09e2-40cb-a5ab-bedce426dd20,4,นายอลงกต มณีกาศ,48,นครพนม,3,013c219e-e197-416d-84ea-00ba9c35465e,37,พรรคภูมิใจไทย,#3949AB,0,0,0.0
eb785f7e-3cc0-4a6c-b191-eaebf6c379da,4,นายวารัชกรณ์ ชุณหบุญญทิพย์,50,เชียงใหม่,9,c126e4e4-be85-44e6-bf3e-f9331b9f91a9,24,พรรควิชชั่นใหม่,#7CB342,0,0,0.0
ec0deac3-6186-43e8-aa6b-45ca36cd1bb3,4,นายจรูญ จุดาบุตร,32,สุรินทร์,8,2d8a1c84-0bc8-4377-965d-c020a0097c27,9,พรรคเพื่อไทย,#E4002B,0,0,0.0
ed118355-4707-4f01-bc35-db1972be36ae,4,นายพลวรรธน์ คำพันธ์,31,บุรีรัมย์,3,339fa187-133c-4766-a6c2-36d1b32cda8f,23,พรรคปวงชนไทย,#827717,0,0,0.0
ed79e77a-3f7b-4984-bd0a-f5ea4e43a7ff,4,นายอภิวัฒน์ โรมเมือง,41,อุดรธานี,10,115da917-bf32-4e96-a2ae-b7818d0909ee,6,พรรครวมไทยสร้างชาติ,#FF6D00,0,0,0.0
ee2bdac8-6397-467d-b9bc-2b46d144c29d,4,นางสาวธัญญ์ภรณ์ สุจารีรัตน์,10,กรุงเทพมหานคร,28,0c044088-618b-49af-a291-fb28ffe9e0f8,11,พรรคเศรษฐกิจ,#FFA000,0,0,0.0
ee2d869a-2129-4f7c-b0d5-f90805e34f7b,4,นายอภิชาติ ลาพินี,90,สงขลา,5,013c219e-e197-416d-84ea-00ba9c35465e,37,พรรคภูมิใจไทย,#3949AB,0,0,0.0
ee31235b-0087-4ae3-b023-37ed652b1ac0,4,นายสุขสันต์ ชื่นจิตร,36,ชัยภูมิ,5,a62aca08-91b7-4f3f-ba8f-cb9e884a3799,42,พรรคกล้าธรรม,#5D4037,0,0,0.0
eeae1ab1-cce7-4024-a142-946c410f83d6,4,นายจิโรจ เวชชลานนท์,19,สระบุรี,2,1116011c-1ef3-4cca-a186-c1b9f7984ede,46,พรรคประชาชน,#F57C00,0,0,0.0
ef140c53-1be4-4512-ac16-235a4f83e605,4,นายวิวัฒน์ชัย โหตระไวศยะ,33,ศรีสะเกษ,7,03347cbc-6089-474c-a3f6-484ae981c9a6,43,พรรคพลังประชารัฐ,#1565C0,0,0,0.0
ef1643e5-82c9-4469-a472-b2dde2d81b87,4,นายอธิวัตร ใบสะเม๊าะ,90,สงขลา,8,2d8a1c84-0bc8-4377-965d-c020a0097c27,9,พรรคเพื่อไทย,#E4002B,0,0,0.0
ef3a80b2-5165-412f-b2e3-69f6f1f313f7,4,นายเจริญ ชินวงศ์,80,นครศรีธรรมราช,2,a62aca08-91b7-4f3f-ba8f-cb9e884a3799,42,พรรคกล้าธรรม,#5D4037,0,0,0.0
f021f618-0f10-4a94-9870-afc2a4741e45,4,นายธวัชชัย ทองสิมา,10,กรุงเทพมหานคร,26,cb1b6cf2-41fa-49b1-a060-01acf13edc81,48,พรรคไทยสร้างไทย,#00ACC1,0,0,0.0
f03b004b-b0bf-47b8-98db-9405c1c4eea6,4,นางสาวภิญญาพัชญ์ เสน่ห์สังคม,14,พระนครศรีอยุธยา,5,1116011c-1ef3-4cca-a186-c1b9f7984ede,46,พรรคประชาชน,#F57C00,0,0,0.0
f093a658-4c47-4d08-84a2-86a92fea49c1,4,นายวรายุทธ ทองสุข,22,จันทบุรี,1,1116011c-1ef3-4cca-a186-c1b9f7984ede,46,พรรคประชาชน,#F57C00,0,0,0.0
f09f8ee4-5a3c-4297-a7c6-d1ac55c177e1,4,นายชนะพล อ่อนพรม,63,ตาก,1,e9f5dc95-0d5c-46bc-8e2c-be791faa2b27,5,พรรครวมใจไทย,#F4511E,0,0,0.0
f0ac241b-e218-4c8e-9bb5-e52e2ed8a06a,4,นายสุทัศน์ มีศิริ,12,นนทบุรี,6,1116011c-1ef3-4cca-a186-c1b9f7984ede,46,พรรคประชาชน,#F57C00,0,0,0.0
f20980e4-8020-4f03-9ad4-d6942af73967,4,นางสาวรัตนาวดี ศรีนาคช,80,นครศรีธรรมราช,8,2d8a1c84-0bc8-4377-965d-c020a0097c27,9,พรรคเพื่อไทย,#E4002B,0,0,0.0
f24cd843-de6b-4bd4-ab12-54f9763437c8,4,นายธนะพัฒน์ มธุรส,20,ชลบุรี,10,339fa187-133c-4766-a6c2-36d1b32cda8f,23,พรรคปวงชนไทย,#827717,0,0,0.0
f2b07948-0b33-491f-8a57-26dffd6fbbbd,4,นายมารุต โมราสุข,60,นครสวรรค์,3,d7155f6d-736d-42c0-8bc0-00ee6e1970dc,27,พรรคประชาธิปัตย์,#0066B3,0,0,0.0
f2c6465f-0d37-426e-9559-0be7755091fa,4,นายสมร ศรีวิพันธ์,41,อุดรธานี,9,115da917-bf32-4e96-a2ae-b7818d0909ee,6,พรรครวมไทยสร้างชาติ,#FF6D00,0,0,0.0
f30f6557-7879-4a16-a930-4527025b82ca,4,นางสาวขวัญรัตน์ พนมขวัญ,54,แพร่,1,1116011c-1ef3-4cca-a186-c1b9f7984ede,46,พรรคประชาชน,#F57C00,0,0,0.0
f3b39a52-bca1-41e3-be85-741f5e5051d0,4,นายบุญลือ ประเสริฐโสภา,70,ราชบุรี,5,013c219e-e197-416d-84ea-00ba9c35465e,37,พรรคภูมิใจไทย,#3949AB,0,0,0.0
f5802582-f6bc-4086-91d4-9a8eb46c093e,4,นางสาวรสรินทร์ ศรัณย์เกตุ,53,อุตรดิตถ์,2,2ee17641-917b-4ea0-8c19-da383e03e915,44,พรรคโอกาสใหม่,#26C6DA,0,0,0.0
f5a5632f-8822-45b7-8307-e1d72bfb2266,4,นายเตชินท์ชัย ผาริบุตร,37,อำนาจเจริญ,2,d7155f6d-736d-42c0-8bc0-00ee6e1970dc,27,พรรคประชาธิปัตย์,#0066B3,0,0,0.0
f642323b-75bf-4c63-940b-f44c0f52908d,4,นายณัฐวัชต์ พิมพะนิตย์,46,กาฬสินธุ์,4,2d8a1c84-0bc8-4377-965d-c020a0097c27,9,พรรคเพื่อไทย,#E4002B,0,0,0.0
f64c9dc1-9a52-4a02-93ac-10598cd36044,4,นายสหัสวรรษ วีระมงคลกุล,10,กรุงเทพมหานคร,6,2d8a1c84-0bc8-4377-965d-c020a0097c27,9,พรรคเพื่อไทย,#E4002B,0,0,0.0
f6ae0bd0-fcab-45f9-8870-8746ad16bca6,4,นางสาวกาญจนา เสือจู,62,กำแพงเพชร,2,d7155f6d-736d-42c0-8bc0-00ee6e1970dc,27,พรรคประชาธิปัตย์,#0066B3,0,0,0.0
f6edbf08-6c58-427d-a73b-1fd735d9cae4,4,นายสุรสีห์ ลานนท์,42,เลย,2,d7155f6d-736d-42c0-8bc0-00ee6e1970dc,27,พรรคประชาธิปัตย์,#0066B3,0,0,0.0
f6f11771-944e-420d-8e27-e4886bdae544,4,นายกฤษพณ หวานแก้ว,84,สุราษฎร์ธานี,3,a62aca08-91b7-4f3f-ba8f-cb9e884a3799,42,พรรคกล้าธรรม,#5D4037,0,0,0.0
f705e93b-d6eb-4840-9e0f-85935d8a46f6,4,นางสาวสิริรักษ์ บัณฑิตศิละศักดิ์,60,นครสวรรค์,6,d7155f6d-736d-42c0-8bc0-00ee6e1970dc,27,พรรคประชาธิปัตย์,#0066B3,0,0,0.0
f795f347-d8f0-444d-aca3-95b8882610e1,4,พันตำรวจเอกพงศ์พล พงษ์พิลา,14,พระนครศรีอยุธยา,1,bcdcd19b-d619-47dd-8535-fafb6bc6f4d8,12,พรรคเสรีรวมไทย,#C62828,0,0,0.0
f7d2f0b2-8502-4b2f-ad2e-447bc82be2c7,4,นายเสมอ วงค์พุฒ,56,พะเยา,2,013c219e-e197-416d-84ea-00ba9c35465e,37,พรรคภูมิใจไทย,#3949AB,0,0,0.0
f98febe1-80fe-4b9a-be55-a6e3c2f9a162,4,นายพีรกานต์ วิเศษจินดาวัฒน์,30,นครราชสีมา,8,013c219e-e197-416d-84ea-00ba9c35465e,37,พรรคภูมิใจไทย,#3949AB,0,0,0.0
fb33b1b8-59e9-4e77-a15e-d5505757624b,4,นายกฤษฐ์หิรัญ เลิศอุฤทธิ์ภักดี,60,นครสวรรค์,1,1116011c-1ef3-4cca-a186-c1b9f7984ede,46,พรรคประชาชน,#F57C00,0,0,0.0
fba80a8c-c481-4561-89cb-798e000a9be6,4,นายสมนึก ใจจักร์,57,เชียงราย,1,115da917-bf32-4e96-a2ae-b7818d0909ee,6,พรรครวมไทยสร้างชาติ,#FF6D00,0,0,0.0
fbddf5bc-d0b5-49aa-b1ad-17f8057bba40,4,นายสิทธิรัก ทิพย์อักษร,80,นครศรีธรรมราช,4,2ee17641-917b-4ea0-8c19-da383e03e915,44,พรรคโอกาสใหม่,#26C6DA,0,0,0.0
fe0b5929-9704-4076-b08f-de5c6279d85a,4,นายพิสิษฐ ใชยลังกา,63,ตาก,2,013c219e-e197-416d-84ea-00ba9c35465e,37,พรรคภูมิใจไทย,#3949AB,0,0,0.0
009e3133-383c-4d20-ac45-483411a85649,5,นายณฐชนน ชนะบูรณาศักดิ์,65,พิษณุโลก,1,1116011c-1ef3-4cca-a186-c1b9f7984ede,46,พรรคประชาชน,#F57C00,0,0,0.0
00fef0e0-0f17-4e1d-a525-49786b9519f8,5,นายเสมอกัน เที่ยงธรรม,72,สุพรรณบุรี,4,013c219e-e197-416d-84ea-00ba9c35465e,37,พรรคภูมิใจไทย,#3949AB,0,0,0.0
01377780-0d04-405f-900a-08e22326fe42,5,นายภูเบศ โพธิ์โซ๊ะ,10,กรุงเทพมหานคร,19,115da917-bf32-4e96-a2ae-b7818d0909ee,6,พรรครวมไทยสร้างชาติ,#FF6D00,0,1,0.0
01ed0ae9-139b-4c73-8c76-08f268c4ddae,5,นายโชติวุฒิ ธนาคมานุสรณ์,17,สิงห์บุรี,1,013c219e-e197-416d-84ea-00ba9c35465e,37,พรรคภูมิใจไทย,#3949AB,0,0,0.0
02fb07ea-49ae-4be9-991d-9120aa1e95d4,5,นายเดชาวัจน์ รดีฉัตรภิรมย์,12,นนทบุรี,8,d7155f6d-736d-42c0-8bc0-00ee6e1970dc,27,พรรคประชาธิปัตย์,#0066B3,0,0,0.0
03207f4b-dbbf-4de1-9620-c507cd522ef8,5,นายหอม เอี่ยมสนิท,64,สุโขทัย,2,0c044088-618b-49af-a291-fb28ffe9e0f8,11,พรรคเศรษฐกิจ,#FFA000,0,0,0.0
04536f8b-6487-4eb7-842e-51710ae309f2,5,นายสุประวีณ์ อนรรฆพันธ์,67,เพชรบูรณ์,5,2d8a1c84-0bc8-4377-965d-c020a0097c27,9,พรรคเพื่อไทย,#E4002B,0,0,0.0
049f2159-08a3-43a7-8d41-eb7f0640067a,5,นางสาวดวงดารา นภาคเวช,13,ปทุมธานี,7,d7155f6d-736d-42c0-8bc0-00ee6e1970dc,27,พรรคประชาธิปัตย์,#0066B3,0,0,0.0
05244944-4059-40d1-a69f-c7ad5d3f825f,5,นายไพทูรย์ นาคหิรัญ,25,ปราจีนบุรี,1,a62aca08-91b7-4f3f-ba8f-cb9e884a3799,42,พรรคกล้าธรรม,#5D4037,0,0,0.0
057cd62c-57dd-4883-97d0-8b65796db02a,5,นายวิชัย ไชยมงคล,56,พะเยา,1,2d8a1c84-0bc8-4377-965d-c020a0097c27,9,พรรคเพื่อไทย,#E4002B,0,0,0.0
05c406db-952b-47ea-bfbe-c9eb54cd6ac3,5,นายกฤษฎา เอกกำลังกุล,21,ระยอง,1,013c219e-e197-416d-84ea-00ba9c35465e,37,พรรคภูมิใจไทย,#3949AB,0,0,0.0
068eded6-8e7e-4fcf-8bdf-4bf01f1c6ce1,5,นายองอาจ วิเศษ,41,อุดรธานี,5,03347cbc-6089-474c-a3f6-484ae981c9a6,43,พรรคพลังประชารัฐ,#1565C0,0,0,0.0
0720ad35-d717-4c9b-aea5-19d467106dac,5,นายธนาธาร ประมูลพงษ์,20,ชลบุรี,10,1116011c-1ef3-4cca-a186-c1b9f7984ede,46,พรรคประชาชน,#F57C00,0,0,0.0
075f92f5-43d8-4579-b630-c6f225f80439,5,นายเอกพัฒน์ ถ้ำสุวรรณ,70,ราชบุรี,4,0c044088-618b-49af-a291-fb28ffe9e0f8,11,พรรคเศรษฐกิจ,#FFA000,0,0,0.0
09227a0e-c340-4519-aa56-7d8aa22b0c19,5,นายภพเอกอัคร อินทรโม,93,พัทลุง,2,d7155f6d-736d-42c0-8bc0-00ee6e1970dc,27,พรรคประชาธิปัตย์,#0066B3,0,0,0.0
097287b1-56df-42cb-9869-29bc779c6d74,5,นายพิพัฌย์ เจือละออง,90,สงขลา,6,d7155f6d-736d-42c0-8bc0-00ee6e1970dc,27,พรรคประชาธิปัตย์,#0066B3,0,0,0.0
099c8a33-3f10-4a04-8abe-d839022e735d,5,นายสมชาติ ประดิษฐพร,84,สุราษฎร์ธานี,4,d7155f6d-736d-42c0-8bc0-00ee6e1970dc,27,พรรคประชาธิปัตย์,#0066B3,0,0,0.0
0b4b4758-d701-4c4e-8bc1-0fa5b9eb9a7e,5,นายวัลลภ วันทมาตย์,33,ศรีสะเกษ,4,1116011c-1ef3-4cca-a186-c1b9f7984ede,46,พรรคประชาชน,#F57C00,0,0,0.0
0bff85a7-537d-425a-a16b-0dea9f2c905d,5,นายจิรวุฒิ สิงห์โตทอง,20,ชลบุรี,4,013c219e-e197-416d-84ea-00ba9c35465e,37,พรรคภูมิใจไทย,#3949AB,0,0,0.0
0c321b7e-c6b2-495e-8f0d-9d3f0ade0145,5,นางชัญญาฌ์ภัช เรืองระยับชัย,62,กำแพงเพชร,3,013c219e-e197-416d-84ea-00ba9c35465e,37,พรรคภูมิใจไทย,#3949AB,0,0,0.0
0c3d7b68-7d75-4484-8c7e-4481a93e1132,5,ว่าที่เรือเอกสุประเสริฐ ชาวบ้านเกาะ,74,สมุทรสาคร,4,0c044088-618b-49af-a291-fb28ffe9e0f8,11,พรรคเศรษฐกิจ,#FFA000,0,0,0.0
0c68e328-1237-4a2b-8eec-785bdd3ac27c,5,นายสุทิน แจ้งสิน,18,ชัยนาท,2,a62aca08-91b7-4f3f-ba8f-cb9e884a3799,42,พรรคกล้าธรรม,#5D4037,0,0,0.0
0cfd6b29-f6c1-45d7-85be-1a43375e6ed4,5,นายศุภณัฐ มีนชัยนันท์,10,กรุงเทพมหานคร,9,1116011c-1ef3-4cca-a186-c1b9f7984ede,46,พรรคประชาชน,#F57C00,0,4,0.0
0f5a9585-e312-4b8e-900b-7b92ee4e3da5,5,นายศุกติชา ตันเจริญ,24,ฉะเชิงเทรา,2,1116011c-1ef3-4cca-a186-c1b9f7984ede,46,พรรคประชาชน,#F57C00,0,0,0.0
10358aec-c9ec-4098-b5bd-9f7fda7c9ba9,5,นายไตรเทพ งามกมล,31,บุรีรัมย์,8,013c219e-e197-416d-84ea-00ba9c35465e,37,พรรคภูมิใจไทย,#3949AB,0,0,0.0
1043df15-42ed-4b12-adc1-c62853b53fd6,5,นายมะรูดิง ยาโงะ,94,ปัตตานี,3,a62aca08-91b7-4f3f-ba8f-cb9e884a3799,42,พรรคกล้าธรรม,#5D4037,0,0,0.0
118b9f63-ef03-4b54-91e0-dcb768d13034,5,นางบงกช ผิวคำ,46,กาฬสินธุ์,3,115da917-bf32-4e96-a2ae-b7818d0909ee,6,พรรครวมไทยสร้างชาติ,#FF6D00,0,0,0.0
11cf91fc-2a17-4320-a209-484a479532aa,5,นายชอบเรียน วงศ์ศิริ,46,กาฬสินธุ์,4,d7155f6d-736d-42c0-8bc0-00ee6e1970dc,27,พรรคประชาธิปัตย์,#0066B3,0,0,0.0
121d4930-ae25-4da3-a78b-18b01af63a03,5,นายชัยวัฒน์ เชื้อสกุล,50,เชียงใหม่,8,d7155f6d-736d-42c0-8bc0-00ee6e1970dc,27,พรรคประชาธิปัตย์,#0066B3,0,0,0.0
13ba2c79-e7a3-40b6-8563-63855c2ba973,5,นายจรัสฤทธิ์ จันทรสุรินทร์,52,ลำปาง,3,013c219e-e197-416d-84ea-00ba9c35465e,37,พรรคภูมิใจไทย,#3949AB,0,8,0.0
13eed153-ed24-4713-811f-870d604683e8,5,นายสิริพงศ์ อังคสกุลเกียรติ,33,ศรีสะเกษ,1,013c219e-e197-416d-84ea-00ba9c35465e,37,พรรคภูมิใจไทย,#3949AB,0,0,0.0
146c7547-c735-4281-bb3f-502d574e3f13,5,นางสาวสิริเกศ ฉั่วสกุล,83,ภูเก็ต,3,d7155f6d-736d-42c0-8bc0-00ee6e1970dc,27,พรรคประชาธิปัตย์,#0066B3,0,0,0.0
1511c2f3-a8a6-4b0e-b4db-6302aaefde45,5,นายโกมล สำแดง,40,ขอนแก่น,7,d7155f6d-736d-42c0-8bc0-00ee6e1970dc,27,พรรคประชาธิปัตย์,#0066B3,0,0,0.0
1649d52e-042d-4b88-891c-53f894dfb746,5,นายณัฐพงศ์ บุญทวี,34,อุบลราชธานี,4,d7155f6d-736d-42c0-8bc0-00ee6e1970dc,27,พรรคประชาธิปัตย์,#0066B3,0,0,0.0
17bae6ae-4070-4d7c-970d-33248b4cdef6,5,นายวรวงศ์ วรปัญญา,16,ลพบุรี,4,2d8a1c84-0bc8-4377-965d-c020a0097c27,9,พรรคเพื่อไทย,#E4002B,0,0,0.0
18f90387-c855-437e-a155-2d3bac640c90,5,นายสุรชาติ เทียนทอง,10,กรุงเทพมหานคร,8,2d8a1c84-0bc8-4377-965d-c020a0097c27,9,พรรคเพื่อไทย,#E4002B,0,5,0.0
1990d41d-3fc2-428d-ab1c-e26aaf52c8a7,5,นายรุ่งโรจน์ เย็นสบาย,40,ขอนแก่น,4,2d8a1c84-0bc8-4377-965d-c020a0097c27,9,พรรคเพื่อไทย,#E4002B,0,0,0.0
19dab685-076f-41d8-90fc-3dc97fb406de,5,นายประเสริฐ ทรงคำ,50,เชียงใหม่,4,03347cbc-6089-474c-a3f6-484ae981c9a6,43,พรรคพลังประชารัฐ,#1565C0,0,0,0.0
1a5ab788-bbeb-4622-b202-28bcbacca5c5,5,นายปรีชา จันทร์นุช,64,สุโขทัย,3,013c219e-e197-416d-84ea-00ba9c35465e,37,พรรคภูมิใจไทย,#3949AB,0,0,0.0
1a5cb837-9909-4fb9-b270-8799fada14c1,5,นายสุวสันต์ จันทร์ตาธรรม,51,ลำพูน,1,0c044088-618b-49af-a291-fb28ffe9e0f8,11,พรรคเศรษฐกิจ,#FFA000,0,0,0.0
1b0859ba-d55f-4a99-8490-b6573240f6a6,5,นายฉัตรพันธ์ เดชกิจสุนทร,71,กาญจนบุรี,2,a62aca08-91b7-4f3f-ba8f-cb9e884a3799,42,พรรคกล้าธรรม,#5D4037,0,0,0.0
1c0132cd-ef7b-470e-ae49-27ad5d63e2eb,5,นายธวัชชัย แสงสว่าง,50,เชียงใหม่,10,03347cbc-6089-474c-a3f6-484ae981c9a6,43,พรรคพลังประชารัฐ,#1565C0,0,0,0.0
1c70cecd-f90d-4fa1-b373-4bd30043e9d8,5,นายสกลโชค เจริญโยธากุล,30,นครราชสีมา,6,115da917-bf32-4e96-a2ae-b7818d0909ee,6,พรรครวมไทยสร้างชาติ,#FF6D00,0,0,0.0
21a1f882-5a93-4126-8895-556fb37e4d46,5,นายอัครนันท์ กัณณ์กิตตินันท์,71,กาญจนบุรี,1,2d8a1c84-0bc8-4377-965d-c020a0097c27,9,พรรคเพื่อไทย,#E4002B,0,0,0.0
21a96620-b2b7-45c0-a07e-f3d5a3a14ede,5,นายสนั่น พัชรเตชโสภณ,36,ชัยภูมิ,3,2d8a1c84-0bc8-4377-965d-c020a0097c27,9,พรรคเพื่อไทย,#E4002B,0,0,0.0
21b82fc4-e617-47e5-8930-1b830356ea90,5,นายณัฐวุฒิ สุกคร,65,พิษณุโลก,2,0c044088-618b-49af-a291-fb28ffe9e0f8,11,พรรคเศรษฐกิจ,#FFA000,0,0,0.0
220cd040-1da4-44de-a39a-4d7f23c6188f,5,นางสาวอาริยา ภูมิพัฒน์,42,เลย,1,a62aca08-91b7-4f3f-ba8f-cb9e884a3799,42,พรรคกล้าธรรม,#5D4037,0,0,0.0
224ffd79-a9f4-4832-b2af-dbb595a9cc06,5,นายเรืองเดช จอมเมือง,55,น่าน,3,d7155f6d-736d-42c0-8bc0-00ee6e1970dc,27,พรรคประชาธิปัตย์,#0066B3,0,0,0.0
229b490d-5841-4a74-b014-25c73d4a06ad,5,นายอานุภาพ ลิขิตอำนวยชัย,75,สมุทรสงคราม,1,1116011c-1ef3-4cca-a186-c1b9f7984ede,46,พรรคประชาชน,#F57C00,0,0,0.0
22cb85af-98c9-42df-b478-f90150501414,5,นายนีโอ พลซื่อ,45,ร้อยเอ็ด,4,a62aca08-91b7-4f3f-ba8f-cb9e884a3799,42,พรรคกล้าธรรม,#5D4037,0,0,0.0
24060d75-c293-47c4-a6dc-6ccfbad59161,5,นางสาวพลอยไพลิน เกียรติสุรนนท์,40,ขอนแก่น,6,2d8a1c84-0bc8-4377-965d-c020a0097c27,9,พรรคเพื่อไทย,#E4002B,0,0,0.0
245d51d4-eaae-4082-ab9e-7b98275b2d6f,5,นายมูฮัมหมัดนาเซร์ สูหลง,94,ปัตตานี,5,1116011c-1ef3-4cca-a186-c1b9f7984ede,46,พรรคประชาชน,#F57C00,0,0,0.0
24ddb249-d4d3-4b55-8a61-e3b08e34eef9,5,พันเอกมนู ชูจิตร,66,พิจิตร,3,0c044088-618b-49af-a291-fb28ffe9e0f8,11,พรรคเศรษฐกิจ,#FFA000,0,0,0.0
277307bb-6762-41a6-8d83-71edb80819a6,5,นายพศิน ปิตุเตชะ,21,ระยอง,3,d7155f6d-736d-42c0-8bc0-00ee6e1970dc,27,พรรคประชาธิปัตย์,#0066B3,0,0,0.0
277f8bf7-6d36-4768-8565-fce9090aa8ec,5,นายจรยุทธ มาศบำรุง,80,นครศรีธรรมราช,2,1116011c-1ef3-4cca-a186-c1b9f7984ede,46,พรรคประชาชน,#F57C00,0,0,0.0
279fcbb7-dc9b-4c47-9377-3fc173175230,5,นายจักรทิพย์ วงษ์งามสวย,10,กรุงเทพมหานคร,28,115da917-bf32-4e96-a2ae-b7818d0909ee,6,พรรครวมไทยสร้างชาติ,#FF6D00,0,0,0.0
282e5dc2-5461-49fc-b8fc-92db197a609f,5,นายครองโชค เฟือยงาราช,47,สกลนคร,3,115da917-bf32-4e96-a2ae-b7818d0909ee,6,พรรครวมไทยสร้างชาติ,#FF6D00,0,0,0.0
28500220-db41-4d10-bfeb-f24f4e6458f9,5,นายบัวขาว ภูสมศรี,43,หนองคาย,3,d1964fe3-2dd0-43d5-a190-77fbfaf586b2,8,พรรคประชาธิปไตยใหม่,#1976D2,0,0,0.0
296bfc0f-2fc8-4072-a616-7842a1d56bdd,5,นายสุชาติ หลำเบ็นหมุด,90,สงขลา,9,bd8d9f14-f757-41fb-8f37-d6128d9d012d,7,พรรคพลวัต,#EF6C00,0,0,0.0
29c8de76-023e-4058-9d0a-ae40af667824,5,นางสาวช่อพฤกษา อุดมทรัพย์,57,เชียงราย,2,013c219e-e197-416d-84ea-00ba9c35465e,37,พรรคภูมิใจไทย,#3949AB,0,0,0.0
2a2de83f-fd58-4c7a-8373-e3597b9abfee,5,นางสาวธัณยาการย์ เตชะพัฒน์สิริ,10,กรุงเทพมหานคร,29,013c219e-e197-416d-84ea-00ba9c35465e,37,พรรคภูมิใจไทย,#3949AB,0,0,0.0
2a524836-3c69-42eb-9917-2cdee7aae391,5,นายชัยมงคล ไชยรบ,47,สกลนคร,5,013c219e-e197-416d-84ea-00ba9c35465e,37,พรรคภูมิใจไทย,#3949AB,0,0,0.0
2aa8406e-a5db-4cbf-9f0d-a2458e4b92b3,5,นายเธียรทัศน์ เอี่ยมตระกูล,84,สุราษฎร์ธานี,1,03347cbc-6089-474c-a3f6-484ae981c9a6,43,พรรคพลังประชารัฐ,#1565C0,0,0,0.0
2acddc2c-2fcb-44fd-8de8-72fef8ad8140,5,นายทัศนัย สุขประสาร,36,ชัยภูมิ,2,013c219e-e197-416d-84ea-00ba9c35465e,37,พรรคภูมิใจไทย,#3949AB,0,0,0.0
2ad03833-0a93-4092-a105-0251067a335f,5,นายอนุชิต ปฐมพงศ์พิทักษ์,73,นครปฐม,4,bcdcd19b-d619-47dd-8535-fafb6bc6f4d8,12,พรรคเสรีรวมไทย,#C62828,0,0,0.0
2b5a4f48-df7f-4ef3-80ff-d75e56f00508,5,นายสนอง เทพอักษรณรงค์,31,บุรีรัมย์,1,013c219e-e197-416d-84ea-00ba9c35465e,37,พรรคภูมิใจไทย,#3949AB,0,0,0.0
2c0db14f-82e0-41f6-9819-35018842ad8f,5,นายอานันท์ อมรินทร์,41,อุดรธานี,1,1116011c-1ef3-4cca-a186-c1b9f7984ede,46,พรรคประชาชน,#F57C00,0,0,0.0
2c898c21-527c-456f-b693-81ef756844bb,5,นายจักรัตน์ พั้วช่วย,67,เพชรบูรณ์,2,a62aca08-91b7-4f3f-ba8f-cb9e884a3799,42,พรรคกล้าธรรม,#5D4037,0,0,0.0
2ccd9db1-5d57-426b-803a-4b6088dbd9d0,5,นายสุวรรณ อ่อนรักษ์,90,สงขลา,5,1116011c-1ef3-4cca-a186-c1b9f7984ede,46,พรรคประชาชน,#F57C00,0,0,0.0
2cd3bf37-b02a-4f58-9118-05acc1899360,5,จ่าอากาศเอกอภิชาติ แก้วโกศล,76,เพชรบุรี,3,013c219e-e197-416d-84ea-00ba9c35465e,37,พรรคภูมิใจไทย,#3949AB,0,0,0.0
2ce655a6-e1d0-4a69-90e1-408d9cde39ff,5,นายชลน่าน ศรีแก้ว,55,น่าน,2,2d8a1c84-0bc8-4377-965d-c020a0097c27,9,พรรคเพื่อไทย,#E4002B,0,0,0.0
2d87ee8c-338c-46ce-9f0f-e69c2764b493,5,นายสิโรตม์ แสนทวีสุข,34,อุบลราชธานี,10,1116011c-1ef3-4cca-a186-c1b9f7984ede,46,พรรคประชาชน,#F57C00,0,0,0.0
2d98224a-4ed5-4ca8-855c-62e9585be1c6,5,นายสุรศักดิ์ เลี้ยงผ่องพันธุ์,31,บุรีรัมย์,5,cb1b6cf2-41fa-49b1-a060-01acf13edc81,48,พรรคไทยสร้างไทย,#00ACC1,0,0,0.0
2f08c737-2066-426e-a68d-9404984e4ffa,5,นางสาวโชติกา สอนโว,40,ขอนแก่น,1,965b4b93-c01e-4a2b-a987-577f2b99ebb4,49,พรรคไทยก้าวใหม่,#1E88E5,0,0,0.0
2f1c308e-79a8-45ec-a096-8959a9da8a5a,5,นายภีรวุฒิ บุญสุข,33,ศรีสะเกษ,3,2d8a1c84-0bc8-4377-965d-c020a0097c27,9,พรรคเพื่อไทย,#E4002B,0,0,0.0
2f9de2ee-f0d2-4e77-8503-4d1392fb8301,5,นายณัฐพงศ์ เข็มศิริ,38,บึงกาฬ,1,a62aca08-91b7-4f3f-ba8f-cb9e884a3799,42,พรรคกล้าธรรม,#5D4037,0,0,0.0
301117db-8e89-4172-9ba6-8112ece969d6,5,นายอนุวัตร เมืองมัจฉา,10,กรุงเทพมหานคร,23,fc22ff6d-da02-4cb6-86a7-b768c78bc19a,15,พรรคอนาคตไทย,#FF7043,0,0,0.0
311b56ea-369c-4cae-acaa-e36dd143be6a,5,นายชุ้น กังสุกุล,12,นนทบุรี,7,013c219e-e197-416d-84ea-00ba9c35465e,37,พรรคภูมิใจไทย,#3949AB,0,0,0.0
31457e79-06b3-44bb-87a1-cea7b8ed48e1,5,นายนภาดล ดวงสอนแสง,41,อุดรธานี,9,1116011c-1ef3-4cca-a186-c1b9f7984ede,46,พรรคประชาชน,#F57C00,0,0,0.0
3163b110-0349-4b33-ae87-adab9504a508,5,นายพชร จันทรรวงทอง,30,นครราชสีมา,13,2d8a1c84-0bc8-4377-965d-c020a0097c27,9,พรรคเพื่อไทย,#E4002B,0,0,0.0
31f2b1af-d772-450d-b5cd-9ee2779c81d7,5,นายกิตตินันท์ วังอมรมิตร,32,สุรินทร์,8,1116011c-1ef3-4cca-a186-c1b9f7984ede,46,พรรคประชาชน,#F57C00,0,0,0.0
322d4e01-5dba-467c-80ca-77512c552ed9,5,นายบุญคง วิลัยเลิศ,33,ศรีสะเกษ,7,d7155f6d-736d-42c0-8bc0-00ee6e1970dc,27,พรรคประชาธิปัตย์,#0066B3,0,0,0.0
329c05a0-d67e-4402-b629-c94825a8b6c5,5,นายชัยวัฒน์ อินศรีไกร,90,สงขลา,4,1116011c-1ef3-4cca-a186-c1b9f7984ede,46,พรรคประชาชน,#F57C00,0,0,0.0
32d7851e-acc7-48fe-b7b8-0e8e648fb490,5,นายยศวัฒน์ มาไพศาลสิน,71,กาญจนบุรี,3,013c219e-e197-416d-84ea-00ba9c35465e,37,พรรคภูมิใจไทย,#3949AB,0,0,0.0
32db7ea5-0d94-4189-af75-c7432349464f,5,นายเรืองไกร ลีกิจวัฒนะ,10,กรุงเทพมหานคร,4,03347cbc-6089-474c-a3f6-484ae981c9a6,43,พรรคพลังประชารัฐ,#1565C0,0,3,0.0
3463c70c-41ea-40c6-981d-b7fc0dae79e0,5,นางณัฏฐนันท์ ปอพานิชกรณ์,60,นครสวรรค์,4,1116011c-1ef3-4cca-a186-c1b9f7984ede,46,พรรคประชาชน,#F57C00,0,0,0.0
36631f41-370a-4fc7-9e2c-e9b732fbdacc,5,นายเชวงศักดิ์ พลลาภ,44,มหาสารคาม,1,d7155f6d-736d-42c0-8bc0-00ee6e1970dc,27,พรรคประชาธิปัตย์,#0066B3,0,0,0.0
3741af07-bd55-4b6f-b7f9-35e9abc82ff4,5,นายกมล มุขธระโกษา,39,หนองบัวลำภู,1,176cafa7-3601-4b12-9b92-e8301267096e,52,พรรคเครือข่ายชาวนาแห่งประเทศไทย,#558B2F,0,0,0.0
37568d79-e5d1-4a61-829c-837e97d228d7,5,นางสาววชิราภรณ์ กาญจนะ,84,สุราษฎร์ธานี,3,e3ad415e-cb0c-4922-adb3-4624e857d801,21,พรรคไทรวมพลัง,#E65100,0,0,0.0
378606fa-2d50-459c-84fa-6ee686bef631,5,นายจิระณัฏฐ์ ไชยวารี,45,ร้อยเอ็ด,7,115da917-bf32-4e96-a2ae-b7818d0909ee,6,พรรครวมไทยสร้างชาติ,#FF6D00,0,0,0.0
37b7b43d-014f-4c77-885d-d4a3e73904b3,5,นายณชญาดา ศรีหาภาค,33,ศรีสะเกษ,8,d7155f6d-736d-42c0-8bc0-00ee6e1970dc,27,พรรคประชาธิปัตย์,#0066B3,0,0,0.0
37f2711b-351e-42e1-b414-2045c745dd18,5,นางนพวรรณ รอดพูล,30,นครราชสีมา,7,cb222672-cb24-4115-8454-75d3a2e14c91,40,พรรคไทยธรรม,#6D4C41,0,0,0.0
37f36ac5-1113-4d89-90d8-1939c3f693cb,5,นายวรชัย สมบัติเจริญกิจ,10,กรุงเทพมหานคร,20,bd8d9f14-f757-41fb-8f37-d6128d9d012d,7,พรรคพลวัต,#EF6C00,0,0,0.0
386c9249-1eaa-4c84-b6b0-11d377ecc4c8,5,นายปรีชา ยอดยิ่ง,92,ตรัง,2,2d8a1c84-0bc8-4377-965d-c020a0097c27,9,พรรคเพื่อไทย,#E4002B,0,0,0.0
388a4c29-b6e6-4a07-8cb8-bc87e1f7a1cb,5,นายชัยพันธ์ ศรีคชไกร,62,กำแพงเพชร,1,2d8a1c84-0bc8-4377-965d-c020a0097c27,9,พรรคเพื่อไทย,#E4002B,0,0,0.0
38b9ab64-bfc4-49e2-ac86-5e295a4c02b1,5,นางสาวรำไพ เพิ่มทอง,32,สุรินทร์,4,43053588-eac7-4f7a-9dcd-dba51eeceaed,18,พรรคพลังสังคมใหม่,#00796B,0,0,0.0
3934b216-5b86-4123-9084-2a3035a1a825,5,นายอนัส มณีพฤกษ์,58,แม่ฮ่องสอน,1,1116011c-1ef3-4cca-a186-c1b9f7984ede,46,พรรคประชาชน,#F57C00,0,0,0.0
39ac02b2-f76d-4449-a472-8bd267222fe5,5,นางกนกพร เดชเดโช,80,นครศรีธรรมราช,4,d7155f6d-736d-42c0-8bc0-00ee6e1970dc,27,พรรคประชาธิปัตย์,#0066B3,0,0,0.0
3a0c1277-f713-49bc-b9e3-2503015c89b2,5,นายปองคุณ อารยะทรงศักดิ์,92,ตรัง,4,1116011c-1ef3-4cca-a186-c1b9f7984ede,46,พรรคประชาชน,#F57C00,0,0,0.0
3a1adc5d-c9a6-4da3-8f16-2288269f4ae3,5,นายรุ่งโรจน์ ทองศรี,31,บุรีรัมย์,9,013c219e-e197-416d-84ea-00ba9c35465e,37,พรรคภูมิใจไทย,#3949AB,0,0,0.0
3af01a57-9236-4d48-a45f-c7dcc62fb6f6,5,นายสมาท สะอาดวารี,90,สงขลา,7,2d8a1c84-0bc8-4377-965d-c020a0097c27,9,พรรคเพื่อไทย,#E4002B,0,0,0.0
3bbd7964-b839-486f-b11e-d9e2f59cbd6e,5,นายพงศธร สุภโกศล,35,ยโสธร,2,1116011c-1ef3-4cca-a186-c1b9f7984ede,46,พรรคประชาชน,#F57C00,0,0,0.0
3c37dc93-0d33-4139-88ea-afc638130ac8,5,นายสุกฤษฏิ์ ดุลยกนิษฐ,13,ปทุมธานี,4,54706125-9661-467d-a8af-78994d14b116,35,พรรครักชาติ,#B71C1C,0,0,0.0
3cd13a1b-fc7f-410b-b44f-aa93ae5ee359,5,นายพรพล เอกอรรถพร,27,สระแก้ว,3,d7155f6d-736d-42c0-8bc0-00ee6e1970dc,27,พรรคประชาธิปัตย์,#0066B3,0,0,0.0
3d9c353e-92c8-4a25-8f40-349898ab476e,5,นายประภัตร โพธสุธน,72,สุพรรณบุรี,5,013c219e-e197-416d-84ea-00ba9c35465e,37,พรรคภูมิใจไทย,#3949AB,0,0,0.0
3da68c4f-59ee-4985-935e-ca4eea886a63,5,นางสาวภูริกา สมหมาย,33,ศรีสะเกษ,5,2d8a1c84-0bc8-4377-965d-c020a0097c27,9,พรรคเพื่อไทย,#E4002B,0,0,0.0
3f0002bb-32fb-4926-9039-8b5c43ebff63,5,พันตำรวจโทนุกูล แสงศิริ,60,นครสวรรค์,5,2d8a1c84-0bc8-4377-965d-c020a0097c27,9,พรรคเพื่อไทย,#E4002B,0,0,0.0
401ef4a2-ae84-4a4b-990f-d64cf88d976e,5,นายปรเมษฐ์ จินา,84,สุราษฎร์ธานี,5,a62aca08-91b7-4f3f-ba8f-cb9e884a3799,42,พรรคกล้าธรรม,#5D4037,0,0,0.0
40ea7f89-0909-4abb-abeb-b85ced891b8e,5,นายมีศักดิ์ ภักดีคง,86,ชุมพร,3,d7155f6d-736d-42c0-8bc0-00ee6e1970dc,27,พรรคประชาธิปัตย์,#0066B3,0,1,0.0
422715cf-1cef-47aa-9588-8149a990847e,5,นายครูมานิตย์ สังข์พุ่ม,32,สุรินทร์,5,2d8a1c84-0bc8-4377-965d-c020a0097c27,9,พรรคเพื่อไทย,#E4002B,0,0,0.0
4305b911-9aa2-449b-9d10-1799d44a60c9,5,นายนิติ ปลั่งศรีสกุล,77,ประจวบคีรีขันธ์,3,d7155f6d-736d-42c0-8bc0-00ee6e1970dc,27,พรรคประชาธิปัตย์,#0066B3,0,0,0.0
431e1227-b860-4378-83ef-66c7c18c002b,5,นายนิพนธ์ คนขยัน,38,บึงกาฬ,3,2d8a1c84-0bc8-4377-965d-c020a0097c27,9,พรรคเพื่อไทย,#E4002B,0,0,0.0
44ce0b6c-afd9-4e8f-856d-740051dad6e6,5,นายสุรมิตร ศรีสุรักษ์,33,ศรีสะเกษ,2,d1964fe3-2dd0-43d5-a190-77fbfaf586b2,8,พรรคประชาธิปไตยใหม่,#1976D2,0,0,0.0
44fe193c-47b6-44d2-97f5-313a5c98c0e0,5,นายภูมิพัฒน์ โหสกุล,10,กรุงเทพมหานคร,10,2d8a1c84-0bc8-4377-965d-c020a0097c27,9,พรรคเพื่อไทย,#E4002B,0,0,0.0
45b3e074-175f-4fea-a8d1-6b9125f293a6,5,นายกฤติน มักเรียน,34,อุบลราชธานี,9,1116011c-1ef3-4cca-a186-c1b9f7984ede,46,พรรคประชาชน,#F57C00,0,0,0.0
45bbce26-f3ae-4bfb-a456-e196bbb4f26c,5,นางสาวอรกฤติย์ แววคล้ายหงษ์,24,ฉะเชิงเทรา,1,d7155f6d-736d-42c0-8bc0-00ee6e1970dc,27,พรรคประชาธิปัตย์,#0066B3,0,0,0.0
45e23b06-7ea3-4d7c-bac2-a419d0736281,5,นายสมศักดิ์ แสงอารยะกุล,80,นครศรีธรรมราช,5,a62aca08-91b7-4f3f-ba8f-cb9e884a3799,42,พรรคกล้าธรรม,#5D4037,0,0,0.0
469bad08-5acd-48e7-a04f-ac1b48761e97,5,นายประทีป โสดา,45,ร้อยเอ็ด,6,cb1b6cf2-41fa-49b1-a060-01acf13edc81,48,พรรคไทยสร้างไทย,#00ACC1,0,0,0.0
47ab6693-ad53-4986-a42e-0725ab060b3d,5,นายปรินต์ ทองปุสสะ,10,กรุงเทพมหานคร,22,d7155f6d-736d-42c0-8bc0-00ee6e1970dc,27,พรรคประชาธิปัตย์,#0066B3,0,0,0.0
47c53191-0aaa-4029-b73b-abe02209a3b3,5,นายกล้าหาญ เจริญธรรม,70,ราชบุรี,3,013c219e-e197-416d-84ea-00ba9c35465e,37,พรรคภูมิใจไทย,#3949AB,0,0,0.0
4a7ff17e-4096-44c4-8e03-3085ce8cf366,5,นายอนุสรณ์ ชายเหตุ,91,สตูล,2,115da917-bf32-4e96-a2ae-b7818d0909ee,6,พรรครวมไทยสร้างชาติ,#FF6D00,0,0,0.0
4b3dcb3d-a8e5-49c7-b7ec-1f61723c26bf,5,นายกฤตภาส จึงเติบโต,41,อุดรธานี,2,0c044088-618b-49af-a291-fb28ffe9e0f8,11,พรรคเศรษฐกิจ,#FFA000,0,0,0.0
4b95a0eb-707a-4e9b-a5d9-821d1c22ef44,5,นายตฤณฤทธ เทพประสิทธิ์,70,ราชบุรี,5,cb1b6cf2-41fa-49b1-a060-01acf13edc81,48,พรรคไทยสร้างไทย,#00ACC1,0,0,0.0
4c71f9e8-e5cd-4d77-b819-ac8280bbc95f,5,นายสุริยะ บัวบาน,32,สุรินทร์,3,d7155f6d-736d-42c0-8bc0-00ee6e1970dc,27,พรรคประชาธิปัตย์,#0066B3,0,0,0.0
4c91f6cc-1d4a-475b-a9d7-e243641bd5af,5,นายนิโรธ สุนทรเลขา,60,นครสวรรค์,6,a62aca08-91b7-4f3f-ba8f-cb9e884a3799,42,พรรคกล้าธรรม,#5D4037,0,0,0.0
4cd6da84-03c3-46ac-a9f6-1c31cbb23b7b,5,นายธีรุตม์ สันหวัง,82,พังงา,2,1116011c-1ef3-4cca-a186-c1b9f7984ede,46,พรรคประชาชน,#F57C00,0,0,0.0
4cf13bfb-9a4e-49c3-ab55-25e95b44432e,5,นายธนกร รักวงศ์อาชีพ,20,ชลบุรี,6,d7155f6d-736d-42c0-8bc0-00ee6e1970dc,27,พรรคประชาธิปัตย์,#0066B3,0,0,0.0
4dc41ecc-f9bd-46f2-bcac-371f6f8eb587,5,นายชนกฤดิ โหมอ่อน,66,พิจิตร,1,d7155f6d-736d-42c0-8bc0-00ee6e1970dc,27,พรรคประชาธิปัตย์,#0066B3,0,0,0.0
4dfbade7-3d0e-44c9-8603-eb237896e944,5,นายธีรพล พรเสาวลักษณ์,54,แพร่,1,d7155f6d-736d-42c0-8bc0-00ee6e1970dc,27,พรรคประชาธิปัตย์,#0066B3,0,0,0.0
4e335260-28b2-4968-a8a7-1ce61a455b84,5,นายพิชิต วงศา,21,ระยอง,4,115da917-bf32-4e96-a2ae-b7818d0909ee,6,พรรครวมไทยสร้างชาติ,#FF6D00,0,0,0.0
4e4c6b20-e823-4f48-873c-b5e18dbc95c0,5,นายสราวุธ จะกะนอง,35,ยโสธร,1,d1964fe3-2dd0-43d5-a190-77fbfaf586b2,8,พรรคประชาธิปไตยใหม่,#1976D2,0,0,0.0
4e8a3723-bf34-42f8-b775-427b7d4ea847,5,นายพิพิธ รัตนรักษ์,84,สุราษฎร์ธานี,2,013c219e-e197-416d-84ea-00ba9c35465e,37,พรรคภูมิใจไทย,#3949AB,0,0,0.0
4e936efe-d894-49ff-a438-94d98292f2e4,5,นางสาวธนัญญา พันธุ์การรุ่ง,73,นครปฐม,2,2d8a1c84-0bc8-4377-965d-c020a0097c27,9,พรรคเพื่อไทย,#E4002B,0,0,0.0
4ebd4889-208b-4ada-82cf-b2303aabba70,5,นางสาวณฐอร ชมภูรัตน์,52,ลำปาง,4,03347cbc-6089-474c-a3f6-484ae981c9a6,43,พรรคพลังประชารัฐ,#1565C0,0,0,0.0
4ece2422-9e3a-4c43-a64a-0da27ae1cbcd,5,นายราเชนท์ กงสิมมา,42,เลย,4,a62aca08-91b7-4f3f-ba8f-cb9e884a3799,42,พรรคกล้าธรรม,#5D4037,0,0,0.0
4f7efe44-81f2-498d-9143-db9b0175d71e,5,นายธนาคม พจนาพิทักษ์,91,สตูล,1,965b4b93-c01e-4a2b-a987-577f2b99ebb4,49,พรรคไทยก้าวใหม่,#1E88E5,0,0,0.0
5032459b-e083-435c-8ce9-9a16c974913d,5,นายมูฮัมหมัดอัสมัน โดยสมาน,96,นราธิวาส,3,1116011c-1ef3-4cca-a186-c1b9f7984ede,46,พรรคประชาชน,#F57C00,0,0,0.0
505b1566-f4b3-43df-a6f2-820bfd2a372d,5,นายสมภพ สุภนรานนท์,95,ยะลา,1,965b4b93-c01e-4a2b-a987-577f2b99ebb4,49,พรรคไทยก้าวใหม่,#1E88E5,0,0,0.0
50aa99b9-a0b4-4793-a83e-bd18d1344023,5,นายพรชัย ศรีสุริยันโยธิน,31,บุรีรัมย์,7,013c219e-e197-416d-84ea-00ba9c35465e,37,พรรคภูมิใจไทย,#3949AB,0,0,0.0
511b6cc2-2454-4687-b57b-52da255e3511,5,นายสัณหพจน์ สุขศรีเมือง,80,นครศรีธรรมราช,3,2ee17641-917b-4ea0-8c19-da383e03e915,44,พรรคโอกาสใหม่,#26C6DA,0,0,0.0
5145f352-4b37-424e-bdbd-6638f0e35919,5,นายพชรกร อรรณนพพร,40,ขอนแก่น,10,013c219e-e197-416d-84ea-00ba9c35465e,37,พรรคภูมิใจไทย,#3949AB,0,0,0.0
51545b5c-67e8-4498-a730-8ce639de63fd,5,นางสาวบุญญาภา ปุณณนิฏฐา,46,กาฬสินธุ์,5,013c219e-e197-416d-84ea-00ba9c35465e,37,พรรคภูมิใจไทย,#3949AB,0,0,0.0
5195f587-a0a2-4f53-8c6d-cbac19b47d6a,5,นางสาวอิงค์ณภัจฉร์ ชินวัตรนุวงค์,41,อุดรธานี,4,a62aca08-91b7-4f3f-ba8f-cb9e884a3799,42,พรรคกล้าธรรม,#5D4037,0,0,0.0
51adf368-c5cb-4d0f-8400-dffb1bf8feb8,5,นางสาวนารีรัตน์ แสนสวาท,13,ปทุมธานี,8,54706125-9661-467d-a8af-78994d14b116,35,พรรครักชาติ,#B71C1C,0,0,0.0
51b8a5c2-0493-49ed-9ca1-a306b4e9c0e0,5,นายอนุรักษ์ จุรีมาศ,45,ร้อยเอ็ด,1,013c219e-e197-416d-84ea-00ba9c35465e,37,พรรคภูมิใจไทย,#3949AB,0,0,0.0
522feddd-64f8-4c34-b4dd-ac03e2812262,5,นายมาโนช นุชนา,11,สมุทรปราการ,5,bcdcd19b-d619-47dd-8535-fafb6bc6f4d8,12,พรรคเสรีรวมไทย,#C62828,0,0,0.0
54112e01-e186-42e6-adc1-abe216a076a9,5,นายณัฐภณ ทาปุ๋ย,41,อุดรธานี,7,965b4b93-c01e-4a2b-a987-577f2b99ebb4,49,พรรคไทยก้าวใหม่,#1E88E5,0,0,0.0
548066c9-5884-4db1-9dba-4fd35bd34b57,5,นางสาวปัญชลีย์ วัฒนชัยศาสตร์,36,ชัยภูมิ,7,03347cbc-6089-474c-a3f6-484ae981c9a6,43,พรรคพลังประชารัฐ,#1565C0,0,0,0.0
54fede17-2e94-4869-a611-288774080ea1,5,นายอมรศักดิ์ สินเหลือ,10,กรุงเทพมหานคร,25,cb1b6cf2-41fa-49b1-a060-01acf13edc81,48,พรรคไทยสร้างไทย,#00ACC1,0,0,0.0
55aaa2af-5fba-4a08-91e5-5c02af060fc9,5,นายสหภาพ พ่อค้าทอง,12,นนทบุรี,1,0c044088-618b-49af-a291-fb28ffe9e0f8,11,พรรคเศรษฐกิจ,#FFA000,0,7,0.0
5625d650-9dc2-4bfc-ae24-37aae2392e17,5,นายยุทธพงศ์ จรัสเสถียร,44,มหาสารคาม,3,2d8a1c84-0bc8-4377-965d-c020a0097c27,9,พรรคเพื่อไทย,#E4002B,0,0,0.0
564345ee-324a-4855-a5c6-abbc314ba65a,5,นายเดวิด มกรพงศ์,10,กรุงเทพมหานคร,2,2d8a1c84-0bc8-4377-965d-c020a0097c27,9,พรรคเพื่อไทย,#E4002B,0,0,0.0
56ef715c-23ba-4a8c-857b-637439a7d6d7,5,นายณฐพงศ์ สอบกิ่ง,30,นครราชสีมา,11,1116011c-1ef3-4cca-a186-c1b9f7984ede,46,พรรคประชาชน,#F57C00,0,0,0.0
57d81b85-747d-4e64-8bd9-0507fe143453,5,นายวรวุฒิ ขนอม,85,ระนอง,1,a62aca08-91b7-4f3f-ba8f-cb9e884a3799,42,พรรคกล้าธรรม,#5D4037,0,0,0.0
58746a65-2121-4c39-a230-353debe1894a,5,นางสาวชลิดา สุวรรณโชติ,10,กรุงเทพมหานคร,7,cb1b6cf2-41fa-49b1-a060-01acf13edc81,48,พรรคไทยสร้างไทย,#00ACC1,0,0,0.0
5934fe4b-7260-4d66-a9f7-60e1ad8f6fe4,5,นายพันธุ์เทพ พัฒนณรงค์กรณ์,13,ปทุมธานี,5,d7155f6d-736d-42c0-8bc0-00ee6e1970dc,27,พรรคประชาธิปัตย์,#0066B3,0,0,0.0
5944aff6-7c04-4275-9d0c-f33e06caacd7,5,นายสมพงษ์ โสภณ,21,ระยอง,5,013c219e-e197-416d-84ea-00ba9c35465e,37,พรรคภูมิใจไทย,#3949AB,0,0,0.0
59981143-b07e-40e2-99ec-d48b1e47ebae,5,นายเสรี วังแง่,57,เชียงราย,7,bd8d9f14-f757-41fb-8f37-d6128d9d012d,7,พรรคพลวัต,#EF6C00,0,0,0.0
599aa40a-42ea-4e6d-8654-a437c93e9994,5,นางสาวอนงค์นาถ จ่าแก้ว,84,สุราษฎร์ธานี,6,a62aca08-91b7-4f3f-ba8f-cb9e884a3799,42,พรรคกล้าธรรม,#5D4037,0,0,0.0
59e2b5a6-b1e5-4cc6-91ee-ef98b0940dda,5,นายทรงพล ภัทราภิรมย์,18,ชัยนาท,1,1116011c-1ef3-4cca-a186-c1b9f7984ede,46,พรรคประชาชน,#F57C00,0,0,0.0
59eb04db-3689-4d0b-b4cd-04bae7a81288,5,นายสุวิทย์ บุศศรีเจริญ,62,กำแพงเพชร,2,115da917-bf32-4e96-a2ae-b7818d0909ee,6,พรรครวมไทยสร้างชาติ,#FF6D00,0,0,0.0
5b738351-bc2f-457d-a18a-5c0132bfae21,5,นายทวีศักดิ์ อนรรฆพันธ์,67,เพชรบูรณ์,4,2d8a1c84-0bc8-4377-965d-c020a0097c27,9,พรรคเพื่อไทย,#E4002B,0,0,0.0
5c6fe580-1550-4209-be9c-7405cb853deb,5,นายนเรศ ธำรงค์ทิพยคุณ,50,เชียงใหม่,9,a62aca08-91b7-4f3f-ba8f-cb9e884a3799,42,พรรคกล้าธรรม,#5D4037,0,0,0.0
5cdb0c9f-d077-49f6-b0a4-7be2808ab262,5,นายนริศ แสงบุญเรือง,52,ลำปาง,1,965b4b93-c01e-4a2b-a987-577f2b99ebb4,49,พรรคไทยก้าวใหม่,#1E88E5,0,0,0.0
5ce3d4a0-2d45-4741-92db-ce2be0a28322,5,นายพรรษศรณ์ สาครเสถียร,31,บุรีรัมย์,4,2d8a1c84-0bc8-4377-965d-c020a0097c27,9,พรรคเพื่อไทย,#E4002B,0,0,0.0
5cf0e717-511f-447a-836b-6918ad0294c6,5,นายเทิดแผ่นดินทอง ธารชัย,46,กาฬสินธุ์,1,013c219e-e197-416d-84ea-00ba9c35465e,37,พรรคภูมิใจไทย,#3949AB,0,0,0.0
5e05b0ed-b06b-4dd3-9820-436d971fc430,5,นางสาววิภาวดี ชนะชัย,13,ปทุมธานี,6,965b4b93-c01e-4a2b-a987-577f2b99ebb4,49,พรรคไทยก้าวใหม่,#1E88E5,0,0,0.0
5f6b480b-74f4-4446-9406-a706844e4858,5,นายณัฐวุฒิ ประเสริฐสุวรรณ,72,สุพรรณบุรี,2,013c219e-e197-416d-84ea-00ba9c35465e,37,พรรคภูมิใจไทย,#3949AB,0,0,0.0
602a5a68-a320-4b05-b0eb-5f62a3feb9d5,5,นายราชสิทธิ์ มิ่งปรีชา,54,แพร่,2,d7155f6d-736d-42c0-8bc0-00ee6e1970dc,27,พรรคประชาธิปัตย์,#0066B3,0,0,0.0
6176964b-a4cf-4993-bfcb-cb4f3a41ece0,5,นายนรุตม์ชัย บุนนาค,10,กรุงเทพมหานคร,3,a62aca08-91b7-4f3f-ba8f-cb9e884a3799,42,พรรคกล้าธรรม,#5D4037,0,0,0.0
630b2fcb-dba1-4735-bac1-1300678dac49,5,นางสาวเกษราภัส เชื้อคำเพ็ง,48,นครพนม,4,a62aca08-91b7-4f3f-ba8f-cb9e884a3799,42,พรรคกล้าธรรม,#5D4037,0,0,0.0
631e75f0-bbb5-469b-91c7-6f1e20fea238,5,นางสาวณัฐธิดา เล็กอุดากร,31,บุรีรัมย์,2,013c219e-e197-416d-84ea-00ba9c35465e,37,พรรคภูมิใจไทย,#3949AB,0,0,0.0
63c21b5e-9651-4bfa-a4f3-72499e5d0036,5,นายมรกต โอ่เอี่ยม,77,ประจวบคีรีขันธ์,1,1116011c-1ef3-4cca-a186-c1b9f7984ede,46,พรรคประชาชน,#F57C00,0,0,0.0
64d1904d-a074-4923-b163-a3707b0d0ce9,5,นายศาสตรา นากระโทก,30,นครราชสีมา,8,1116011c-1ef3-4cca-a186-c1b9f7984ede,46,พรรคประชาชน,#F57C00,0,0,0.0
6591ca47-2380-4418-8e11-a10a4038bbf5,5,นายธีระพล เพ็งจันทร์,34,อุบลราชธานี,1,1116011c-1ef3-4cca-a186-c1b9f7984ede,46,พรรคประชาชน,#F57C00,0,0,0.0
662bf4a0-3e92-4c14-97cf-8a6ffe3d935e,5,ร้อยตำรวจโทเสวียน สมตัว,40,ขอนแก่น,11,965b4b93-c01e-4a2b-a987-577f2b99ebb4,49,พรรคไทยก้าวใหม่,#1E88E5,0,0,0.0
6640f2c5-9c3a-41c1-bc7c-238cd11ef56f,5,นางสาวศิริภา อินทวิเชียร,10,กรุงเทพมหานคร,6,d7155f6d-736d-42c0-8bc0-00ee6e1970dc,27,พรรคประชาธิปัตย์,#0066B3,0,0,0.0
6774331f-3a0b-4bb7-aba3-3a98a2e84cdc,5,นายพิศณุพงศ์ สิทธิโชคแก้วมูล,30,นครราชสีมา,14,115da917-bf32-4e96-a2ae-b7818d0909ee,6,พรรครวมไทยสร้างชาติ,#FF6D00,0,0,0.0
67d818fb-8ab0-4277-b0f4-fe65123f8133,5,นายสมเกียรติ คำดำ,25,ปราจีนบุรี,2,2d8a1c84-0bc8-4377-965d-c020a0097c27,9,พรรคเพื่อไทย,#E4002B,0,0,0.0
680ffd58-8d49-4204-b5e9-54a4485423e5,5,นางสาวเจณิสตา เตชะโสภณมณี,10,กรุงเทพมหานคร,24,013c219e-e197-416d-84ea-00ba9c35465e,37,พรรคภูมิใจไทย,#3949AB,0,0,0.0
684b0c77-0041-4e4b-880a-00a4fbfed664,5,นายรชตะ ด่านกุล,30,นครราชสีมา,15,2d8a1c84-0bc8-4377-965d-c020a0097c27,9,พรรคเพื่อไทย,#E4002B,0,0,0.0
693b2f66-369b-4b85-8d31-02b0b13c1ef8,5,นายวัชรินทร์ แทนจำรัส,66,พิจิตร,2,115da917-bf32-4e96-a2ae-b7818d0909ee,6,พรรครวมไทยสร้างชาติ,#FF6D00,0,0,0.0
69f44f25-2f23-46a6-a22b-1a218a542b8e,5,ว่าที่ร้อยตรีอับดุลฮาฟิซ หิเล,95,ยะลา,2,a62aca08-91b7-4f3f-ba8f-cb9e884a3799,42,พรรคกล้าธรรม,#5D4037,0,0,0.0
6ab3c1d3-419d-4008-9ece-f256a2bb8789,5,นายธนกฤต ณ นคร,11,สมุทรปราการ,7,d7155f6d-736d-42c0-8bc0-00ee6e1970dc,27,พรรคประชาธิปัตย์,#0066B3,0,0,0.0
6ba968fa-0f33-43a6-840e-9c636b9b71e1,5,นายชยพัทธ์ รัตนกสิกร,14,พระนครศรีอยุธยา,1,0c044088-618b-49af-a291-fb28ffe9e0f8,11,พรรคเศรษฐกิจ,#FFA000,0,0,0.0
6bfb30be-b7c7-4dfc-9c90-f8db6e571134,5,นายวุฒิบูรณ์ วิงวน,12,นนทบุรี,3,a62aca08-91b7-4f3f-ba8f-cb9e884a3799,42,พรรคกล้าธรรม,#5D4037,0,0,0.0
6c291109-577d-45f7-ae83-0edbafeaa181,5,นางสุขสมรวย วันทนียกุล,37,อำนาจเจริญ,1,013c219e-e197-416d-84ea-00ba9c35465e,37,พรรคภูมิใจไทย,#3949AB,0,0,0.0
6c77bf13-652f-49c3-bd8e-b611e51d1cf3,5,นายปราโมทย์ อัศวมานะศักดิ์,13,ปทุมธานี,2,d7155f6d-736d-42c0-8bc0-00ee6e1970dc,27,พรรคประชาธิปัตย์,#0066B3,0,0,0.0
6c7daf0b-da11-4ae7-972a-248c34616139,5,นายแสนคมณ์มินทร์ อนามพงษ์,22,จันทบุรี,3,a62aca08-91b7-4f3f-ba8f-cb9e884a3799,42,พรรคกล้าธรรม,#5D4037,0,0,0.0
6c7e3976-3ae9-4d64-8c58-74bf6a97efb7,5,นายอนุชิต พรหมจันทร์,80,นครศรีธรรมราช,8,03347cbc-6089-474c-a3f6-484ae981c9a6,43,พรรคพลังประชารัฐ,#1565C0,0,0,0.0
6e453ab5-bd8e-49ea-abad-ea9409eb7e13,5,นายจักรพงษ์ ปทุมไกยะ,48,นครพนม,3,a62aca08-91b7-4f3f-ba8f-cb9e884a3799,42,พรรคกล้าธรรม,#5D4037,0,0,0.0
6e9a6c58-a599-4f65-82d5-9a76583bcb56,5,นายเสกสกล อัตถาวงศ์,30,นครราชสีมา,10,2ee17641-917b-4ea0-8c19-da383e03e915,44,พรรคโอกาสใหม่,#26C6DA,0,0,0.0
6ea2914e-447e-4715-8a63-c59eae90b8dc,5,นายอธิปัตย์ สืบศิรินุกูล,34,อุบลราชธานี,5,2d8a1c84-0bc8-4377-965d-c020a0097c27,9,พรรคเพื่อไทย,#E4002B,0,0,0.0
6ec49ecd-6e4e-41a9-9ab4-496695162a45,5,นางวันเพ็ญ รัตน์นิธิพงศ์,10,กรุงเทพมหานคร,11,cb1b6cf2-41fa-49b1-a060-01acf13edc81,48,พรรคไทยสร้างไทย,#00ACC1,0,0,0.0
6fe1029a-8daf-4e80-83c8-aa07e80b2a26,5,นายทิวัตถ์ สีดอกบวบ,83,ภูเก็ต,1,a62aca08-91b7-4f3f-ba8f-cb9e884a3799,42,พรรคกล้าธรรม,#5D4037,0,0,0.0
70f3e5e4-575d-41bb-a116-70d08d027dfc,5,นายประถมการ อ่วมอ่อง,12,นนทบุรี,6,2d8a1c84-0bc8-4377-965d-c020a0097c27,9,พรรคเพื่อไทย,#E4002B,0,0,0.0
7136f2d5-b575-457f-bccd-c555c6c90e30,5,นายสุภัทร ฮาสุวรรณกิจ,90,สงขลา,2,1116011c-1ef3-4cca-a186-c1b9f7984ede,46,พรรคประชาชน,#F57C00,0,0,0.0
71ed0a35-8e12-40fb-a5eb-bec404dd02b4,5,นายขุนทอง แสนวิเศษ,19,สระบุรี,1,013c219e-e197-416d-84ea-00ba9c35465e,37,พรรคภูมิใจไทย,#3949AB,0,0,0.0
724f8d22-4de7-4584-9bf2-cf8f03f160bf,5,นายระวัง เนตรโพธิ์แก้ว,73,นครปฐม,6,03347cbc-6089-474c-a3f6-484ae981c9a6,43,พรรคพลังประชารัฐ,#1565C0,0,0,0.0
7334e703-5d43-4eaa-ab5a-6989061362f9,5,นายยุทธชัย รำไพวรรณ์,27,สระแก้ว,2,1116011c-1ef3-4cca-a186-c1b9f7984ede,46,พรรคประชาชน,#F57C00,0,0,0.0
73bfb4f4-3e49-4c6c-9b74-2dfff33e0aee,5,นายยอดชาย พึ่งพร,20,ชลบุรี,9,1116011c-1ef3-4cca-a186-c1b9f7984ede,46,พรรคประชาชน,#F57C00,0,0,0.0
73d928b4-91cd-4657-8a81-7117f7889949,5,นางสาวรสสุคนธ์ อินชัยเขา,53,อุตรดิตถ์,3,013c219e-e197-416d-84ea-00ba9c35465e,37,พรรคภูมิใจไทย,#3949AB,0,0,0.0
742c4622-ca95-4988-8952-ee28127fcb5a,5,นางสุพรรณษา นันทา,61,อุทัยธานี,2,a62aca08-91b7-4f3f-ba8f-cb9e884a3799,42,พรรคกล้าธรรม,#5D4037,0,0,0.0
74beb7a3-4b24-4d33-a746-bf5d24a11a7f,5,นายเจ๊ะซู ตาเหย็บ,96,นราธิวาส,2,03347cbc-6089-474c-a3f6-484ae981c9a6,43,พรรคพลังประชารัฐ,#1565C0,0,0,0.0
75595fa4-1690-45c4-a633-39151e2cbca4,5,นายกานตพงศ์ ใจแก้ว,60,นครสวรรค์,1,2d8a1c84-0bc8-4377-965d-c020a0097c27,9,พรรคเพื่อไทย,#E4002B,0,0,0.0
7573f5fc-fc30-4172-b380-4e315adc3c6e,5,นางสาวยุวดี นิติธารากุล,70,ราชบุรี,1,115da917-bf32-4e96-a2ae-b7818d0909ee,6,พรรครวมไทยสร้างชาติ,#FF6D00,0,0,0.0
760bc9b2-6f75-4b26-8408-82c6cceaacc9,5,นายชานนท์ นาคประวิต,41,อุดรธานี,3,d7155f6d-736d-42c0-8bc0-00ee6e1970dc,27,พรรคประชาธิปัตย์,#0066B3,0,0,0.0
765e43c1-6663-4669-85a3-4c8327ed1ac4,5,นายสมยศ พลายด้วง,90,สงขลา,3,013c219e-e197-416d-84ea-00ba9c35465e,37,พรรคภูมิใจไทย,#3949AB,0,0,0.0
77bcb79d-fd4a-40eb-8e49-124b1a1f64b7,5,นายคมสันต์ เมืองอินทร์,56,พะเยา,2,d7155f6d-736d-42c0-8bc0-00ee6e1970dc,27,พรรคประชาธิปัตย์,#0066B3,0,0,0.0
780c369f-86f3-42b2-a857-b7fdc7d62288,5,นายประวัติ ทองสมบูรณ์,44,มหาสารคาม,2,013c219e-e197-416d-84ea-00ba9c35465e,37,พรรคภูมิใจไทย,#3949AB,0,0,0.0
78291779-fd42-4db0-aaf3-45fc438858bf,5,นายณกร ชารีพันธ์,49,มุกดาหาร,2,1116011c-1ef3-4cca-a186-c1b9f7984ede,46,พรรคประชาชน,#F57C00,0,0,0.0
797e27da-b9bd-45af-8344-7692c93a7796,5,นางสาวประภาลักษณ์ สิทธิ,39,หนองบัวลำภู,3,cb1b6cf2-41fa-49b1-a060-01acf13edc81,48,พรรคไทยสร้างไทย,#00ACC1,0,0,0.0
7a185666-8c7a-42a9-92b6-594d04b2292b,5,นางสาวขวัญญดาภรณ์ เชี่ยววิทย์,10,กรุงเทพมหานคร,32,2ee17641-917b-4ea0-8c19-da383e03e915,44,พรรคโอกาสใหม่,#26C6DA,0,0,0.0
7a3174b0-4d1c-4975-84f2-56b677cbfffd,5,นายฐากูร ยะแสง,57,เชียงราย,3,1116011c-1ef3-4cca-a186-c1b9f7984ede,46,พรรคประชาชน,#F57C00,0,0,0.0
7ad1389f-cf6a-4598-93a4-fc832de64a70,5,นายศิวะ พงศ์ธีระดุลย์,36,ชัยภูมิ,5,2d8a1c84-0bc8-4377-965d-c020a0097c27,9,พรรคเพื่อไทย,#E4002B,0,0,0.0
7b03e89a-4d5a-4fe3-b385-a7d08df5bbf3,5,นายศิลปชัย บุญราย,10,กรุงเทพมหานคร,27,013c219e-e197-416d-84ea-00ba9c35465e,37,พรรคภูมิใจไทย,#3949AB,0,0,0.0
7bad8221-f5cc-4232-8c38-298086fd34f0,5,นางภัทรวัลย์ ผลไพบูลย์,57,เชียงราย,6,bd8d9f14-f757-41fb-8f37-d6128d9d012d,7,พรรคพลวัต,#EF6C00,0,0,0.0
7c07bf9e-81de-4c0c-b09c-8f1dd92e86a2,5,นางสาวฉวี พงษ์พนัศ,14,พระนครศรีอยุธยา,2,d7155f6d-736d-42c0-8bc0-00ee6e1970dc,27,พรรคประชาธิปัตย์,#0066B3,0,0,0.0
7c3cc393-9b6b-4895-900b-1a5ee7996193,5,นายกฤตย์อิชย์ ภาคย์อิชณน์,92,ตรัง,3,d7155f6d-736d-42c0-8bc0-00ee6e1970dc,27,พรรคประชาธิปัตย์,#0066B3,0,0,0.0
7d063e2e-0add-4959-849f-e3e007ee1045,5,นายปรัชญา สมบูรณ์,11,สมุทรปราการ,4,115da917-bf32-4e96-a2ae-b7818d0909ee,6,พรรครวมไทยสร้างชาติ,#FF6D00,0,0,0.0
7d3fead5-1414-4830-8d3f-a083718410ee,5,นายจักริน แดนสมปัดสา,44,มหาสารคาม,6,965b4b93-c01e-4a2b-a987-577f2b99ebb4,49,พรรคไทยก้าวใหม่,#1E88E5,0,0,0.0
7fb58edf-ae2b-49a7-8a9e-c06b196b68df,5,นายจิรศักดิ์ ขันอาสา,34,อุบลราชธานี,3,013c219e-e197-416d-84ea-00ba9c35465e,37,พรรคภูมิใจไทย,#3949AB,0,0,0.0
7ff067dc-fc1b-40e8-af82-012d540d963b,5,นายองอาจ วงษ์ประยูร,19,สระบุรี,4,a62aca08-91b7-4f3f-ba8f-cb9e884a3799,42,พรรคกล้าธรรม,#5D4037,0,0,0.0
80380f1e-64a4-4f52-a0fa-a3d97044742f,5,นายไสว บัวบาน,71,กาญจนบุรี,5,d7155f6d-736d-42c0-8bc0-00ee6e1970dc,27,พรรคประชาธิปัตย์,#0066B3,0,0,0.0
82353981-c4f6-4188-9de6-9d491ef661dc,5,นายภูริณัฐ ใจสนุก,80,นครศรีธรรมราช,9,965b4b93-c01e-4a2b-a987-577f2b99ebb4,49,พรรคไทยก้าวใหม่,#1E88E5,0,0,0.0
83575515-9a44-41b0-be32-179c7c289530,5,พลตำรวจโทพิทักษ์ จารุสมบัติ,24,ฉะเชิงเทรา,4,2d8a1c84-0bc8-4377-965d-c020a0097c27,9,พรรคเพื่อไทย,#E4002B,0,0,0.0
84118381-0e2b-4e04-b319-33bfd80253ed,5,นายวิชายุทธ์ พึ่งสายธนโชติ,13,ปทุมธานี,1,0c044088-618b-49af-a291-fb28ffe9e0f8,11,พรรคเศรษฐกิจ,#FFA000,0,0,0.0
8471b027-fefd-471c-9790-345f312ba060,5,นายบดี เทียนทอง,27,สระแก้ว,1,03347cbc-6089-474c-a3f6-484ae981c9a6,43,พรรคพลังประชารัฐ,#1565C0,0,0,0.0
848f237e-f777-4cfe-b9bd-d5002096bb9f,5,นายคฑาเพชร แก่นแก้ว,67,เพชรบูรณ์,6,a62aca08-91b7-4f3f-ba8f-cb9e884a3799,42,พรรคกล้าธรรม,#5D4037,0,0,0.0
84d9cbc7-debf-4e0a-ae71-a7fd1ef945c2,5,นายนวคม เสมา,41,อุดรธานี,8,0c044088-618b-49af-a291-fb28ffe9e0f8,11,พรรคเศรษฐกิจ,#FFA000,0,0,0.0
84f38fd5-01e8-4ba1-9df4-d2861518017d,5,นายรณชัย สังฆมิตกล,10,กรุงเทพมหานคร,18,013c219e-e197-416d-84ea-00ba9c35465e,37,พรรคภูมิใจไทย,#3949AB,0,0,0.0
8570d823-d614-43f7-a2b5-2741845c5de9,5,นายแทนรัฐ สุจารี,45,ร้อยเอ็ด,3,2d8a1c84-0bc8-4377-965d-c020a0097c27,9,พรรคเพื่อไทย,#E4002B,0,0,0.0
85fef0bf-1ade-4553-b879-f5a7d9bb1ebe,5,นายฤกษ์ อยู่ดี,76,เพชรบุรี,2,013c219e-e197-416d-84ea-00ba9c35465e,37,พรรคภูมิใจไทย,#3949AB,0,0,0.0
86633eac-0b94-44ab-812e-52ba0a8660bd,5,นายชูชัย พลวัน,31,บุรีรัมย์,10,115da917-bf32-4e96-a2ae-b7818d0909ee,6,พรรครวมไทยสร้างชาติ,#FF6D00,0,0,0.0
8705ba9b-d100-4c87-a0a1-763c769a763f,5,นายธนวัฒน์ ผาสุขมูล,30,นครราชสีมา,5,a62aca08-91b7-4f3f-ba8f-cb9e884a3799,42,พรรคกล้าธรรม,#5D4037,0,0,0.0
87c29a8b-8836-447f-97f1-49f67dc76625,5,นายณัฐพล โตวิจักษณ์ชัยกุล,50,เชียงใหม่,3,1116011c-1ef3-4cca-a186-c1b9f7984ede,46,พรรคประชาชน,#F57C00,0,0,0.0
886f77cb-f8da-4e05-a469-4095fb009867,5,นางสาวฮาวา นุ้ยเจริญ,80,นครศรีธรรมราช,7,1116011c-1ef3-4cca-a186-c1b9f7984ede,46,พรรคประชาชน,#F57C00,0,0,0.0
887a749c-9d60-4c30-9ca3-e24c4dfd5920,5,นางสาวมิ่งขวัญ น่วมทอง,77,ประจวบคีรีขันธ์,2,965b4b93-c01e-4a2b-a987-577f2b99ebb4,49,พรรคไทยก้าวใหม่,#1E88E5,0,0,0.0
897732e8-9dd0-4d28-96ac-3507eda3e41e,5,นายเจะนิ สะนิ,94,ปัตตานี,2,d7155f6d-736d-42c0-8bc0-00ee6e1970dc,27,พรรคประชาธิปัตย์,#0066B3,0,0,0.0
8a376f14-61b1-4060-9bc8-29fe6b8e7fcb,5,นางสาวหนึ่งฤทัย พันกุ่ม,86,ชุมพร,1,eae55266-b74d-4322-869b-c3e5aa00701f,39,พรรคกรีน,#4CAF50,0,6,0.0
8b20106c-235d-47c1-bd19-3eb09117ccf6,5,นายเกษม สิงพร,44,มหาสารคาม,4,115da917-bf32-4e96-a2ae-b7818d0909ee,6,พรรครวมไทยสร้างชาติ,#FF6D00,0,0,0.0
8c920d8b-405c-47b9-b884-3cd09eb95d9c,5,นายวันปิติ สิงหโกวินท์,10,กรุงเทพมหานคร,31,bd8d9f14-f757-41fb-8f37-d6128d9d012d,7,พรรคพลวัต,#EF6C00,0,0,0.0
8d036201-cca7-4ec6-b85d-d395535e6cce,5,นายนิเวศ จักร์นารายณ์,40,ขอนแก่น,3,115da917-bf32-4e96-a2ae-b7818d0909ee,6,พรรครวมไทยสร้างชาติ,#FF6D00,0,0,0.0
8d4afa7e-64cb-42b9-93d1-b1f8443af6ea,5,นายสิทธิชัย หล่อประสงค์สุข,16,ลพบุรี,2,2d8a1c84-0bc8-4377-965d-c020a0097c27,9,พรรคเพื่อไทย,#E4002B,0,0,0.0
8d6b5dad-1660-460b-9246-f4c102735d83,5,นายปารมี พิมานแมน,96,นราธิวาส,1,115da917-bf32-4e96-a2ae-b7818d0909ee,6,พรรครวมไทยสร้างชาติ,#FF6D00,0,0,0.0
8df9ce92-2c11-4d42-b65e-88db3fbb69b9,5,นายอรรถพล วงษ์ประยูร,19,สระบุรี,2,013c219e-e197-416d-84ea-00ba9c35465e,37,พรรคภูมิใจไทย,#3949AB,0,0,0.0
8e1a6a3f-a557-4c39-b80f-c18d88520fb5,5,นายพงศธร งานไว,40,ขอนแก่น,9,d7155f6d-736d-42c0-8bc0-00ee6e1970dc,27,พรรคประชาธิปัตย์,#0066B3,0,0,0.0
8eb26d68-572d-4248-a7b4-fe9eb6ef80d8,5,นางสาวพิชชาภา ทองดียิ่ง,10,กรุงเทพมหานคร,30,cb1b6cf2-41fa-49b1-a060-01acf13edc81,48,พรรคไทยสร้างไทย,#00ACC1,0,0,0.0
916af6f2-2cff-439a-9cb1-d30b1ae12680,5,นายบาฮารุดดีน ยูโซะ,94,ปัตตานี,1,013c219e-e197-416d-84ea-00ba9c35465e,37,พรรคภูมิใจไทย,#3949AB,0,4,0.0
91f8ee0c-a5e9-44b8-8f59-d23448c36087,5,พันตำรวจเอกกำลาภ โตทองสุข,62,กำแพงเพชร,4,013c219e-e197-416d-84ea-00ba9c35465e,37,พรรคภูมิใจไทย,#3949AB,0,0,0.0
921caa53-6d3e-4fb4-8f52-2612c2663a5c,5,นายอครเดช ยังแสนภูม,47,สกลนคร,4,115da917-bf32-4e96-a2ae-b7818d0909ee,6,พรรครวมไทยสร้างชาติ,#FF6D00,0,0,0.0
923f582e-088d-4fe2-9ebf-290d3dd48085,5,นางสาวรัตนภรณ์ ณ นคร,81,กระบี่,2,1116011c-1ef3-4cca-a186-c1b9f7984ede,46,พรรคประชาชน,#F57C00,0,0,0.0
92a447e8-e77b-4091-b0d0-fbe26096fff7,5,นายกอเซ็ง แซมะซู,96,นราธิวาส,5,a62aca08-91b7-4f3f-ba8f-cb9e884a3799,42,พรรคกล้าธรรม,#5D4037,0,0,0.0
93f46d6c-cf93-4fe8-a161-fb9bfda9200f,5,นายถนอม อ่อนเกตุพล,10,กรุงเทพมหานคร,15,013c219e-e197-416d-84ea-00ba9c35465e,37,พรรคภูมิใจไทย,#3949AB,0,0,0.0
93f64188-431e-41bd-9f5a-ba3f97933a06,5,นายสมมาตร มะลิลา,34,อุบลราชธานี,11,a62aca08-91b7-4f3f-ba8f-cb9e884a3799,42,พรรคกล้าธรรม,#5D4037,0,0,0.0
94e24404-83eb-4c22-862e-0ec87ad3b231,5,นายมังกร ศิริศรีโพธิ์,10,กรุงเทพมหานคร,17,cb1b6cf2-41fa-49b1-a060-01acf13edc81,48,พรรคไทยสร้างไทย,#00ACC1,0,0,0.0
961ebdc7-e2c0-48b2-8acf-171f90070133,5,นายสกุลชัย สุภิมารส,30,นครราชสีมา,1,a62aca08-91b7-4f3f-ba8f-cb9e884a3799,42,พรรคกล้าธรรม,#5D4037,0,0,0.0
96a41b02-c6ab-4370-bb5d-3428aa8acae3,5,นายวศุธน เรืองขนาบ,84,สุราษฎร์ธานี,7,2d8a1c84-0bc8-4377-965d-c020a0097c27,9,พรรคเพื่อไทย,#E4002B,0,0,0.0
96c0f03f-9afe-4b88-9720-3781c889b303,5,นายอรรถสิทธิ์ ต๊ะทองคำ,63,ตาก,3,013c219e-e197-416d-84ea-00ba9c35465e,37,พรรคภูมิใจไทย,#3949AB,0,0,0.0
987e4d77-54fe-4042-a1a5-e30689d8cd76,5,นายราชิต สุดพุ่ม,80,นครศรีธรรมราช,1,013c219e-e197-416d-84ea-00ba9c35465e,37,พรรคภูมิใจไทย,#3949AB,0,0,0.0
998bcb32-afa7-4537-b0d1-7aa29d480dcf,5,นายเสกสรรค์ กอคูณ,34,อุบลราชธานี,8,0c044088-618b-49af-a291-fb28ffe9e0f8,11,พรรคเศรษฐกิจ,#FFA000,0,0,0.0
9a5fb790-49dc-4a0c-84b0-ffcc7756be67,5,นายเชวงศักดิ์ เร่งไพบูลย์วงษ์,36,ชัยภูมิ,6,013c219e-e197-416d-84ea-00ba9c35465e,37,พรรคภูมิใจไทย,#3949AB,0,0,0.0
9b0c8d9f-0395-4c3f-89e2-36f2f407bbf5,5,นายศิระ พันธ์ทอง,34,อุบลราชธานี,6,1116011c-1ef3-4cca-a186-c1b9f7984ede,46,พรรคประชาชน,#F57C00,0,0,0.0
9b37c230-ff4b-4303-833f-b9eac637b1ea,5,นางสาวภัทรสุดา บุษรานันท์,15,อ่างทอง,1,d7155f6d-736d-42c0-8bc0-00ee6e1970dc,27,พรรคประชาธิปัตย์,#0066B3,0,0,0.0
9bb4d0e6-a7cb-4989-b12b-4b742e7b7bf5,5,นายอดิศักดิ์ แก้วมุงคุณทรัพย์,41,อุดรธานี,6,013c219e-e197-416d-84ea-00ba9c35465e,37,พรรคภูมิใจไทย,#3949AB,0,0,0.0
9bbc370f-3c90-4310-ac73-47cb5a5027b0,5,นายอัศพงษ์ บูรณวงศ์,20,ชลบุรี,1,0c044088-618b-49af-a291-fb28ffe9e0f8,11,พรรคเศรษฐกิจ,#FFA000,0,0,0.0
9cf83dd7-8116-4640-852d-6852f95a5ec2,5,นายสมภพ จันทร์ทอง,73,นครปฐม,5,d7155f6d-736d-42c0-8bc0-00ee6e1970dc,27,พรรคประชาธิปัตย์,#0066B3,0,0,0.0
9e517095-7ffe-494e-a73d-b0374e4ef922,5,นายชัยณรงค์ ธีรการุณวงศ์,10,กรุงเทพมหานคร,26,115da917-bf32-4e96-a2ae-b7818d0909ee,6,พรรครวมไทยสร้างชาติ,#FF6D00,0,0,0.0
9e9a2c79-1ad4-4ba1-aaf5-d604dd214955,5,นายราชภูมิ ภูยี่หวา,38,บึงกาฬ,2,1116011c-1ef3-4cca-a186-c1b9f7984ede,46,พรรคประชาชน,#F57C00,0,0,0.0
9f33d664-e0c9-43a4-aa1e-1e2f4e0fe3f1,5,นายกันต์กวี ทับสุวรรณ,74,สมุทรสาคร,2,a62aca08-91b7-4f3f-ba8f-cb9e884a3799,42,พรรคกล้าธรรม,#5D4037,0,0,0.0
9ff86b25-b3e5-4c16-9355-df3dec6e1b41,5,นางสาวเบญญา มุ่งเจริญพร,32,สุรินทร์,1,013c219e-e197-416d-84ea-00ba9c35465e,37,พรรคภูมิใจไทย,#3949AB,0,0,0.0
a16d2d04-fbb7-4483-b740-1dda61c02ea4,5,นายพายุ เนื่องจำนงค์,20,ชลบุรี,3,2d8a1c84-0bc8-4377-965d-c020a0097c27,9,พรรคเพื่อไทย,#E4002B,0,0,0.0
a3439435-aa48-49a9-97ad-abf51e97c318,5,นายศักดิ์ชัย ณรงค์หนู,24,ฉะเชิงเทรา,3,03347cbc-6089-474c-a3f6-484ae981c9a6,43,พรรคพลังประชารัฐ,#1565C0,0,0,0.0
a3e27427-9c8a-4b4d-b310-a8f500ee46a8,5,นายวัชรพงศ์ คูวิจิตรสุวรรณ,19,สระบุรี,3,013c219e-e197-416d-84ea-00ba9c35465e,37,พรรคภูมิใจไทย,#3949AB,0,0,0.0
a42ff596-2cee-46f3-aab5-dc2065bc648b,5,พลโทวีรากร ประกอบ,26,นครนายก,1,115da917-bf32-4e96-a2ae-b7818d0909ee,6,พรรครวมไทยสร้างชาติ,#FF6D00,0,0,0.0
a52626f7-6190-4e8e-982c-41c5eaaa0248,5,นายจุติ ไกรฤกษ์,65,พิษณุโลก,5,013c219e-e197-416d-84ea-00ba9c35465e,37,พรรคภูมิใจไทย,#3949AB,0,0,0.0
a552af97-287e-4869-8ac7-d4598dea9e54,5,นายธีรพงศ์ ดนสวี,90,สงขลา,8,d7155f6d-736d-42c0-8bc0-00ee6e1970dc,27,พรรคประชาธิปัตย์,#0066B3,0,0,0.0
a70ad15b-ac3c-4205-b353-587408961641,5,นายสมชาย หวังสวัสดิ์,26,นครนายก,2,03347cbc-6089-474c-a3f6-484ae981c9a6,43,พรรคพลังประชารัฐ,#1565C0,0,0,0.0
a7587ed7-27d8-4f27-a394-dd12733dadf6,5,นายเทิดศักดิ์ แพงสาร,48,นครพนม,1,1116011c-1ef3-4cca-a186-c1b9f7984ede,46,พรรคประชาชน,#F57C00,0,0,0.0
a9c50e03-aa87-458f-83cc-1c2ecf6d154f,5,นายมาร์ค ปาทาน,30,นครราชสีมา,16,1116011c-1ef3-4cca-a186-c1b9f7984ede,46,พรรคประชาชน,#F57C00,0,0,0.0
aa1a35a2-54ad-4136-8b0d-551591dae9f4,5,นางสาวทศพร จันทร์ศรี,43,หนองคาย,2,1116011c-1ef3-4cca-a186-c1b9f7984ede,46,พรรคประชาชน,#F57C00,0,0,0.0
aaa40e72-6837-47da-a43d-c60f4d15d8a0,5,นายศุรุท เกษมณีภูรเดช,10,กรุงเทพมหานคร,13,2ee17641-917b-4ea0-8c19-da383e03e915,44,พรรคโอกาสใหม่,#26C6DA,0,13,0.0
ab49f4c0-dc4d-49ae-b2b0-cf9da9f97af7,5,นายศุทธสิทธิ์ พจน์ฐศักดิ์,30,นครราชสีมา,3,1116011c-1ef3-4cca-a186-c1b9f7984ede,46,พรรคประชาชน,#F57C00,0,0,0.0
ab4fbbb9-71e3-4296-890f-e76d9600a235,5,นางสาวถปนัท ชาติไทย,70,ราชบุรี,2,d7155f6d-736d-42c0-8bc0-00ee6e1970dc,27,พรรคประชาธิปัตย์,#0066B3,0,0,0.0
ac106e66-4dbe-4942-946e-2fb584377883,5,นายปวริศฐ์ ปิยศรีขจรศิริ,14,พระนครศรีอยุธยา,4,115da917-bf32-4e96-a2ae-b7818d0909ee,6,พรรครวมไทยสร้างชาติ,#FF6D00,0,0,0.0
ad27b452-3fe7-4f5e-9693-6350379a6795,5,ร้อยตำรวจตรีสมศักดิ์ แสงประดับ,90,สงขลา,1,965b4b93-c01e-4a2b-a987-577f2b99ebb4,49,พรรคไทยก้าวใหม่,#1E88E5,0,0,0.0
ad41de70-d95e-4a12-a044-50c4d1467c55,5,นายภาณุพงศ์ ทรงวัชราภรณ์,12,นนทบุรี,2,2d8a1c84-0bc8-4377-965d-c020a0097c27,9,พรรคเพื่อไทย,#E4002B,0,0,0.0
adbfb08a-ebdd-4b6c-a1f9-960938c260f5,5,นางศรีพรรณ์ เขียวทอง,50,เชียงใหม่,2,30f1cea0-4fc2-4fcf-86f0-96000cf188b5,22,พรรคก้าวอิสระ,#7B1FA2,0,0,0.0
ade8e4bd-d6fd-4aa7-8b34-8af9bd126396,5,นายสุชาติ ลายน้ำเงิน,16,ลพบุรี,3,03347cbc-6089-474c-a3f6-484ae981c9a6,43,พรรคพลังประชารัฐ,#1565C0,0,0,0.0
ae33a73e-be2a-42bd-b857-bca5e266a9a6,5,นายเศวตโชติ ตันติกุล,30,นครราชสีมา,9,1116011c-1ef3-4cca-a186-c1b9f7984ede,46,พรรคประชาชน,#F57C00,0,0,0.0
ae8dc5aa-6825-4a9f-8874-9b323df7fffe,5,นายรักชาติ กิริวัฒนศักดิ์,30,นครราชสีมา,4,013c219e-e197-416d-84ea-00ba9c35465e,37,พรรคภูมิใจไทย,#3949AB,0,0,0.0
b02f20a6-48c8-40d5-9cfc-cf29c8187c1b,5,นายซาการียา สะอิ,96,นราธิวาส,4,013c219e-e197-416d-84ea-00ba9c35465e,37,พรรคภูมิใจไทย,#3949AB,0,0,0.0
b1653da1-eab1-4a7b-bd3c-2a7e58cfe2fb,5,นายมนตรี ตั้งเจริญถาวร,12,นนทบุรี,4,2d8a1c84-0bc8-4377-965d-c020a0097c27,9,พรรคเพื่อไทย,#E4002B,0,0,0.0
b1adab25-a64a-451c-8f3a-b7bb06aa22fa,5,นายธนกร นานวน,32,สุรินทร์,6,1116011c-1ef3-4cca-a186-c1b9f7984ede,46,พรรคประชาชน,#F57C00,0,0,0.0
b2a8bb00-c99a-4629-80ee-a98c98acf713,5,นายนิธินันท์ ธนัทภพวรานนท์,33,ศรีสะเกษ,6,a62aca08-91b7-4f3f-ba8f-cb9e884a3799,42,พรรคกล้าธรรม,#5D4037,0,0,0.0
b3318db9-b899-47e2-830c-b0b636dcc0eb,5,นายทรงศักดิ์ ส่งเสริมอุดมชัย,60,นครสวรรค์,2,2d8a1c84-0bc8-4377-965d-c020a0097c27,9,พรรคเพื่อไทย,#E4002B,0,0,0.0
b390484f-2636-46c2-a7d7-c98890ae033d,5,นางสาวสุชาดา แทนทรัพย์,36,ชัยภูมิ,4,013c219e-e197-416d-84ea-00ba9c35465e,37,พรรคภูมิใจไทย,#3949AB,0,0,0.0
b3afaf43-94e6-422f-9c1f-99d356deb46e,5,นางสาวพิมพฤดา ตันจรารักษ์,14,พระนครศรีอยุธยา,3,013c219e-e197-416d-84ea-00ba9c35465e,37,พรรคภูมิใจไทย,#3949AB,0,0,0.0
b3b62882-7052-4d28-bdf0-76dd8c77f946,5,นางสาวณภัชชา ศิลปะรายะ,47,สกลนคร,2,013c219e-e197-416d-84ea-00ba9c35465e,37,พรรคภูมิใจไทย,#3949AB,0,0,0.0
b453537e-eadf-4102-9bdd-a0136105af0f,5,นายสมชาติ สมนาม,83,ภูเก็ต,2,d7155f6d-736d-42c0-8bc0-00ee6e1970dc,27,พรรคประชาธิปัตย์,#0066B3,0,0,0.0
b49af795-5e81-479d-ae77-d4e4d9ed4aef,5,นางสาวภัทรฤทัย วรปัญญา,16,ลพบุรี,1,339fa187-133c-4766-a6c2-36d1b32cda8f,23,พรรคปวงชนไทย,#827717,0,0,0.0
b4ad91a3-c49e-415d-869f-5ff012dfea9d,5,นายกิตติพันธ์ ปฐมชัยเกียรติ,42,เลย,3,d7155f6d-736d-42c0-8bc0-00ee6e1970dc,27,พรรคประชาธิปัตย์,#0066B3,0,0,0.0
b4c1c364-7816-47b0-a755-8efae9e23dc9,5,นายเสรภณ การสมพรต,14,พระนครศรีอยุธยา,5,cb1b6cf2-41fa-49b1-a060-01acf13edc81,48,พรรคไทยสร้างไทย,#00ACC1,0,0,0.0
b56adc23-2e6c-4678-a554-5ff8668b97e2,5,นายรัฐภูมิ เลิศไพจิตร,67,เพชรบูรณ์,1,1116011c-1ef3-4cca-a186-c1b9f7984ede,46,พรรคประชาชน,#F57C00,0,0,0.0
b6e1ab67-e4c3-4ee6-ae80-181e49418d8f,5,นายชัยพร จันทนา,13,ปทุมธานี,3,115da917-bf32-4e96-a2ae-b7818d0909ee,6,พรรครวมไทยสร้างชาติ,#FF6D00,0,0,0.0
b6f900fa-9e79-4ce3-95c9-10f1670a6ca1,5,นายบุญธรรม เจริญกล้า,22,จันทบุรี,2,a62aca08-91b7-4f3f-ba8f-cb9e884a3799,42,พรรคกล้าธรรม,#5D4037,0,0,0.0
b73f0c4a-3ef8-41b9-8f86-91c3178099f8,5,นายสราวุธ หาญเมืองใจ,63,ตาก,2,d7155f6d-736d-42c0-8bc0-00ee6e1970dc,27,พรรคประชาธิปัตย์,#0066B3,0,0,0.0
b7698aa8-21e7-4847-8340-1488e527d4c3,5,นายสัญญา นิลสุพรรณ,60,นครสวรรค์,3,a62aca08-91b7-4f3f-ba8f-cb9e884a3799,42,พรรคกล้าธรรม,#5D4037,0,0,0.0
b79a633d-382f-43e5-b2c1-4aed1214891b,5,นายเชิดศักดิ์ โภคกุลกานนท์,34,อุบลราชธานี,7,2d8a1c84-0bc8-4377-965d-c020a0097c27,9,พรรคเพื่อไทย,#E4002B,0,0,0.0
b8b8d057-e468-4cba-9d78-0af6f944f24a,5,นางสาววนิดา พรหมชาติ,47,สกลนคร,7,a62aca08-91b7-4f3f-ba8f-cb9e884a3799,42,พรรคกล้าธรรม,#5D4037,0,0,0.0
b97776af-777e-4bae-9e8d-4cc6bb59b2c6,5,ร้อยเอกจองชัย วงศ์ทรายทอง,20,ชลบุรี,2,d7155f6d-736d-42c0-8bc0-00ee6e1970dc,27,พรรคประชาธิปัตย์,#0066B3,0,0,0.0
bc117236-1012-4708-848b-8992aef7feff,5,นายรุ่งโรจน์ วรชมพู,30,นครราชสีมา,2,d7155f6d-736d-42c0-8bc0-00ee6e1970dc,27,พรรคประชาธิปัตย์,#0066B3,0,0,0.0
bc27a95b-cf2d-454b-a5ca-e6d906a0d485,5,นางพรรณพร สีใหม่,54,แพร่,3,d7155f6d-736d-42c0-8bc0-00ee6e1970dc,27,พรรคประชาธิปัตย์,#0066B3,0,0,0.0
bcdaf4ce-a533-45cc-83c3-7cb0580bfdac,5,นายชวลิต ทองเพียร,11,สมุทรปราการ,8,0c044088-618b-49af-a291-fb28ffe9e0f8,11,พรรคเศรษฐกิจ,#FFA000,0,0,0.0
be13ac9d-5476-4cdc-a4dd-f7f07649040b,5,นายศิราวัฒน์ น้อยวงศ์,65,พิษณุโลก,3,a62aca08-91b7-4f3f-ba8f-cb9e884a3799,42,พรรคกล้าธรรม,#5D4037,0,0,0.0
c035041f-2ac9-434c-a566-826e55485618,5,นายนิกร จันทร์หอม,57,เชียงราย,5,115da917-bf32-4e96-a2ae-b7818d0909ee,6,พรรครวมไทยสร้างชาติ,#FF6D00,0,0,0.0
c0d0a1df-448c-4e5f-b2bd-38e1cfd67005,5,นายการุณย์ คูเจริญชัยกุล,50,เชียงใหม่,7,a62aca08-91b7-4f3f-ba8f-cb9e884a3799,42,พรรคกล้าธรรม,#5D4037,0,0,0.0
c11c8911-c04a-4aa0-8491-a7a4b952cb84,5,นางญาณีนาถ เข็มนาค,37,อำนาจเจริญ,2,013c219e-e197-416d-84ea-00ba9c35465e,37,พรรคภูมิใจไทย,#3949AB,0,0,0.0
c162e10f-d5a9-4962-8277-66c3f791d3df,5,นายณัฐพงษ์ สุมโนธรรม,74,สมุทรสาคร,1,1116011c-1ef3-4cca-a186-c1b9f7984ede,46,พรรคประชาชน,#F57C00,0,0,0.0
c297fe19-5c9e-4fd3-a5c8-c5932a60c41d,5,นายดาชัย เอกปฐพี,52,ลำปาง,2,a62aca08-91b7-4f3f-ba8f-cb9e884a3799,42,พรรคกล้าธรรม,#5D4037,0,0,0.0
c49ce55f-d758-44f8-a4e6-e09d7dfc26d9,5,นายเสกสรรค์ คันทะมูล,55,น่าน,1,d7155f6d-736d-42c0-8bc0-00ee6e1970dc,27,พรรคประชาธิปัตย์,#0066B3,0,0,0.0
c5cf0015-9ff9-4fd5-9fe4-310a061b5bd4,5,นายราเชน ศิริวงค์นาค,11,สมุทรปราการ,1,d7155f6d-736d-42c0-8bc0-00ee6e1970dc,27,พรรคประชาธิปัตย์,#0066B3,0,0,0.0
c6c4f980-8026-479c-aabb-f9f6f47e23c7,5,นายประยงค์ สดมุ้ย,48,นครพนม,2,0c044088-618b-49af-a291-fb28ffe9e0f8,11,พรรคเศรษฐกิจ,#FFA000,0,0,0.0
c7af89f5-3647-4f4e-900e-d053813fa9b4,5,ว่าที่พันตรีพงษ์เพชร ปรีดิวิสุทธิ์,71,กาญจนบุรี,4,d7155f6d-736d-42c0-8bc0-00ee6e1970dc,27,พรรคประชาธิปัตย์,#0066B3,0,0,0.0
c975325f-7585-4fea-b6ac-4a3310c7fe79,5,ร้อยตำรวจตรีเรืองชัย สมบัติภูธร,21,ระยอง,2,965b4b93-c01e-4a2b-a987-577f2b99ebb4,49,พรรคไทยก้าวใหม่,#1E88E5,0,0,0.0
ca3309e7-eac8-40de-8672-43603b6516a0,5,นายกิตติวุฒิ สัมพันธ์สกุล,93,พัทลุง,1,1116011c-1ef3-4cca-a186-c1b9f7984ede,46,พรรคประชาชน,#F57C00,0,0,0.0
cb374b3c-71fe-48e2-9cce-e4a2647dc1c0,5,นายวรวิทย์ ต๊ะกาบโค,33,ศรีสะเกษ,9,d1964fe3-2dd0-43d5-a190-77fbfaf586b2,8,พรรคประชาธิปไตยใหม่,#1976D2,0,0,0.0
cc2a9610-ae60-42bf-8db9-37e1568487c1,5,นายบดินทร์ กาโฮง,95,ยะลา,3,d7155f6d-736d-42c0-8bc0-00ee6e1970dc,27,พรรคประชาธิปัตย์,#0066B3,0,0,0.0
cd504ad9-cf3a-4cc7-9d2f-2fb1bb93df78,5,นายชัยณรงค์ สืบสุรีย์กุล,67,เพชรบูรณ์,3,a62aca08-91b7-4f3f-ba8f-cb9e884a3799,42,พรรคกล้าธรรม,#5D4037,0,0,0.0
ce94513f-1b6d-47b0-b73b-3de15492e693,5,นายประภาส เนื่องแก้ว,44,มหาสารคาม,5,965b4b93-c01e-4a2b-a987-577f2b99ebb4,49,พรรคไทยก้าวใหม่,#1E88E5,0,0,0.0
cf72f317-0016-4f74-bdcc-9d98a3e4b19c,5,พันตำรวจเอกมงคล สุนทรวิภาต,72,สุพรรณบุรี,3,1116011c-1ef3-4cca-a186-c1b9f7984ede,46,พรรคประชาชน,#F57C00,0,0,0.0
cfc26592-d933-42ad-a0d3-7276972a0e02,5,นายณพมิตร อภิษฎารัตน์,10,กรุงเทพมหานคร,33,2ee17641-917b-4ea0-8c19-da383e03e915,44,พรรคโอกาสใหม่,#26C6DA,0,0,0.0
d0157059-0a4e-4f03-b324-a55035ca3a48,5,นายสักเดช สว่างไสว,23,ตราด,1,2d8a1c84-0bc8-4377-965d-c020a0097c27,9,พรรคเพื่อไทย,#E4002B,0,0,0.0
d04ef365-8949-43e0-ad2c-080c8a4cae86,5,นายดุสิต พันธุ์เสือ,11,สมุทรปราการ,2,d7155f6d-736d-42c0-8bc0-00ee6e1970dc,27,พรรคประชาธิปัตย์,#0066B3,0,0,0.0
d09fe1d5-2710-46ad-9baf-632d91d38b6b,5,นายอัษฎาวุธ จิตตคุตตานนท์,73,นครปฐม,3,a62aca08-91b7-4f3f-ba8f-cb9e884a3799,42,พรรคกล้าธรรม,#5D4037,0,0,0.0
d2d90863-b22c-47ed-bb49-20ab5699f916,5,นายทรงพล ทะรารัมย์,31,บุรีรัมย์,3,2d8a1c84-0bc8-4377-965d-c020a0097c27,9,พรรคเพื่อไทย,#E4002B,0,0,0.0
d3012ee4-f395-4899-9094-260df92fd6c1,5,นางเทียบจุฑา ขาวขำ,41,อุดรธานี,10,2d8a1c84-0bc8-4377-965d-c020a0097c27,9,พรรคเพื่อไทย,#E4002B,0,0,0.0
d3468ccd-2d49-4d0f-89ba-1fcea69895ce,5,นายอิทธิพล จังสิริมงคล,22,จันทบุรี,1,d7155f6d-736d-42c0-8bc0-00ee6e1970dc,27,พรรคประชาธิปัตย์,#0066B3,0,0,0.0
d35bd243-7dec-405f-b989-b63d50dcb186,5,นายคริษฐ์ ปานเนียม,63,ตาก,1,1116011c-1ef3-4cca-a186-c1b9f7984ede,46,พรรคประชาชน,#F57C00,0,0,0.0
d4fb4ac7-b383-4502-bb3a-0de9c1ddd989,5,นายชาญวิทย์ หมาดโสะ,93,พัทลุง,3,2d8a1c84-0bc8-4377-965d-c020a0097c27,9,พรรคเพื่อไทย,#E4002B,0,0,0.0
d522b525-fb04-4ffe-bd7b-6dc134b16905,5,นายชัยวุฒิ เอี่ยมรัศมีกุล,45,ร้อยเอ็ด,5,013c219e-e197-416d-84ea-00ba9c35465e,37,พรรคภูมิใจไทย,#3949AB,0,0,0.0
d53a2695-6734-4e7e-9596-e5e6b4ca8310,5,นายณรงค์ชัย วีระกุล,34,อุบลราชธานี,2,e3ad415e-cb0c-4922-adb3-4624e857d801,21,พรรคไทรวมพลัง,#E65100,0,0,0.0
d5776c45-8da1-4f2b-bcc2-7284d8af9331,5,นางสาวณัฐธยาน์ สิงห์คำนาราภูมิ,10,กรุงเทพมหานคร,12,7ffe2115-72d1-4d71-9962-03ff61afc67c,31,พรรคประชากรไทย,#00695C,0,0,0.0
d5cd0643-5ea7-49ef-a896-f494e7fd1b4f,5,นายสุรพล เต็มสวัสดิ์,56,พะเยา,3,d7155f6d-736d-42c0-8bc0-00ee6e1970dc,27,พรรคประชาธิปัตย์,#0066B3,0,0,0.0
d5f5b298-3a60-4c6b-a73a-4eee264dc0d4,5,นายณัฐกานต์ อภิสิทธิ์วัฒนกุล,11,สมุทรปราการ,6,965b4b93-c01e-4a2b-a987-577f2b99ebb4,49,พรรคไทยก้าวใหม่,#1E88E5,0,0,0.0
d715270c-58a1-4a63-98f8-9d3cf8a33d80,5,นางสาวธนัญภัทร์ ชัญเจริญทรัพย์,25,ปราจีนบุรี,3,f9cadd57-8256-49aa-9386-0da392b19fc2,29,พรรคไทยภักดี,#D32F2F,0,0,0.0
d766e954-33ad-48bd-b001-0dc55654eba0,5,นายอริยะมรรค จันทนุภา,32,สุรินทร์,7,a62aca08-91b7-4f3f-ba8f-cb9e884a3799,42,พรรคกล้าธรรม,#5D4037,0,0,0.0
d7d1c4c6-e68a-4222-98c8-7d3ba1f08e22,5,นายสมบัติ ยะสินธุ์,58,แม่ฮ่องสอน,2,013c219e-e197-416d-84ea-00ba9c35465e,37,พรรคภูมิใจไทย,#3949AB,0,0,0.0
d80c6155-0923-4a3d-a864-f28d37005fdf,5,นายชัยวัฒน์ มูลแก้ว,39,หนองบัวลำภู,2,115da917-bf32-4e96-a2ae-b7818d0909ee,6,พรรครวมไทยสร้างชาติ,#FF6D00,0,0,0.0
d9305b89-8ee4-4749-a5c0-c4defbfe2aa0,5,นายอาณัติ วงค์สถาน,53,อุตรดิตถ์,1,d7155f6d-736d-42c0-8bc0-00ee6e1970dc,27,พรรคประชาธิปัตย์,#0066B3,0,0,0.0
d9b8182c-e0fa-4fea-94c9-4294540db9e1,5,นายวีร์ธนากฤต โพธิ์สุวรรณ,74,สมุทรสาคร,3,0c044088-618b-49af-a291-fb28ffe9e0f8,11,พรรคเศรษฐกิจ,#FFA000,0,0,0.0
dab07d7d-d0b6-41a8-942c-71c8f1b72c5d,5,นายณัทพัช อัคฮาด,10,กรุงเทพมหานคร,21,bd8d9f14-f757-41fb-8f37-d6128d9d012d,7,พรรคพลวัต,#EF6C00,0,0,0.0
dad367fe-4ea7-406f-93ce-76aa0021af71,5,นายเฉลา บดีรัฐ,65,พิษณุโลก,4,d7155f6d-736d-42c0-8bc0-00ee6e1970dc,27,พรรคประชาธิปัตย์,#0066B3,0,0,0.0
db572007-0f16-42a5-a926-b48cbacb7da2,5,นายสมเจตน์ ลิมปะพันธุ์,64,สุโขทัย,4,013c219e-e197-416d-84ea-00ba9c35465e,37,พรรคภูมิใจไทย,#3949AB,0,0,0.0
dbfb034b-4737-47b5-bea4-fd09cf66eecb,5,นายอดิศร แก้วเล็ก,51,ลำพูน,2,2ee17641-917b-4ea0-8c19-da383e03e915,44,พรรคโอกาสใหม่,#26C6DA,0,0,0.0
dcede9b5-cf0d-46d8-94fe-a310b017fd0f,5,นายอิทธิพล ชลธราศิริ,40,ขอนแก่น,2,1116011c-1ef3-4cca-a186-c1b9f7984ede,46,พรรคประชาชน,#F57C00,0,8,0.0
dd15a04a-78d3-4b79-8e18-35a069891140,5,นายจีระศักดิ์ น้อยก่ำ,42,เลย,2,03347cbc-6089-474c-a3f6-484ae981c9a6,43,พรรคพลังประชารัฐ,#1565C0,0,0,0.0
de36170d-a2ab-49eb-b374-35def8071ad1,5,นางกฤตลดาณัช เศิกศิริ,35,ยโสธร,3,d7155f6d-736d-42c0-8bc0-00ee6e1970dc,27,พรรคประชาธิปัตย์,#0066B3,0,0,0.0
df9e6fae-c89f-4bcd-a8c7-89d1fe280d91,5,นายประยูร อรัญญิก,12,นนทบุรี,5,013c219e-e197-416d-84ea-00ba9c35465e,37,พรรคภูมิใจไทย,#3949AB,0,0,0.0
e01f5ab0-18e6-4550-9b82-af9f8da14e0e,5,นายสมเกียรติ ทรงสวัสดิ์,80,นครศรีธรรมราช,6,a62aca08-91b7-4f3f-ba8f-cb9e884a3799,42,พรรคกล้าธรรม,#5D4037,0,0,0.0
e151e565-1522-4bf2-996f-3005934d0e2d,5,นายอัฏฐพล สิทธิชัยอารีกิจ,10,กรุงเทพมหานคร,16,115da917-bf32-4e96-a2ae-b7818d0909ee,6,พรรครวมไทยสร้างชาติ,#FF6D00,0,0,0.0
e2118249-779d-4056-8fa0-8a4aa1778559,5,นายสราวุธ อ่อนละมัย,86,ชุมพร,2,d7155f6d-736d-42c0-8bc0-00ee6e1970dc,27,พรรคประชาธิปัตย์,#0066B3,0,0,0.0
e26ca2e3-173c-480e-816d-693b37bd8e95,5,นายบรม เอ่งฉ้วน,47,สกลนคร,6,013c219e-e197-416d-84ea-00ba9c35465e,37,พรรคภูมิใจไทย,#3949AB,0,0,0.0
e27d3a83-36c6-443e-a90b-b60372b66a37,5,นายนฤพล นิยมทรัพย์,20,ชลบุรี,7,2d8a1c84-0bc8-4377-965d-c020a0097c27,9,พรรคเพื่อไทย,#E4002B,0,0,0.0
e2c8c17e-a04b-465c-875a-45c4b9b10e0c,5,นายวารุจ ศิริวัฒน์,53,อุตรดิตถ์,2,2d8a1c84-0bc8-4377-965d-c020a0097c27,9,พรรคเพื่อไทย,#E4002B,0,0,0.0
e2ebc827-948d-4507-bea0-66883379265f,5,ดร.นัฏทีธร จักรแก้ว,11,สมุทรปราการ,3,0c044088-618b-49af-a291-fb28ffe9e0f8,11,พรรคเศรษฐกิจ,#FFA000,0,0,0.0
e2f63c1f-c212-4f28-bbda-1836b1cd7617,5,นายกิตติศักดิ์ บุญพิทักษ์วุฒิ,10,กรุงเทพมหานคร,14,bd8d9f14-f757-41fb-8f37-d6128d9d012d,7,พรรคพลวัต,#EF6C00,0,0,0.0
e3fa51d8-09e2-4623-b2f8-75e83390a72e,5,นายอนุชา เจริญรักษ์,36,ชัยภูมิ,1,30f1cea0-4fc2-4fcf-86f0-96000cf188b5,22,พรรคก้าวอิสระ,#7B1FA2,0,0,0.0
e4886140-8ca4-4e8a-80d9-2c9f9d683ac4,5,นายสมปอง เกตุดอน,30,นครราชสีมา,12,0c044088-618b-49af-a291-fb28ffe9e0f8,11,พรรคเศรษฐกิจ,#FFA000,0,0,0.0
e4a28ada-b2b5-4fd4-b05f-d9de2fd01be2,5,นายธนภูมิ วงศ์บุณยกรชัย,50,เชียงใหม่,5,a62aca08-91b7-4f3f-ba8f-cb9e884a3799,42,พรรคกล้าธรรม,#5D4037,0,0,0.0
e5db20d8-c0bd-4832-b025-d47caf4eed5e,5,นายปณิธิ บวรวนิชยกูร,10,กรุงเทพมหานคร,5,54706125-9661-467d-a8af-78994d14b116,35,พรรครักชาติ,#B71C1C,0,0,0.0
e5fd4575-37f8-4323-9387-97ae3775deba,5,นางสาวอัจฉรา วงศ์สุทธิวัตร,92,ตรัง,1,965b4b93-c01e-4a2b-a987-577f2b99ebb4,49,พรรคไทยก้าวใหม่,#1E88E5,0,0,0.0
e61f8e3c-e8ac-4b11-8888-4b3eea9a78af,5,นางสาวบุญยรัตน์ อาษาศึก,45,ร้อยเอ็ด,2,115da917-bf32-4e96-a2ae-b7818d0909ee,6,พรรครวมไทยสร้างชาติ,#FF6D00,0,0,0.0
e66d0584-9d6e-487a-9760-c93e577ac117,5,นายพัฒนพงศ์ แก้วแสงใส,45,ร้อยเอ็ด,8,bd8d9f14-f757-41fb-8f37-d6128d9d012d,7,พรรคพลวัต,#EF6C00,0,0,0.0
e9f9bfc7-9e70-412e-ada5-cf9761a8f5be,5,นายไอใจ ปู่หมื่อ,57,เชียงราย,1,d7155f6d-736d-42c0-8bc0-00ee6e1970dc,27,พรรคประชาธิปัตย์,#0066B3,0,0,0.0
ecd4e6c0-b410-4d67-9457-61694dd7e701,5,นายประยูร อินสกุล,72,สุพรรณบุรี,1,2d8a1c84-0bc8-4377-965d-c020a0097c27,9,พรรคเพื่อไทย,#E4002B,0,0,0.0
ecd60cd3-6965-43d5-91ad-1466c2977b80,5,นายตวงภัทร ตีรสวัสดิชัย,47,สกลนคร,1,2d8a1c84-0bc8-4377-965d-c020a0097c27,9,พรรคเพื่อไทย,#E4002B,0,0,0.0
ecf11120-6eda-4d00-a9a6-b6c5cc266dc8,5,ร้อยตำรวจโทสมพงษ์ พันธุ์ศรี,31,บุรีรัมย์,6,339fa187-133c-4766-a6c2-36d1b32cda8f,23,พรรคปวงชนไทย,#827717,0,0,0.0
ee9a92e1-8912-4de2-8e26-6b4a70eeb3c1,5,นายวรโชติ จี้เรือน,50,เชียงใหม่,6,013c219e-e197-416d-84ea-00ba9c35465e,37,พรรคภูมิใจไทย,#3949AB,0,0,0.0
eeb01220-9241-40d6-8f2d-ea848332cc5c,5,นายสุพจน์ นาคู,20,ชลบุรี,5,0c044088-618b-49af-a291-fb28ffe9e0f8,11,พรรคเศรษฐกิจ,#FFA000,0,0,0.0
eed345e8-6d59-47dd-afc9-73b31e91f4d8,5,นายอัครดิฏฐ์ คุณดิลกจิรายุ,73,นครปฐม,1,d7155f6d-736d-42c0-8bc0-00ee6e1970dc,27,พรรคประชาธิปัตย์,#0066B3,0,0,0.0
ef6c2ce2-28f6-445d-93e5-efe0181e89a2,5,นายเชาวลิตร แสงอุทัย,20,ชลบุรี,8,013c219e-e197-416d-84ea-00ba9c35465e,37,พรรคภูมิใจไทย,#3949AB,0,0,0.0
f252b524-4252-475d-80ad-cd87555e114d,5,นายปารเมศ วิทยารักษ์สรรค์,10,กรุงเทพมหานคร,1,1116011c-1ef3-4cca-a186-c1b9f7984ede,46,พรรคประชาชน,#F57C00,0,0,0.0
f3c00d04-43bd-4e5b-af9f-446a806ea947,5,นางสาวณัคนางค์ กุลนาถศิริ,64,สุโขทัย,1,2d8a1c84-0bc8-4377-965d-c020a0097c27,9,พรรคเพื่อไทย,#E4002B,0,0,0.0
f3e758ed-2a47-4d62-8152-e1a1255bd210,5,ดาบตำรวจบุญเหลือ แก่งสันเทียะ,40,ขอนแก่น,5,0c044088-618b-49af-a291-fb28ffe9e0f8,11,พรรคเศรษฐกิจ,#FFA000,0,0,0.0
f4f56e23-a206-4945-a1b8-dc0b5579e8d6,5,นายพลากร พิมพะนิตย์,46,กาฬสินธุ์,2,2d8a1c84-0bc8-4377-965d-c020a0097c27,9,พรรคเพื่อไทย,#E4002B,0,0,0.0
f55572fb-f4b9-406c-84ae-d9898cc37391,5,พลตำรวจโทไพศาล ลือสมบูรณ์,43,หนองคาย,1,013c219e-e197-416d-84ea-00ba9c35465e,37,พรรคภูมิใจไทย,#3949AB,0,0,0.0
f71e9ad8-1b70-4dc0-ad27-a7470627ff11,5,นายอุทัย หานนท์,40,ขอนแก่น,8,115da917-bf32-4e96-a2ae-b7818d0909ee,6,พรรครวมไทยสร้างชาติ,#FF6D00,0,0,0.0
f8b561ad-7015-48e7-942a-3cbbf65aff9e,5,นายชูชัย มุ่งเจริญพร,32,สุรินทร์,2,2d8a1c84-0bc8-4377-965d-c020a0097c27,9,พรรคเพื่อไทย,#E4002B,0,0,0.0
fa586103-89b6-4974-8d32-0153588a4735,5,นายยูนัยดี วาบา,94,ปัตตานี,4,a62aca08-91b7-4f3f-ba8f-cb9e884a3799,42,พรรคกล้าธรรม,#5D4037,0,0,0.0
fbfdb4a4-055d-47bb-b065-325eb44a1970,5,นายอรรถพล ไตรศรี,82,พังงา,1,013c219e-e197-416d-84ea-00ba9c35465e,37,พรรคภูมิใจไทย,#3949AB,0,0,0.0
fc6b583b-cd96-46db-b8aa-fd5f6f3a10f9,5,นายณัฐวัฒน์ กาฬหว้า,46,กาฬสินธุ์,6,bd8d9f14-f757-41fb-8f37-d6128d9d012d,7,พรรคพลวัต,#EF6C00,0,0,0.0
fcde9f85-17be-4385-a1dd-471e781f7dca,5,นายพนมชัย พันธุ์พุทธ,49,มุกดาหาร,1,a62aca08-91b7-4f3f-ba8f-cb9e884a3799,42,พรรคกล้าธรรม,#5D4037,0,0,0.0
fe22d97e-a20f-497f-b604-26f27c7a7fce,5,นายพิทักษ์ ภารา,81,กระบี่,1,0c044088-618b-49af-a291-fb28ffe9e0f8,11,พรรคเศรษฐกิจ,#FFA000,0,0,0.0
ff1fe3cf-d385-4cb1-ae96-fc2b1e7a0ffa,5,นายกิตติชัย เอ่งฉ้วน,81,กระบี่,3,013c219e-e197-416d-84ea-00ba9c35465e,37,พรรคภูมิใจไทย,#3949AB,0,0,0.0
ff7f1ff1-800d-41bd-92b9-e40511db8ee9,5,นายชาติบัญชา จำปาเจียม,57,เชียงราย,4,bd8d9f14-f757-41fb-8f37-d6128d9d012d,7,พรรคพลวัต,#EF6C00,0,0,0.0
00da31ae-e77b-48b8-9da2-a3180027a033,6,นายศุภสิทธิ์ เฮงไพบูลย์,46,กาฬสินธุ์,3,03347cbc-6089-474c-a3f6-484ae981c9a6,43,พรรคพลังประชารัฐ,#1565C0,0,0,0.0
01882384-cfce-4116-b30b-237cb0a1a8b0,6,นางสาวฉันทนา พุ่มพฤกษ์,65,พิษณุโลก,5,fc22ff6d-da02-4cb6-86a7-b768c78bc19a,15,พรรคอนาคตไทย,#FF7043,0,0,0.0
020643db-549f-4960-88fe-2e59d70f827b,6,นายกรณิศ บัวจันทร์,10,กรุงเทพมหานคร,2,2ee17641-917b-4ea0-8c19-da383e03e915,44,พรรคโอกาสใหม่,#26C6DA,0,0,0.0
023a711c-aaa9-4cb0-b28f-e516ca89d174,6,นายชาติชาย จันทร์สวย,41,อุดรธานี,10,d7155f6d-736d-42c0-8bc0-00ee6e1970dc,27,พรรคประชาธิปัตย์,#0066B3,0,0,0.0
036e3ef5-ea6c-41ea-99bb-f90b34e8ad81,6,นายต่อพงษ์ จีนใจน้ำ,31,บุรีรัมย์,9,2d8a1c84-0bc8-4377-965d-c020a0097c27,9,พรรคเพื่อไทย,#E4002B,0,0,0.0
037343f9-6f19-47a3-bb3a-66b84260fe91,6,นายธีระชัย แสนแก้ว,41,อุดรธานี,7,2d8a1c84-0bc8-4377-965d-c020a0097c27,9,พรรคเพื่อไทย,#E4002B,0,0,0.0
044d8685-d693-400c-90a3-46f13e3d5858,6,นายลุกมาน มูซอ,96,นราธิวาส,5,1116011c-1ef3-4cca-a186-c1b9f7984ede,46,พรรคประชาชน,#F57C00,0,0,0.0
05c0445a-beeb-456c-aeac-aa315a5f75af,6,นายภูมิ สวัสดี,10,กรุงเทพมหานคร,21,54706125-9661-467d-a8af-78994d14b116,35,พรรครักชาติ,#B71C1C,0,0,0.0
065291dc-ee1b-4b4c-944d-6e0b4b998d77,6,นายโดม ศรีศรุติกุล,33,ศรีสะเกษ,3,d1964fe3-2dd0-43d5-a190-77fbfaf586b2,8,พรรคประชาธิปไตยใหม่,#1976D2,0,0,0.0
06981715-4e6b-45e8-b6c1-68fa56ae4934,6,นายเจษฎา น้ำทรง,19,สระบุรี,4,2d8a1c84-0bc8-4377-965d-c020a0097c27,9,พรรคเพื่อไทย,#E4002B,0,0,0.0
07eba5fe-dd9a-43d1-8b86-d94f39f9c9a2,6,นายอารยะ โรจนวณิชชากร,20,ชลบุรี,4,d7155f6d-736d-42c0-8bc0-00ee6e1970dc,27,พรรคประชาธิปัตย์,#0066B3,0,0,0.0
085e2c6e-235d-45f3-8b51-208aa2320342,6,นายศิภาพัชร์ เทวางกูร,84,สุราษฎร์ธานี,5,1116011c-1ef3-4cca-a186-c1b9f7984ede,46,พรรคประชาชน,#F57C00,0,0,0.0
093f7142-1144-4e2b-99b1-b332a3c760f8,6,นางอรอุมา บุญศิริ,38,บึงกาฬ,2,a62aca08-91b7-4f3f-ba8f-cb9e884a3799,42,พรรคกล้าธรรม,#5D4037,0,0,0.0
0a460b8a-00a4-4d3d-8ab1-48e59f25efe6,6,นายนิธินันท์ อินทรโฆษิต,42,เลย,2,0c044088-618b-49af-a291-fb28ffe9e0f8,11,พรรคเศรษฐกิจ,#FFA000,0,0,0.0
0b18594e-a8ba-4a07-8465-f589ffc797cc,6,นายฤทธิรงค์ ภูมิสวัสดิ์,44,มหาสารคาม,1,013c219e-e197-416d-84ea-00ba9c35465e,37,พรรคภูมิใจไทย,#3949AB,0,0,0.0
0c359365-1663-458d-950e-8528487925de,6,นายนพดล อมรเวช,14,พระนครศรีอยุธยา,4,03347cbc-6089-474c-a3f6-484ae981c9a6,43,พรรคพลังประชารัฐ,#1565C0,0,0,0.0
0c537d56-9046-49e9-aca4-dd4fa6e6bc1e,6,นายปัญญา ไทยรัตนกุล,18,ชัยนาท,2,03347cbc-6089-474c-a3f6-484ae981c9a6,43,พรรคพลังประชารัฐ,#1565C0,0,0,0.0
0cc9a38f-afbc-43a6-beb4-57508548b9fc,6,นายนามบัญญัติ มะโรตระกูล,84,สุราษฎร์ธานี,4,1116011c-1ef3-4cca-a186-c1b9f7984ede,46,พรรคประชาชน,#F57C00,0,0,0.0
0d3db154-eba6-4d48-810d-dbba3092a4b4,6,นายฐาปกรณ์ เกิดพิทักษ์,24,ฉะเชิงเทรา,1,a62aca08-91b7-4f3f-ba8f-cb9e884a3799,42,พรรคกล้าธรรม,#5D4037,0,0,0.0
0d566c2d-6801-46e4-8a52-b5130800bb9a,6,นายพงษ์มนู ทองหนัก,65,พิษณุโลก,3,013c219e-e197-416d-84ea-00ba9c35465e,37,พรรคภูมิใจไทย,#3949AB,0,0,0.0
0df10527-d765-42bb-b01b-be8470598843,6,นายมานพ เพ็งชุม,90,สงขลา,2,a62aca08-91b7-4f3f-ba8f-cb9e884a3799,42,พรรคกล้าธรรม,#5D4037,0,0,0.0
0e45aa80-40db-463a-ae09-e0641a8a4e91,6,นางวาสนา ทองสุข,50,เชียงใหม่,5,013c219e-e197-416d-84ea-00ba9c35465e,37,พรรคภูมิใจไทย,#3949AB,0,0,0.0
0ea82413-312e-4e4a-8bf9-274dd4314677,6,นางทัศนีย์ ศรีถาพร,47,สกลนคร,7,339fa187-133c-4766-a6c2-36d1b32cda8f,23,พรรคปวงชนไทย,#827717,0,0,0.0
105fa52d-f311-403d-acf2-b6ba61113ffa,6,นายธนากร จำปาหอม,41,อุดรธานี,2,1116011c-1ef3-4cca-a186-c1b9f7984ede,46,พรรคประชาชน,#F57C00,0,0,0.0
1194abef-e772-4bb9-be2a-2527cc932fcb,6,นายสุพล ฟองงาม,34,อุบลราชธานี,4,a62aca08-91b7-4f3f-ba8f-cb9e884a3799,42,พรรคกล้าธรรม,#5D4037,0,0,0.0
11ba222b-f163-4461-9922-c9deb7021ecb,6,นางสุภาพ ขุนศรี,80,นครศรีธรรมราช,1,03347cbc-6089-474c-a3f6-484ae981c9a6,43,พรรคพลังประชารัฐ,#1565C0,0,0,0.0
13855c07-e9fd-4b5b-9e9f-c7658c1ef41a,6,นายประยงค์ ไชยพร,47,สกลนคร,5,115da917-bf32-4e96-a2ae-b7818d0909ee,6,พรรครวมไทยสร้างชาติ,#FF6D00,0,0,0.0
141ec433-7697-40a8-8b5d-c823248154f3,6,นายปองภพ วณิชศิริ,63,ตาก,1,0c044088-618b-49af-a291-fb28ffe9e0f8,11,พรรคเศรษฐกิจ,#FFA000,0,0,0.0
14f0a52f-8e67-4b84-aabd-a8ac9add4fb0,6,นายมานัส อรุณวิราม,10,กรุงเทพมหานคร,33,0c044088-618b-49af-a291-fb28ffe9e0f8,11,พรรคเศรษฐกิจ,#FFA000,0,0,0.0
14fb2386-9edc-41b0-b5ce-5265a1c44eb9,6,นายเศรษฐชาญย์ วสิฐพัฒน์,24,ฉะเชิงเทรา,4,013c219e-e197-416d-84ea-00ba9c35465e,37,พรรคภูมิใจไทย,#3949AB,0,0,0.0
152697ca-c77a-452c-b56f-dfa03d52aa49,6,นายธนะโรจน์ อัครกิจชัยนนท์,67,เพชรบูรณ์,2,2d8a1c84-0bc8-4377-965d-c020a0097c27,9,พรรคเพื่อไทย,#E4002B,0,0,0.0
16560e8b-68bb-4386-8441-14575d988c95,6,นายอิง อิงคตานุวัฒน์,10,กรุงเทพมหานคร,6,f9cadd57-8256-49aa-9386-0da392b19fc2,29,พรรคไทยภักดี,#D32F2F,0,0,0.0
16d788c2-99b1-4aa8-9a60-a79c6aad510c,6,นายจอมจักรภพ วัชระจินดาวัฒนะ,36,ชัยภูมิ,7,2d8a1c84-0bc8-4377-965d-c020a0097c27,9,พรรคเพื่อไทย,#E4002B,0,0,0.0
1771faea-d7c5-47bb-9b72-3dbf091a53cd,6,นายธรรมนูญ วุฒิลักษณ์,50,เชียงใหม่,6,0c044088-618b-49af-a291-fb28ffe9e0f8,11,พรรคเศรษฐกิจ,#FFA000,0,0,0.0
184be803-95c0-461c-bda8-a59e85e677f8,6,นายชัยวุฒิ คูอาริยะกุล,55,น่าน,2,03347cbc-6089-474c-a3f6-484ae981c9a6,43,พรรคพลังประชารัฐ,#1565C0,0,0,0.0
184bf6da-367b-4342-99ba-5cb1dc0c25e6,6,นายองอาจ ฉัตรชัยพลรัตน์,40,ขอนแก่น,11,013c219e-e197-416d-84ea-00ba9c35465e,37,พรรคภูมิใจไทย,#3949AB,0,0,0.0
1853e305-2aea-4e91-b267-92c1da4785e2,6,นายนาวี พรหมทรัพย์,91,สตูล,1,115da917-bf32-4e96-a2ae-b7818d0909ee,6,พรรครวมไทยสร้างชาติ,#FF6D00,0,0,0.0
19412967-e0c9-4f34-ae20-116f6e9febc0,6,นายปิยะรัฐ จิรัตน์ฐิกุล,84,สุราษฎร์ธานี,3,d7155f6d-736d-42c0-8bc0-00ee6e1970dc,27,พรรคประชาธิปัตย์,#0066B3,0,0,0.0
1ac01dc2-e3e9-4976-8081-f32f5b1142b1,6,พลตรีนิพนธ์ รองสวัสดิ์,90,สงขลา,3,a62aca08-91b7-4f3f-ba8f-cb9e884a3799,42,พรรคกล้าธรรม,#5D4037,0,0,0.0
1ad069c8-8a95-4097-8de7-309de99038e8,6,นายอับดุลการิม ยูโซะ,94,ปัตตานี,2,2d8a1c84-0bc8-4377-965d-c020a0097c27,9,พรรคเพื่อไทย,#E4002B,0,0,0.0
1addca56-caec-4d78-bd6c-042928f48ba7,6,นายเกรียงไกร กิตติธเนศวร,26,นครนายก,2,013c219e-e197-416d-84ea-00ba9c35465e,37,พรรคภูมิใจไทย,#3949AB,0,0,0.0
1bf37f65-38bd-4d5c-b539-69345256cf0c,6,นายวิษณุ วงษ์เสนา,40,ขอนแก่น,4,d7155f6d-736d-42c0-8bc0-00ee6e1970dc,27,พรรคประชาธิปัตย์,#0066B3,0,0,0.0
1e14a42d-e7a1-435b-95d3-8abc2c48a4f1,6,นางสาวอภินันท์ภรณ์ ใต้หล้าสถาพร,24,ฉะเชิงเทรา,2,d7155f6d-736d-42c0-8bc0-00ee6e1970dc,27,พรรคประชาธิปัตย์,#0066B3,0,0,0.0
1e842fdb-c348-4f68-a6f3-43ab85d9f930,6,นางราณี นิวงศ์ษา,41,อุดรธานี,5,d7155f6d-736d-42c0-8bc0-00ee6e1970dc,27,พรรคประชาธิปัตย์,#0066B3,0,0,0.0
1efd30c9-0741-4411-b12a-fdb26398e0d9,6,นายปัญญา สงทะเล,30,นครราชสีมา,2,03347cbc-6089-474c-a3f6-484ae981c9a6,43,พรรคพลังประชารัฐ,#1565C0,0,0,0.0
1f9aefc7-3017-48a6-b38e-bdd3f6c93fb3,6,นายโชคชัย มั่นเติม,67,เพชรบูรณ์,4,7ffe2115-72d1-4d71-9962-03ff61afc67c,31,พรรคประชากรไทย,#00695C,0,0,0.0
209a7a2c-6c6f-4159-9a4e-e7200d49c78c,6,นายบุญมี สรรพคุณ,19,สระบุรี,1,03347cbc-6089-474c-a3f6-484ae981c9a6,43,พรรคพลังประชารัฐ,#1565C0,0,0,0.0
219058d6-dc1c-4929-9a3a-ad2e3bbec664,6,นายณัฐชาติ วงศ์ประเสริฐ,72,สุพรรณบุรี,3,a62aca08-91b7-4f3f-ba8f-cb9e884a3799,42,พรรคกล้าธรรม,#5D4037,0,0,0.0
22c76b34-3339-43db-a9da-5cadae70acf8,6,นายธนินท์ธร ภูมราช,12,นนทบุรี,5,d7155f6d-736d-42c0-8bc0-00ee6e1970dc,27,พรรคประชาธิปัตย์,#0066B3,0,0,0.0
23fd0680-e328-4d0b-b031-efeaab34ef8a,6,นายกรธัช พัชณี,90,สงขลา,8,1116011c-1ef3-4cca-a186-c1b9f7984ede,46,พรรคประชาชน,#F57C00,0,0,0.0
2480fd5d-b61e-403c-b317-2ca1612670fc,6,นายภาณุวิชญ์ อิสลาม,20,ชลบุรี,10,115da917-bf32-4e96-a2ae-b7818d0909ee,6,พรรครวมไทยสร้างชาติ,#FF6D00,0,0,0.0
27807d41-918d-43bf-b00a-d9674c08f19b,6,นางสาวเพ็ญแข คงเพชรศักดิ์,60,นครสวรรค์,1,0c044088-618b-49af-a291-fb28ffe9e0f8,11,พรรคเศรษฐกิจ,#FFA000,0,0,0.0
27a793bd-ad0f-4249-ad7a-e04601010c34,6,นายพิชชาวุธ เหล่าศิริวิจิตร,43,หนองคาย,1,a62aca08-91b7-4f3f-ba8f-cb9e884a3799,42,พรรคกล้าธรรม,#5D4037,0,0,0.0
27fc57e0-ddad-4b59-8395-06e8d8592d5c,6,นายสายัณห์ เกตุประยูร,24,ฉะเชิงเทรา,3,d7155f6d-736d-42c0-8bc0-00ee6e1970dc,27,พรรคประชาธิปัตย์,#0066B3,0,0,0.0
28723f39-3d7f-417d-a804-16de7945d996,6,นายรัตน์วิโรจน์ พรมขันธ์,33,ศรีสะเกษ,9,d7155f6d-736d-42c0-8bc0-00ee6e1970dc,27,พรรคประชาธิปัตย์,#0066B3,0,0,0.0
294ecf1a-fe6d-4ad1-b104-99e594b1c489,6,นายประดิษฐ์ คลานุรักษ์,96,นราธิวาส,3,2d8a1c84-0bc8-4377-965d-c020a0097c27,9,พรรคเพื่อไทย,#E4002B,0,0,0.0
2a714a08-7ab1-4a94-95f3-0a78787fb5ee,6,นายวิโรจน์ มากมูล,64,สุโขทัย,3,115da917-bf32-4e96-a2ae-b7818d0909ee,6,พรรครวมไทยสร้างชาติ,#FF6D00,0,0,0.0
2a998da6-9453-40f3-a1fd-b86ea21aafdb,6,นายนิธิกร วุฒินันชัย,50,เชียงใหม่,7,2d8a1c84-0bc8-4377-965d-c020a0097c27,9,พรรคเพื่อไทย,#E4002B,0,0,0.0
2aa773b7-8228-4c80-b09a-202af88515af,6,นายนิมิตร จินาวัลย์,33,ศรีสะเกษ,6,d7155f6d-736d-42c0-8bc0-00ee6e1970dc,27,พรรคประชาธิปัตย์,#0066B3,0,0,0.0
2afcf755-46dd-4e46-b130-fdfa123bf7d7,6,นายสุรเดช นาจำปา,33,ศรีสะเกษ,1,a62aca08-91b7-4f3f-ba8f-cb9e884a3799,42,พรรคกล้าธรรม,#5D4037,0,0,0.0
2b1cb250-eec0-4813-abbd-c21f22d8f2f0,6,นายประสิทธิ์ ปัทมผดุงศักดิ์,13,ปทุมธานี,8,1116011c-1ef3-4cca-a186-c1b9f7984ede,46,พรรคประชาชน,#F57C00,0,0,0.0
2c53fdb3-afc9-497e-9450-2df2422da2be,6,นางสาวสุรภี สถิตสวรรยา,72,สุพรรณบุรี,1,bd8d9f14-f757-41fb-8f37-d6128d9d012d,7,พรรคพลวัต,#EF6C00,0,0,0.0
2c94d8d6-6b0a-4873-8b85-aab95679bccd,6,นายธนพัต ธนัตเจริญ,11,สมุทรปราการ,3,b6a2dc38-6f7d-4865-a6e0-a1b60a2edf32,30,พรรคแรงงานสร้างชาติ,#1976D2,0,0,0.0
2dc6b7f3-3cf4-40f9-b207-025340b1fde7,6,นายยุพราช เลิศลำยอง,95,ยะลา,3,965b4b93-c01e-4a2b-a987-577f2b99ebb4,49,พรรคไทยก้าวใหม่,#1E88E5,0,0,0.0
2f760bb8-4e0e-4b15-b560-483954cfb074,6,นางสาวพรปนัดดา ทวีดี,34,อุบลราชธานี,3,115da917-bf32-4e96-a2ae-b7818d0909ee,6,พรรครวมไทยสร้างชาติ,#FF6D00,0,0,0.0
32b7c182-6d54-42f8-9697-4b4ccb26101a,6,นายมนัส ทองคันทา,67,เพชรบูรณ์,6,339fa187-133c-4766-a6c2-36d1b32cda8f,23,พรรคปวงชนไทย,#827717,0,0,0.0
334f1d4e-4e5c-46a0-a0b0-0593accec1b3,6,นายศรราม สีบุญเรือง,10,กรุงเทพมหานคร,14,a62aca08-91b7-4f3f-ba8f-cb9e884a3799,42,พรรคกล้าธรรม,#5D4037,0,0,0.0
3408bbfa-4978-4457-a24b-e2866b46fc9d,6,นายสรวิชญ์ ขำเจริญ,70,ราชบุรี,4,d7155f6d-736d-42c0-8bc0-00ee6e1970dc,27,พรรคประชาธิปัตย์,#0066B3,0,0,0.0
351014e5-1cd9-468c-bdd8-44fcf1710cd7,6,นางสาวจิราพร สินธุไพร,45,ร้อยเอ็ด,5,2d8a1c84-0bc8-4377-965d-c020a0097c27,9,พรรคเพื่อไทย,#E4002B,0,0,0.0
3519c176-aebd-49cb-914a-e16e99fcd8d6,6,นายสีดา บุตรนาแพง,45,ร้อยเอ็ด,7,0c044088-618b-49af-a291-fb28ffe9e0f8,11,พรรคเศรษฐกิจ,#FFA000,0,0,0.0
351b5de9-65c8-44a4-a1c6-68119ccdaf21,6,นายมาร์วาน บินบีดี,96,นราธิวาส,4,2d8a1c84-0bc8-4377-965d-c020a0097c27,9,พรรคเพื่อไทย,#E4002B,0,0,0.0
35abccb3-d3c8-4321-9293-c5a8e81be974,6,นางวิไลลักษณ์ คชพันธ์,80,นครศรีธรรมราช,2,2d8a1c84-0bc8-4377-965d-c020a0097c27,9,พรรคเพื่อไทย,#E4002B,0,0,0.0
38e239ee-d9d2-49bc-915c-b065412c8500,6,นางสาวตรีนุช เทียนทอง,27,สระแก้ว,2,03347cbc-6089-474c-a3f6-484ae981c9a6,43,พรรคพลังประชารัฐ,#1565C0,0,0,0.0
399376c4-ce66-4d4c-b875-5657c09880da,6,นายคงพัชร ไขรัศมี,20,ชลบุรี,2,2d8a1c84-0bc8-4377-965d-c020a0097c27,9,พรรคเพื่อไทย,#E4002B,0,0,0.0
39a583a6-3209-4b95-89c9-e12d61348cad,6,นางสาวพุธิตา ชัยอนันต์,50,เชียงใหม่,4,1116011c-1ef3-4cca-a186-c1b9f7984ede,46,พรรคประชาชน,#F57C00,0,0,0.0
39e75c59-3983-447e-86ce-52bf38ff64ea,6,นายคารม พลพรกลาง,45,ร้อยเอ็ด,6,03347cbc-6089-474c-a3f6-484ae981c9a6,43,พรรคพลังประชารัฐ,#1565C0,0,0,0.0
3a23a521-7354-4f30-9bc8-02ef71b862ea,6,นายมนูญ พรหมลักษณ์,12,นนทบุรี,8,03347cbc-6089-474c-a3f6-484ae981c9a6,43,พรรคพลังประชารัฐ,#1565C0,0,0,0.0
3a27e144-6d32-4779-910e-71094858ce6e,6,นายเนติศิลป์ พฤกษศรี,90,สงขลา,4,115da917-bf32-4e96-a2ae-b7818d0909ee,6,พรรครวมไทยสร้างชาติ,#FF6D00,0,0,0.0
3a8c151e-4ed6-484e-bf7e-14a62e205d23,6,นายณพัฎน์ จิตตภินันท์กัณตา,10,กรุงเทพมหานคร,24,1116011c-1ef3-4cca-a186-c1b9f7984ede,46,พรรคประชาชน,#F57C00,0,0,0.0
3b51d04b-84cd-4dc6-885e-7c03404e22b6,6,นายประยูร เทียมทะนง,40,ขอนแก่น,10,a62aca08-91b7-4f3f-ba8f-cb9e884a3799,42,พรรคกล้าธรรม,#5D4037,0,0,0.0
3b983afa-1989-4a28-a4c2-c5c63e4915db,6,นายมานพ แสงดำ,32,สุรินทร์,2,d7155f6d-736d-42c0-8bc0-00ee6e1970dc,27,พรรคประชาธิปัตย์,#0066B3,0,0,0.0
3c396aa9-48cb-4c5a-a64d-a6037718b313,6,นายอิทธิธัญกร ตาคำ,50,เชียงใหม่,10,1116011c-1ef3-4cca-a186-c1b9f7984ede,46,พรรคประชาชน,#F57C00,0,0,0.0
3c6111d6-d2bd-4958-bf81-96d1186129d5,6,นายณัฐสิทธิ์ เหลือกาฬ,60,นครสวรรค์,5,0c044088-618b-49af-a291-fb28ffe9e0f8,11,พรรคเศรษฐกิจ,#FFA000,0,0,0.0
3ca01f17-f222-4742-a4dd-c9dd5599e405,6,นายธีรวงศ์ สรรค์พิพัฒน์,12,นนทบุรี,1,a62aca08-91b7-4f3f-ba8f-cb9e884a3799,42,พรรคกล้าธรรม,#5D4037,0,4,0.0
3e308544-9997-4ac6-a7dc-16052a20c483,6,นายโสภณ ซารัมย์,31,บุรีรัมย์,5,013c219e-e197-416d-84ea-00ba9c35465e,37,พรรคภูมิใจไทย,#3949AB,0,0,0.0
3ea8b8b8-8269-43b2-8b2d-558cceca6e67,6,นายยิ่ง ภูผา,34,อุบลราชธานี,10,d7155f6d-736d-42c0-8bc0-00ee6e1970dc,27,พรรคประชาธิปัตย์,#0066B3,0,0,0.0
3eb2450f-4eaa-4ebd-94be-3a6f893a825d,6,นายกิตติศักดิ์ จรัญคมสันคุณา,30,นครราชสีมา,3,03347cbc-6089-474c-a3f6-484ae981c9a6,43,พรรคพลังประชารัฐ,#1565C0,0,0,0.0
3f3d11ef-b1f5-4ffa-a283-7c50367ace09,6,นายณรงธร โพธิ์หมื่น,20,ชลบุรี,5,1116011c-1ef3-4cca-a186-c1b9f7984ede,46,พรรคประชาชน,#F57C00,0,0,0.0
3f487a35-68d3-41b5-b6bf-2eb2889785d0,6,นายสาโรจน์ ซึ้งไพศาลกุล,10,กรุงเทพมหานคร,26,d7155f6d-736d-42c0-8bc0-00ee6e1970dc,27,พรรคประชาธิปัตย์,#0066B3,0,0,0.0
3f84b23b-e370-4095-8bd8-fa563df5d4ec,6,นายเขตรัฐ เหล่าธรรมทัศน์,10,กรุงเทพมหานคร,4,013c219e-e197-416d-84ea-00ba9c35465e,37,พรรคภูมิใจไทย,#3949AB,0,5,0.0
40fb2f2a-9d94-435e-9428-2daedd8acf94,6,นายมฆวาน บัวบุตร,37,อำนาจเจริญ,2,a62aca08-91b7-4f3f-ba8f-cb9e884a3799,42,พรรคกล้าธรรม,#5D4037,0,0,0.0
4187c643-31cf-45d1-ab3c-72a54f91a884,6,นางสาวสาวิตรี กองรัตน์,13,ปทุมธานี,1,115da917-bf32-4e96-a2ae-b7818d0909ee,6,พรรครวมไทยสร้างชาติ,#FF6D00,0,0,0.0
421b108b-815a-46d1-8113-a20084280d90,6,นายบรรพต จิกจักร์,41,อุดรธานี,6,115da917-bf32-4e96-a2ae-b7818d0909ee,6,พรรครวมไทยสร้างชาติ,#FF6D00,0,0,0.0
42419ceb-2d11-4b3e-a126-04143be809ff,6,นายณัฐพงษ์ ป้องปิ่น,38,บึงกาฬ,3,1116011c-1ef3-4cca-a186-c1b9f7984ede,46,พรรคประชาชน,#F57C00,0,0,0.0
42d3ebec-7832-46a8-9eb0-b3edca340a34,6,พันตำรวจเอกสารสิทธิ์ นวมมณีรัตน์,70,ราชบุรี,1,0c044088-618b-49af-a291-fb28ffe9e0f8,11,พรรคเศรษฐกิจ,#FFA000,0,0,0.0
431474cf-1542-4f41-92c7-3959c6a3825e,6,นายกฤษดา อินทร์พาเพียร,19,สระบุรี,3,a62aca08-91b7-4f3f-ba8f-cb9e884a3799,42,พรรคกล้าธรรม,#5D4037,0,0,0.0
43888962-7c1f-49b5-845a-e086d746e8c6,6,นายยุทธ เสือบางพระ,73,นครปฐม,4,bd8d9f14-f757-41fb-8f37-d6128d9d012d,7,พรรคพลวัต,#EF6C00,0,0,0.0
461f429f-2c90-49f0-b487-52dc59c7d4be,6,นางสรวีย์ เขื่อนวงค์วิน,50,เชียงใหม่,3,0c044088-618b-49af-a291-fb28ffe9e0f8,11,พรรคเศรษฐกิจ,#FFA000,0,0,0.0
46a1372a-6b08-48ab-a29e-d30c7a5ea652,6,นางสาวนิรัญ ดอนสุวรรณ,65,พิษณุโลก,1,d7155f6d-736d-42c0-8bc0-00ee6e1970dc,27,พรรคประชาธิปัตย์,#0066B3,0,0,0.0
46d3613a-f643-415b-ab67-92e8b1a8ddd6,6,นางสาววาสนา ชาหอม,10,กรุงเทพมหานคร,32,bd8d9f14-f757-41fb-8f37-d6128d9d012d,7,พรรคพลวัต,#EF6C00,0,0,0.0
4716aef9-59fe-4825-80b1-1adf9f013f3c,6,นายวีรภัทร มีสกุลทิพยานนท์,40,ขอนแก่น,7,1116011c-1ef3-4cca-a186-c1b9f7984ede,46,พรรคประชาชน,#F57C00,0,0,0.0
4746eee1-035f-4565-8af9-5fbd2d64d198,6,นายสำราญ ศรีภา,40,ขอนแก่น,6,03347cbc-6089-474c-a3f6-484ae981c9a6,43,พรรคพลังประชารัฐ,#1565C0,0,0,0.0
47d7067c-da29-43d0-b579-9124da37ed38,6,นายสุธีระพงษ์ วันไชยธนวงศ์,57,เชียงราย,7,a62aca08-91b7-4f3f-ba8f-cb9e884a3799,42,พรรคกล้าธรรม,#5D4037,0,0,0.0
48dfe8a8-2adf-48d8-a5c7-8f147b625c91,6,นายไชยวัฒน์ธนา เวฬุวนารักษ์,41,อุดรธานี,4,965b4b93-c01e-4a2b-a987-577f2b99ebb4,49,พรรคไทยก้าวใหม่,#1E88E5,0,0,0.0
4b7f2363-0909-4fc4-915b-d908184a5123,6,นางสาววรรณอนงค์ หาญพงษ์ธรรม,77,ประจวบคีรีขันธ์,3,1116011c-1ef3-4cca-a186-c1b9f7984ede,46,พรรคประชาชน,#F57C00,0,0,0.0
4b8164e7-43ed-45ef-8574-7cbbb05a07d6,6,นายชัยยุตต์ เกิดหลำ,19,สระบุรี,2,a62aca08-91b7-4f3f-ba8f-cb9e884a3799,42,พรรคกล้าธรรม,#5D4037,0,0,0.0
4bf447c9-f33e-4521-b79a-ffa1ed92d2cf,6,นางกาญจนา บุญมีศิริทิพงศ์,30,นครราชสีมา,10,d7155f6d-736d-42c0-8bc0-00ee6e1970dc,27,พรรคประชาธิปัตย์,#0066B3,0,0,0.0
4dae4fc8-ddd3-4708-bb8e-df669afcbb09,6,นายนุกูล สิริสุวรรณ์,73,นครปฐม,2,d7155f6d-736d-42c0-8bc0-00ee6e1970dc,27,พรรคประชาธิปัตย์,#0066B3,0,0,0.0
5000b232-1106-4cda-be1d-b224277b7ff6,6,นายอภิลักษณ์ เคนไชยวงศ์,47,สกลนคร,3,013c219e-e197-416d-84ea-00ba9c35465e,37,พรรคภูมิใจไทย,#3949AB,0,0,0.0
50172d2d-dc5c-462d-8228-53900413b55f,6,นางสาวนาลันทา บุญชิต,30,นครราชสีมา,13,1116011c-1ef3-4cca-a186-c1b9f7984ede,46,พรรคประชาชน,#F57C00,0,0,0.0
50362da3-2004-4f56-b644-571e3a93bd66,6,นายสรร ชัยภัทรธัญกร,81,กระบี่,3,0c044088-618b-49af-a291-fb28ffe9e0f8,11,พรรคเศรษฐกิจ,#FFA000,0,0,0.0
50c03c00-333a-4724-9248-6b1fce9b3505,6,นายสมมุติ เบ็ญจลักษณ์,94,ปัตตานี,3,7f4755ca-ea3a-4023-869d-9cabba328db0,33,พรรคประชาชาติ,#2E7D32,0,0,0.0
510c1a64-c06d-42be-bad0-c0b034742ed8,6,นางสาวชญาภา สินธุไพร,45,ร้อยเอ็ด,8,2d8a1c84-0bc8-4377-965d-c020a0097c27,9,พรรคเพื่อไทย,#E4002B,0,0,0.0
51148be8-f4ec-49ea-a708-873c83fa1dc8,6,พันตำรวจเอกอธิศ ภักดีนามฉวี,92,ตรัง,2,1116011c-1ef3-4cca-a186-c1b9f7984ede,46,พรรคประชาชน,#F57C00,0,0,0.0
5165175e-7b02-41b7-b321-070ef9ad38a2,6,นายวิเชียร ลานทอง,31,บุรีรัมย์,1,7ffe2115-72d1-4d71-9962-03ff61afc67c,31,พรรคประชากรไทย,#00695C,0,0,0.0
5176fc93-de49-434a-a384-0c4702956611,6,ด.ต.เดชาวัตร อุ่นสอน,83,ภูเก็ต,3,0c044088-618b-49af-a291-fb28ffe9e0f8,11,พรรคเศรษฐกิจ,#FFA000,0,0,0.0
5178cfb6-9aa5-4a8a-9f7c-dc519f6215f7,6,นางสาววิภาณี ภูคำวงศ์,40,ขอนแก่น,8,2d8a1c84-0bc8-4377-965d-c020a0097c27,9,พรรคเพื่อไทย,#E4002B,0,0,0.0
53389cda-b2be-4f5d-959a-60a29f7977d3,6,นายวิสาร เตชะธีราวัฒน์,57,เชียงราย,3,2d8a1c84-0bc8-4377-965d-c020a0097c27,9,พรรคเพื่อไทย,#E4002B,0,0,0.0
53e75529-7ed0-48ed-801f-34a677c320b1,6,นายนิติธร จันทรบุตร,35,ยโสธร,1,965b4b93-c01e-4a2b-a987-577f2b99ebb4,49,พรรคไทยก้าวใหม่,#1E88E5,0,0,0.0
5487d1e0-8b26-4d80-bfdc-5f71d1d5c36b,6,นายเกียรติภูมิ กำลังหาญ,32,สุรินทร์,3,a62aca08-91b7-4f3f-ba8f-cb9e884a3799,42,พรรคกล้าธรรม,#5D4037,0,0,0.0
54c392aa-0da1-45a4-931c-fceae5be7f11,6,นายจรูญ เจริญศักดิ์,77,ประจวบคีรีขันธ์,2,6102915f-e8bc-4149-8265-ec74489adf2f,4,พรรคมิติใหม่,#039BE5,0,0,0.0
55b08ede-29d9-4c40-801e-54216b3f7507,6,นายยุทธนา สุวรรณ,50,เชียงใหม่,2,013c219e-e197-416d-84ea-00ba9c35465e,37,พรรคภูมิใจไทย,#3949AB,0,0,0.0
55e77447-c106-44eb-b6a0-9f3ea666823e,6,นายประวิทย์ แก้วใส,34,อุบลราชธานี,8,115da917-bf32-4e96-a2ae-b7818d0909ee,6,พรรครวมไทยสร้างชาติ,#FF6D00,0,0,0.0
560e139d-cbc5-48e1-b316-ac496c9caf11,6,นายสัญชัย ทะนานทอง,31,บุรีรัมย์,2,d7155f6d-736d-42c0-8bc0-00ee6e1970dc,27,พรรคประชาธิปัตย์,#0066B3,0,0,0.0
5664a46c-4a55-4c4f-97f1-e450fabba2df,6,นายเอกชัย อินทะนันท์,55,น่าน,1,965b4b93-c01e-4a2b-a987-577f2b99ebb4,49,พรรคไทยก้าวใหม่,#1E88E5,0,0,0.0
5727c507-6a66-44b2-a4c4-099915ab5342,6,นายรุ่งโรจน์ แสงศิริ,60,นครสวรรค์,4,2d8a1c84-0bc8-4377-965d-c020a0097c27,9,พรรคเพื่อไทย,#E4002B,0,0,0.0
576947e6-bcd2-43a4-a545-9adba6d0711f,6,นางสาววาสนา สระทองหลาง,30,นครราชสีมา,1,965b4b93-c01e-4a2b-a987-577f2b99ebb4,49,พรรคไทยก้าวใหม่,#1E88E5,0,0,0.0
580ea693-7d71-4c47-9e2d-47f764bc98b5,6,นายปัญญา สุขขจีธำรง,12,นนทบุรี,3,bdd306a2-80c7-4d7b-a7ff-8dc1ec9fcc76,10,พรรคทางเลือกใหม่,#00838F,0,0,0.0
59968577-531d-4c24-9833-d435522fbf3a,6,นายพิชัย ชมภูพล,84,สุราษฎร์ธานี,6,013c219e-e197-416d-84ea-00ba9c35465e,37,พรรคภูมิใจไทย,#3949AB,0,0,0.0
5a2a033e-291b-456d-8360-57128e8a77d7,6,นางราตรี กาลจักร์,43,หนองคาย,2,d1964fe3-2dd0-43d5-a190-77fbfaf586b2,8,พรรคประชาธิปไตยใหม่,#1976D2,0,0,0.0
5c0b4b05-65ac-490f-998a-978b8e68bdfb,6,นายสุรศักดิ์ หร่ำเดช,25,ปราจีนบุรี,2,bcdcd19b-d619-47dd-8535-fafb6bc6f4d8,12,พรรคเสรีรวมไทย,#C62828,0,0,0.0
5c5113e2-af35-43c8-b886-9744b3b32666,6,นายธรรมราช อาษาสุวรรณ,10,กรุงเทพมหานคร,29,0c044088-618b-49af-a291-fb28ffe9e0f8,11,พรรคเศรษฐกิจ,#FFA000,0,0,0.0
5c9dc757-950d-4908-ad80-c54c041ec9a0,6,นางสาววิลดา อินฉัตร,33,ศรีสะเกษ,7,2d8a1c84-0bc8-4377-965d-c020a0097c27,9,พรรคเพื่อไทย,#E4002B,0,0,0.0
5ca529d7-4ae4-4a33-976a-4dd0d5ca7585,6,นายวศินภัทร์ กิตตินันท์พาณิช,64,สุโขทัย,2,a62aca08-91b7-4f3f-ba8f-cb9e884a3799,42,พรรคกล้าธรรม,#5D4037,0,0,0.0
5cd4b5d9-ed5f-4091-9786-5946be4f6f65,6,นายศักดิ์วิชญ์ แก้วมีศรี,84,สุราษฎร์ธานี,2,e3ad415e-cb0c-4922-adb3-4624e857d801,21,พรรคไทรวมพลัง,#E65100,0,0,0.0
5ceb4d79-a1b5-4e70-945b-ab2c509ff985,6,นายณัฐพงษ์ ไชยศิลป์,55,น่าน,3,2ee17641-917b-4ea0-8c19-da383e03e915,44,พรรคโอกาสใหม่,#26C6DA,0,0,0.0
5d19186e-aba0-4691-9198-b3fb8839bd4e,6,นางสาวศุภิกา ศุภรมย์,40,ขอนแก่น,1,115da917-bf32-4e96-a2ae-b7818d0909ee,6,พรรครวมไทยสร้างชาติ,#FF6D00,0,0,0.0
5e254dcf-513d-45d4-8470-a635c29d8a06,6,นายสุรพล อนันตโสภณ,41,อุดรธานี,1,d7155f6d-736d-42c0-8bc0-00ee6e1970dc,27,พรรคประชาธิปัตย์,#0066B3,0,0,0.0
5f0c6173-435c-4d36-b066-fe9e0e042c1d,6,นายรัชต์พงศ์ สร้อยสุวรรณ,63,ตาก,2,1116011c-1ef3-4cca-a186-c1b9f7984ede,46,พรรคประชาชน,#F57C00,0,0,0.0
601f5e78-4454-4a14-a063-8f6650b6edba,6,นายชานนท์ พงษ์เจริญ,12,นนทบุรี,6,bdd306a2-80c7-4d7b-a7ff-8dc1ec9fcc76,10,พรรคทางเลือกใหม่,#00838F,0,0,0.0
607cfc8b-2b5d-4db5-9655-0e8ec7817578,6,นายสมเสริม ชูรักษ์,93,พัทลุง,2,bd8d9f14-f757-41fb-8f37-d6128d9d012d,7,พรรคพลวัต,#EF6C00,0,0,0.0
61ce052a-6b78-44de-b156-ee93c283f1ac,6,นางสาวปภสร เตชารัตนหิรัญ,53,อุตรดิตถ์,1,a62aca08-91b7-4f3f-ba8f-cb9e884a3799,42,พรรคกล้าธรรม,#5D4037,0,0,0.0
61d87233-538b-4f87-8b2b-ad90fa2dafc7,6,นายสุรชัย แดงละอุ่น,86,ชุมพร,1,d7155f6d-736d-42c0-8bc0-00ee6e1970dc,27,พรรคประชาธิปัตย์,#0066B3,0,4,0.0
621759cb-2ec1-4a7c-9279-05e499bfe378,6,นางสาวณรากาญจน์ บุญนวล,93,พัทลุง,1,115da917-bf32-4e96-a2ae-b7818d0909ee,6,พรรครวมไทยสร้างชาติ,#FF6D00,0,0,0.0
640cdd3c-855e-4c7c-8282-029ccc761928,6,นางพิมชนก เก่าเจริญ,10,กรุงเทพมหานคร,12,d7155f6d-736d-42c0-8bc0-00ee6e1970dc,27,พรรคประชาธิปัตย์,#0066B3,0,0,0.0
670e40a1-c29b-475c-9426-34682ff6b34c,6,นายอนุรัตน์ ศรีสุรินทร์,32,สุรินทร์,1,03347cbc-6089-474c-a3f6-484ae981c9a6,43,พรรคพลังประชารัฐ,#1565C0,0,0,0.0
677548ae-97df-4857-a554-1704f82e50be,6,นายรังสรรค์ มณีรัตน์,51,ลำพูน,2,2d8a1c84-0bc8-4377-965d-c020a0097c27,9,พรรคเพื่อไทย,#E4002B,0,0,0.0
67909083-2e15-4348-9fa7-1c4b0700d836,6,นายบุญเริ่ม อรชุน,13,ปทุมธานี,7,2d8a1c84-0bc8-4377-965d-c020a0097c27,9,พรรคเพื่อไทย,#E4002B,0,0,0.0
67e02a92-24f7-4111-b7de-a6ec0eee5228,6,นายสิรภพ เอื้อชลิตนุกูล,10,กรุงเทพมหานคร,16,a62aca08-91b7-4f3f-ba8f-cb9e884a3799,42,พรรคกล้าธรรม,#5D4037,0,0,0.0
680f9890-2be0-4a3a-b7f1-0a90f20b221b,6,นายบัณฑิต ศิลาอ่อน,32,สุรินทร์,8,115da917-bf32-4e96-a2ae-b7818d0909ee,6,พรรครวมไทยสร้างชาติ,#FF6D00,0,0,0.0
685bafb0-b638-4e2d-99aa-98b63636608c,6,นายสมชาย ผลมา,62,กำแพงเพชร,2,013c219e-e197-416d-84ea-00ba9c35465e,37,พรรคภูมิใจไทย,#3949AB,0,0,0.0
69273dba-5921-417c-927e-938e6e27edcb,6,นายภัทรพงศ์ ภัทรประสิทธิ์,66,พิจิตร,1,013c219e-e197-416d-84ea-00ba9c35465e,37,พรรคภูมิใจไทย,#3949AB,0,0,0.0
6a5cbd0e-c75c-4957-b9c7-dbd8134b6154,6,นายพงไพร บุตรเลี่ยม,81,กระบี่,1,03347cbc-6089-474c-a3f6-484ae981c9a6,43,พรรคพลังประชารัฐ,#1565C0,0,0,0.0
6a97fc82-2615-4419-a039-7186f615549f,6,นายพิทักษ์พงษ์ ศิริศักดิ์,30,นครราชสีมา,6,a62aca08-91b7-4f3f-ba8f-cb9e884a3799,42,พรรคกล้าธรรม,#5D4037,0,0,0.0
6b6edec3-8def-44c7-a648-144e26439297,6,นางสาวกาญจนาพร จิระพันธุ์วาณิช,16,ลพบุรี,3,013c219e-e197-416d-84ea-00ba9c35465e,37,พรรคภูมิใจไทย,#3949AB,0,0,0.0
6d8ac577-0643-4550-8873-1b2ad1751697,6,นายอำนวย นวลทอง,92,ตรัง,3,115da917-bf32-4e96-a2ae-b7818d0909ee,6,พรรครวมไทยสร้างชาติ,#FF6D00,0,0,0.0
6f2eefcf-ef71-4428-b1e1-75ef00405129,6,นายภูวนาถ รัศมีฤกษ์เศรษฐ์,71,กาญจนบุรี,1,1116011c-1ef3-4cca-a186-c1b9f7984ede,46,พรรคประชาชน,#F57C00,0,0,0.0
6fb7009e-2794-481a-a713-c4adb297fd53,6,นายพีรพัฒน์ เกิดเอี่ยม,16,ลพบุรี,2,d7155f6d-736d-42c0-8bc0-00ee6e1970dc,27,พรรคประชาธิปัตย์,#0066B3,0,0,0.0
708b32d1-14f8-49b7-8cc5-b22736d52b50,6,นางสาวพิชญา อาภรณ์รัตน์,62,กำแพงเพชร,3,a62aca08-91b7-4f3f-ba8f-cb9e884a3799,42,พรรคกล้าธรรม,#5D4037,0,0,0.0
716f1127-46a3-4a3f-8d69-e8780e3a272b,6,นางเตือนใจ หงษ์เวียงจันทร์,60,นครสวรรค์,6,0c044088-618b-49af-a291-fb28ffe9e0f8,11,พรรคเศรษฐกิจ,#FFA000,0,0,0.0
7200afc6-fa8b-452b-b994-e348afe48161,6,นายธัญญะ เมษประสาท,10,กรุงเทพมหานคร,13,339fa187-133c-4766-a6c2-36d1b32cda8f,23,พรรคปวงชนไทย,#827717,0,9,0.0
72a5de0d-88d0-417c-94bf-3284586c00f8,6,นายพิษณุ อธิคมศาสตร์,34,อุบลราชธานี,1,bd8d9f14-f757-41fb-8f37-d6128d9d012d,7,พรรคพลวัต,#EF6C00,0,0,0.0
72d0fdb3-4173-451f-b9a3-38ee5f72d21c,6,นายสันต์ แซ่ตั้ง,86,ชุมพร,2,a62aca08-91b7-4f3f-ba8f-cb9e884a3799,42,พรรคกล้าธรรม,#5D4037,0,0,0.0
72dffae3-845e-4a51-8d37-7acc8ec81691,6,นายพลัฏฐ์ ศิริกุลพิสุทธิ์,10,กรุงเทพมหานคร,1,115da917-bf32-4e96-a2ae-b7818d0909ee,6,พรรครวมไทยสร้างชาติ,#FF6D00,0,0,0.0
73259577-be59-4b7e-89ed-5ebac10719a1,6,นายพัฒนา สัพโส,47,สกลนคร,4,2d8a1c84-0bc8-4377-965d-c020a0097c27,9,พรรคเพื่อไทย,#E4002B,0,0,0.0
73a69a39-0006-4499-8aaf-5d15defca4a5,6,นางสาวจิราภรณ์ จิตร์มั่น,70,ราชบุรี,5,1116011c-1ef3-4cca-a186-c1b9f7984ede,46,พรรคประชาชน,#F57C00,0,0,0.0
7478cfa1-b64a-4d98-9a1d-90fb1dba1077,6,นายบารมี ขาวทอง,90,สงขลา,6,a62aca08-91b7-4f3f-ba8f-cb9e884a3799,42,พรรคกล้าธรรม,#5D4037,0,0,0.0
75d7d333-2373-4fda-a38c-1a1083c85867,6,นายวุฒิชาติ เกรียงเกษร,57,เชียงราย,1,a62aca08-91b7-4f3f-ba8f-cb9e884a3799,42,พรรคกล้าธรรม,#5D4037,0,0,0.0
76368e33-46ab-4d97-8ef6-fd33209bf042,6,นายธนากรณ์ ปราณีนิตย์,48,นครพนม,3,2d8a1c84-0bc8-4377-965d-c020a0097c27,9,พรรคเพื่อไทย,#E4002B,0,0,0.0
7669ce4b-2cb3-4e23-9717-8965d56c502d,6,นายชูชาติ คำมา,54,แพร่,3,03347cbc-6089-474c-a3f6-484ae981c9a6,43,พรรคพลังประชารัฐ,#1565C0,0,0,0.0
77f38db5-9b78-488e-9e7a-ae7d20f654e0,6,นายศุภชัย พงษ์ทวี,70,ราชบุรี,2,115da917-bf32-4e96-a2ae-b7818d0909ee,6,พรรครวมไทยสร้างชาติ,#FF6D00,0,0,0.0
77fa87be-b845-4695-b42b-96da69a2857e,6,นายเอกทรัพย์ มะโนรัตน์,33,ศรีสะเกษ,8,d1964fe3-2dd0-43d5-a190-77fbfaf586b2,8,พรรคประชาธิปไตยใหม่,#1976D2,0,0,0.0
784b5392-e1ac-4834-820d-65bd1f5c8dc7,6,นายณัฐพัชร์ วงศ์พัฒนาธนเดช,44,มหาสารคาม,2,d7155f6d-736d-42c0-8bc0-00ee6e1970dc,27,พรรคประชาธิปัตย์,#0066B3,0,0,0.0
7890422f-00ba-43d5-a14d-bfcc9fe00a38,6,นายจรัญ จันทร์แก้ว,93,พัทลุง,3,a62aca08-91b7-4f3f-ba8f-cb9e884a3799,42,พรรคกล้าธรรม,#5D4037,0,0,0.0
78f6ca5a-d3b8-4974-979c-76098c52526b,6,นายศราวุธ หลำเจริญ,21,ระยอง,4,d7155f6d-736d-42c0-8bc0-00ee6e1970dc,27,พรรคประชาธิปัตย์,#0066B3,0,0,0.0
78fb3552-df9c-45dc-bdeb-0b174fb2edba,6,นายเอกราช อุดมอำนวย,10,กรุงเทพมหานคร,10,1116011c-1ef3-4cca-a186-c1b9f7984ede,46,พรรคประชาชน,#F57C00,0,0,0.0
798e7b50-1dc6-41e9-9925-e28ac2bc6f13,6,นายวิรัตน์ ปัตโต,40,ขอนแก่น,5,d7155f6d-736d-42c0-8bc0-00ee6e1970dc,27,พรรคประชาธิปัตย์,#0066B3,0,0,0.0
79cfae37-a936-4ca7-8eb4-fce05e674f46,6,นายพงศกร ตันติพรหม,10,กรุงเทพมหานคร,11,f9cadd57-8256-49aa-9386-0da392b19fc2,29,พรรคไทยภักดี,#D32F2F,0,0,0.0
7a7a7013-d1ae-40c3-ac65-0438fd83825e,6,นายปิยะนันท์ มั่นยืนยาว,33,ศรีสะเกษ,4,d7155f6d-736d-42c0-8bc0-00ee6e1970dc,27,พรรคประชาธิปัตย์,#0066B3,0,0,0.0
7c55e712-f382-48ac-8399-5807fdba1255,6,นายอาวุธ ปะเมโท,36,ชัยภูมิ,1,115da917-bf32-4e96-a2ae-b7818d0909ee,6,พรรครวมไทยสร้างชาติ,#FF6D00,0,0,0.0
7e2afef5-dd54-4b5f-b6ee-ff67a672621c,6,นายอุทัย เสน่หา,11,สมุทรปราการ,6,d7155f6d-736d-42c0-8bc0-00ee6e1970dc,27,พรรคประชาธิปัตย์,#0066B3,0,0,0.0
7f02007d-f0a6-4458-859d-c08a5b8f4239,6,ร้อยเอกทรงพล ทวีค้ำคูณ,67,เพชรบูรณ์,5,115da917-bf32-4e96-a2ae-b7818d0909ee,6,พรรครวมไทยสร้างชาติ,#FF6D00,0,0,0.0
7f5e5aac-7c04-48ea-a96c-3fd130438a54,6,นายสมบัติ ทองหัตถา,86,ชุมพร,3,0c044088-618b-49af-a291-fb28ffe9e0f8,11,พรรคเศรษฐกิจ,#FFA000,0,4,0.0
802157b6-1edb-4373-828f-17c08947fa72,6,พันเอกพิทักษ์ ทิพมาศ,15,อ่างทอง,1,03347cbc-6089-474c-a3f6-484ae981c9a6,43,พรรคพลังประชารัฐ,#1565C0,0,0,0.0
80837a85-5f4c-4801-9fd8-bdc12e3e71e9,6,พันโทสุเทพ บุญทะเล,36,ชัยภูมิ,3,0c044088-618b-49af-a291-fb28ffe9e0f8,11,พรรคเศรษฐกิจ,#FFA000,0,0,0.0
82814202-235a-4778-92ac-1edb662d565b,6,นายกิติ์พิเชษฐ์ สุวดิษฐ์,20,ชลบุรี,3,03347cbc-6089-474c-a3f6-484ae981c9a6,43,พรรคพลังประชารัฐ,#1565C0,0,0,0.0
834dc9e7-b056-4b97-bd43-b6ea5c98e41b,6,นางสาวชุพวัล สำราญพงษ์,34,อุบลราชธานี,7,03347cbc-6089-474c-a3f6-484ae981c9a6,43,พรรคพลังประชารัฐ,#1565C0,0,0,0.0
83d8b71b-b1a5-4b66-ad42-45cde626c2de,6,นายติณณ์ ธณกรณ์,12,นนทบุรี,4,bdd306a2-80c7-4d7b-a7ff-8dc1ec9fcc76,10,พรรคทางเลือกใหม่,#00838F,0,0,0.0
84473f82-a0af-40f8-908d-08a2887837cf,6,นายชาญชัย ฉายบุ,13,ปทุมธานี,5,0c044088-618b-49af-a291-fb28ffe9e0f8,11,พรรคเศรษฐกิจ,#FFA000,0,0,0.0
844b8e29-4b4c-4b7e-a217-0612922a2423,6,นายอภิเดช ประทุมแก้ว,36,ชัยภูมิ,5,1116011c-1ef3-4cca-a186-c1b9f7984ede,46,พรรคประชาชน,#F57C00,0,0,0.0
84bf9802-909d-4792-8ccf-d2e1bf1880bd,6,นางสาวระพีพร ชำนาญเวช,22,จันทบุรี,1,965b4b93-c01e-4a2b-a987-577f2b99ebb4,49,พรรคไทยก้าวใหม่,#1E88E5,0,0,0.0
875cb7bc-2094-436b-a1ca-60f1112a3388,6,นายสนิท นาแว,94,ปัตตานี,5,a62aca08-91b7-4f3f-ba8f-cb9e884a3799,42,พรรคกล้าธรรม,#5D4037,0,0,0.0
87e11f5b-dd49-4e46-8889-d779a53c6811,6,นายบุญเพ็ง สุรักษ์,31,บุรีรัมย์,7,339fa187-133c-4766-a6c2-36d1b32cda8f,23,พรรคปวงชนไทย,#827717,0,0,0.0
88184b68-aa00-4b5d-ad87-e36cd518347d,6,นายพราหมณ์อิศรา อินทร์ยา,40,ขอนแก่น,2,0c044088-618b-49af-a291-fb28ffe9e0f8,11,พรรคเศรษฐกิจ,#FFA000,0,5,0.0
8a90cb09-d38c-4c2b-b772-130fb176cf9a,6,นายปัญญา ศรีปัญญา,40,ขอนแก่น,3,0c044088-618b-49af-a291-fb28ffe9e0f8,11,พรรคเศรษฐกิจ,#FFA000,0,0,0.0
8a9eb511-d7ea-4e97-93d2-166ea8196325,6,นายอนุชาญ กวางทอง,10,กรุงเทพมหานคร,8,03347cbc-6089-474c-a3f6-484ae981c9a6,43,พรรคพลังประชารัฐ,#1565C0,0,12,0.0
8ac87c18-b85d-40de-b70f-9a2b267f762d,6,นายวัชระพล ขาวขำ,41,อุดรธานี,9,2d8a1c84-0bc8-4377-965d-c020a0097c27,9,พรรคเพื่อไทย,#E4002B,0,0,0.0
8ae71a85-e09b-4bc1-a073-104fb455dd9a,6,นายฐาปนัฐ แสงสุกวาว,34,อุบลราชธานี,6,d1964fe3-2dd0-43d5-a190-77fbfaf586b2,8,พรรคประชาธิปไตยใหม่,#1976D2,0,0,0.0
8b414a29-0931-4860-b984-447e0d7e6392,6,นายสุรสาล ผาสุข,17,สิงห์บุรี,1,03347cbc-6089-474c-a3f6-484ae981c9a6,43,พรรคพลังประชารัฐ,#1565C0,0,0,0.0
8b53c626-fc65-431b-9361-33e853bc0f32,6,นายสุรชาติ ผิวแดง,57,เชียงราย,5,d7155f6d-736d-42c0-8bc0-00ee6e1970dc,27,พรรคประชาธิปัตย์,#0066B3,0,0,0.0
8b58067c-2250-4fc7-9698-90726c51b2f1,6,พันตำรวจเอกเรืองยศ ภูพานเพชร,46,กาฬสินธุ์,2,a62aca08-91b7-4f3f-ba8f-cb9e884a3799,42,พรรคกล้าธรรม,#5D4037,0,0,0.0
8bc260ab-d84e-4aa3-b552-a2fa9b1dc938,6,นางสาวภาชินี เหลืองเพิ่มสกุล,73,นครปฐม,1,1116011c-1ef3-4cca-a186-c1b9f7984ede,46,พรรคประชาชน,#F57C00,0,0,0.0
8c4b1c40-cc6a-42c3-8809-5dd0914d482a,6,นายประเวช แสวงสุข,10,กรุงเทพมหานคร,31,2d8a1c84-0bc8-4377-965d-c020a0097c27,9,พรรคเพื่อไทย,#E4002B,0,0,0.0
8ca7921f-c107-4247-9c30-61baba3c55ed,6,นายทองหลอม ถิตย์สิทธิ์,46,กาฬสินธุ์,5,115da917-bf32-4e96-a2ae-b7818d0909ee,6,พรรครวมไทยสร้างชาติ,#FF6D00,0,0,0.0
8d181048-ba17-4557-a2de-030ee016e3d8,6,นางสาวพรรณี บัวรักษา,16,ลพบุรี,4,d7155f6d-736d-42c0-8bc0-00ee6e1970dc,27,พรรคประชาธิปัตย์,#0066B3,0,0,0.0
8ddf8aed-215f-4230-82b7-3cb65ccae524,6,นายอนุชา มุสิกะ,56,พะเยา,2,03347cbc-6089-474c-a3f6-484ae981c9a6,43,พรรคพลังประชารัฐ,#1565C0,0,0,0.0
8e611c97-a0c2-48e4-b98b-ed2fe054fb79,6,นายสุพจน์ วรรณสุข,34,อุบลราชธานี,9,d7155f6d-736d-42c0-8bc0-00ee6e1970dc,27,พรรคประชาธิปัตย์,#0066B3,0,0,0.0
8eede24f-d7c5-47df-8b02-026ac98361de,6,นายลำพูน มูลสุวรรณ,42,เลย,3,115da917-bf32-4e96-a2ae-b7818d0909ee,6,พรรครวมไทยสร้างชาติ,#FF6D00,0,0,0.0
8f120469-af6d-40f0-ad52-4ace4642c04a,6,นายชัยวัฒน์ บุญเอก,30,นครราชสีมา,15,965b4b93-c01e-4a2b-a987-577f2b99ebb4,49,พรรคไทยก้าวใหม่,#1E88E5,0,0,0.0
8f57c5df-d615-47ba-b3fb-94702a18670b,6,นายภูมิพงศ์ สุนทรเนติวงศ์,54,แพร่,1,115da917-bf32-4e96-a2ae-b7818d0909ee,6,พรรครวมไทยสร้างชาติ,#FF6D00,0,0,0.0
8f82bca4-359d-4964-9455-06c74beae241,6,นายประกอบ ยอดยา,51,ลำพูน,1,a62aca08-91b7-4f3f-ba8f-cb9e884a3799,42,พรรคกล้าธรรม,#5D4037,0,0,0.0
8fd58e3d-526d-4aed-9fd3-2ff3be36bef2,6,นางพรจรัส สงวนศิลป,25,ปราจีนบุรี,1,d7155f6d-736d-42c0-8bc0-00ee6e1970dc,27,พรรคประชาธิปัตย์,#0066B3,0,0,0.0
9151f9ed-0a07-4419-93e8-9a7f1fcb1e58,6,นางสาววิยดา พรหมทอง,34,อุบลราชธานี,5,03347cbc-6089-474c-a3f6-484ae981c9a6,43,พรรคพลังประชารัฐ,#1565C0,0,0,0.0
915b4c7c-cb79-4564-b03f-785e5ab1a895,6,นายนิยม เวชกามา,47,สกลนคร,2,2ee17641-917b-4ea0-8c19-da383e03e915,44,พรรคโอกาสใหม่,#26C6DA,0,0,0.0
9184fe51-4958-4878-ab99-02e863893a27,6,นายกองตรีอาญาสิทธิ์ ศรีสุวรรณ,80,นครศรีธรรมราช,4,2d8a1c84-0bc8-4377-965d-c020a0097c27,9,พรรคเพื่อไทย,#E4002B,0,0,0.0
920dad89-de9e-4c4a-a611-15fd64f12ca0,6,ผศ.วรวิทย์ บารู,94,ปัตตานี,1,7f4755ca-ea3a-4023-869d-9cabba328db0,33,พรรคประชาชาติ,#2E7D32,0,5,0.0
925181bb-c515-411e-8d5b-83ab94119e9e,6,นายมูฮัมหมัดรุสดี เชคฮารูณ,96,นราธิวาส,2,7f4755ca-ea3a-4023-869d-9cabba328db0,33,พรรคประชาชาติ,#2E7D32,0,0,0.0
92a95bb7-c38a-437b-84a9-122aa07bcdac,6,นายวิทยา บุญมีวิเศษ,42,เลย,1,1116011c-1ef3-4cca-a186-c1b9f7984ede,46,พรรคประชาชน,#F57C00,0,0,0.0
9365d5d5-6f9b-4177-bb5c-6ab0b6873094,6,นายณัฐพงค์ เรืองชาย,31,บุรีรัมย์,3,1116011c-1ef3-4cca-a186-c1b9f7984ede,46,พรรคประชาชน,#F57C00,0,0,0.0
93cfdff2-7661-44bb-b7a7-9a837d09e450,6,นายสุชาติ ใบมะหาด,91,สตูล,2,a62aca08-91b7-4f3f-ba8f-cb9e884a3799,42,พรรคกล้าธรรม,#5D4037,0,0,0.0
9482f20b-8351-4f36-8a6e-1152534bc804,6,นายกษิเดช แก้วภูมิแห่,45,ร้อยเอ็ด,3,1116011c-1ef3-4cca-a186-c1b9f7984ede,46,พรรคประชาชน,#F57C00,0,0,0.0
950a19ca-b486-43fb-b529-c38924d5e235,6,นางสาวณัฏฐปีญา แครบทรี,65,พิษณุโลก,4,115da917-bf32-4e96-a2ae-b7818d0909ee,6,พรรครวมไทยสร้างชาติ,#FF6D00,0,0,0.0
956d9f46-a3ba-4528-a6d3-fa84ce05e297,6,นางสาวจุฑามาศ รักพินิจ,31,บุรีรัมย์,6,115da917-bf32-4e96-a2ae-b7818d0909ee,6,พรรครวมไทยสร้างชาติ,#FF6D00,0,0,0.0
963645d9-6021-46a2-90d2-dbc3808eb723,6,นายนิล เชื้อทอง,71,กาญจนบุรี,4,339fa187-133c-4766-a6c2-36d1b32cda8f,23,พรรคปวงชนไทย,#827717,0,0,0.0
9792935c-6d50-4a69-bf3f-6e5e3aa811d8,6,นายปฏิวัติ ยุติธรรม,80,นครศรีธรรมราช,8,d7155f6d-736d-42c0-8bc0-00ee6e1970dc,27,พรรคประชาธิปัตย์,#0066B3,0,0,0.0
98cc9786-48f7-4ed8-a48e-b24c402214ad,6,นายเทพมณตรี พรมเมือง,90,สงขลา,1,0c044088-618b-49af-a291-fb28ffe9e0f8,11,พรรคเศรษฐกิจ,#FFA000,0,0,0.0
992bb342-c061-4933-99eb-d8a84830001a,6,นางสาวธัญลักษณ์ อุทัยจอม,44,มหาสารคาม,6,d7155f6d-736d-42c0-8bc0-00ee6e1970dc,27,พรรคประชาธิปัตย์,#0066B3,0,0,0.0
998e663f-1948-45f4-9745-5a92f09a6e8f,6,นางสาววิเมลือง แก้วศิริ,36,ชัยภูมิ,6,2d8a1c84-0bc8-4377-965d-c020a0097c27,9,พรรคเพื่อไทย,#E4002B,0,0,0.0
99df926d-7ae7-4f36-b7d7-4ef1acb6d9c0,6,นายกฤษฎ์ชัยณัช วงศ์สมพฤกษ์,57,เชียงราย,6,d7155f6d-736d-42c0-8bc0-00ee6e1970dc,27,พรรคประชาธิปัตย์,#0066B3,0,0,0.0
9aa51c77-2e10-4e06-b347-ec5c0a7c132a,6,นางวิภารัตย์ บุญกอง,35,ยโสธร,3,d1964fe3-2dd0-43d5-a190-77fbfaf586b2,8,พรรคประชาธิปไตยใหม่,#1976D2,0,0,0.0
9ae726da-dee8-4b1c-8eb2-b92d11abacb3,6,นายอับดุลการิม เด็งระกีนา,95,ยะลา,1,d7155f6d-736d-42c0-8bc0-00ee6e1970dc,27,พรรคประชาธิปัตย์,#0066B3,0,0,0.0
9b2e8400-1547-4139-83e2-bd00d66605ad,6,นายพาณุวัฒณ์ สะสมทรัพย์,73,นครปฐม,3,013c219e-e197-416d-84ea-00ba9c35465e,37,พรรคภูมิใจไทย,#3949AB,0,0,0.0
9c095429-2484-4c4a-a790-addcd9cbd339,6,นายเอกนิติ ภูมา,80,นครศรีธรรมราช,6,965b4b93-c01e-4a2b-a987-577f2b99ebb4,49,พรรคไทยก้าวใหม่,#1E88E5,0,0,0.0
9c780999-4f7a-4bd6-b10e-2fff9209239e,6,ว่าที่ร้อยโทเอ็มโอด บุญทน,40,ขอนแก่น,9,d1964fe3-2dd0-43d5-a190-77fbfaf586b2,8,พรรคประชาธิปไตยใหม่,#1976D2,0,0,0.0
9cd2598d-e52e-4c02-93c0-3b261009707f,6,นายลิขิต มุกดา,66,พิจิตร,3,d7155f6d-736d-42c0-8bc0-00ee6e1970dc,27,พรรคประชาธิปัตย์,#0066B3,0,0,0.0
9cd8574c-e81e-444f-bda6-584f89f64499,6,นางพิสมัย กุลบุตร,33,ศรีสะเกษ,2,0c044088-618b-49af-a291-fb28ffe9e0f8,11,พรรคเศรษฐกิจ,#FFA000,0,0,0.0
9d1ac69a-d337-47d8-b5cf-d1c9c8917e00,6,นายชูชาติ ชาญเชิงศิลปกุล,10,กรุงเทพมหานคร,3,0c044088-618b-49af-a291-fb28ffe9e0f8,11,พรรคเศรษฐกิจ,#FFA000,0,0,0.0
9e0d8835-afc8-490c-a7b5-115136bf54d9,6,นายวิชากร บุญฤทธิ์,81,กระบี่,2,03347cbc-6089-474c-a3f6-484ae981c9a6,43,พรรคพลังประชารัฐ,#1565C0,0,0,0.0
9e16fcda-19ff-4d2a-9d89-f9dd7fcd0a3f,6,นางสาวธนวรรณ เกษเมธีการุณ,30,นครราชสีมา,9,a62aca08-91b7-4f3f-ba8f-cb9e884a3799,42,พรรคกล้าธรรม,#5D4037,0,0,0.0
9e65d6df-b145-4549-ae7c-e3e7fa6d8128,6,นายชยพล พอเพียงนฤกุล,11,สมุทรปราการ,7,03347cbc-6089-474c-a3f6-484ae981c9a6,43,พรรคพลังประชารัฐ,#1565C0,0,0,0.0
9e77f6cc-aad1-49e4-b70b-a499e9185fc4,6,นางสาวศรัณย์รัชต์ อัศววงศ์ธาดา,10,กรุงเทพมหานคร,30,a54ae018-5399-423a-8a14-4d5c849a79a0,45,พรรคเป็นธรรม,#4527A0,0,0,0.0
9edf386b-23d2-4b51-aebe-f78cf51c567c,6,นายนุกูล พูลสวัสดิ์,84,สุราษฎร์ธานี,1,965b4b93-c01e-4a2b-a987-577f2b99ebb4,49,พรรคไทยก้าวใหม่,#1E88E5,0,0,0.0
9febb070-6a0b-4405-9ddf-57f0bb5091a7,6,นายศรัณย์กร โชติวิชญทรรศน์,72,สุพรรณบุรี,4,0c044088-618b-49af-a291-fb28ffe9e0f8,11,พรรคเศรษฐกิจ,#FFA000,0,0,0.0
a10f5901-c278-4efe-a36f-71ee74707089,6,ว่าที่ร้อยตรีเกียรติศักดิ์ คงเขียว,13,ปทุมธานี,6,d7155f6d-736d-42c0-8bc0-00ee6e1970dc,27,พรรคประชาธิปัตย์,#0066B3,0,0,0.0
a118653a-5f02-49c6-a7bc-7fc61f1671bf,6,นายจำลอง เงินยวง,13,ปทุมธานี,4,013c219e-e197-416d-84ea-00ba9c35465e,37,พรรคภูมิใจไทย,#3949AB,0,0,0.0
a197cc12-f23b-4c3e-b7d6-bfe0f84db81e,6,นายพราหมณ์ มุกดาสนิท,22,จันทบุรี,3,03347cbc-6089-474c-a3f6-484ae981c9a6,43,พรรคพลังประชารัฐ,#1565C0,0,0,0.0
a20a7865-2b80-43ee-8e01-665831c8d1e1,6,นายสยาม เพ็งทอง,38,บึงกาฬ,1,013c219e-e197-416d-84ea-00ba9c35465e,37,พรรคภูมิใจไทย,#3949AB,0,0,0.0
a29e59e0-a442-406e-a86f-564ca5cb6b3c,6,นางสาวนัจภัค กรเกษม,10,กรุงเทพมหานคร,28,a62aca08-91b7-4f3f-ba8f-cb9e884a3799,42,พรรคกล้าธรรม,#5D4037,0,0,0.0
a2c5c26b-01f6-4c1a-bf6d-ed9b0035f4b1,6,ร้อยตำรวจเอกประสิทธิ์ ทิวงศ์ษา,52,ลำปาง,1,0c044088-618b-49af-a291-fb28ffe9e0f8,11,พรรคเศรษฐกิจ,#FFA000,0,0,0.0
a32ce1dd-3dd0-45c9-907c-179b9cdc2eca,6,นายปฐมพงศ์ สูญจันทร์,73,นครปฐม,5,a62aca08-91b7-4f3f-ba8f-cb9e884a3799,42,พรรคกล้าธรรม,#5D4037,0,0,0.0
a521c0b8-bd38-4e46-a52c-3aa3abc8c009,6,นายปรีชานนท์ สรรพจิตต์,80,นครศรีธรรมราช,7,2d8a1c84-0bc8-4377-965d-c020a0097c27,9,พรรคเพื่อไทย,#E4002B,0,0,0.0
a563e51e-aaa3-4b3f-801c-ab1c2867b5b7,6,นายภูมินันท์ กัญญาบุตร,33,ศรีสะเกษ,5,0c044088-618b-49af-a291-fb28ffe9e0f8,11,พรรคเศรษฐกิจ,#FFA000,0,0,0.0
a5a5a10f-2728-4f65-b16a-8737bb814f3b,6,สิบเอกวีระยุทธ ผาริวงค์,37,อำนาจเจริญ,1,0db115a9-bb11-4fc0-9008-4acee3614999,2,พรรคเพื่อชาติไทย,#D32F2F,0,0,0.0
a7827d7e-dbe3-4c25-98db-66762039e65b,6,นายยรรยง ผิวอ่อน,32,สุรินทร์,4,d7155f6d-736d-42c0-8bc0-00ee6e1970dc,27,พรรคประชาธิปัตย์,#0066B3,0,0,0.0
a86f49ba-7506-4d29-b6f1-341c671cbd67,6,นายปรมินทร์ จารุทัศน์โรจน์,20,ชลบุรี,6,f9cadd57-8256-49aa-9386-0da392b19fc2,29,พรรคไทยภักดี,#D32F2F,0,0,0.0
aa17b5ff-f301-4991-9532-b7488316601d,6,นายชายประจักร์ ศิริพันธุ์,80,นครศรีธรรมราช,3,1116011c-1ef3-4cca-a186-c1b9f7984ede,46,พรรคประชาชน,#F57C00,0,0,0.0
aa244785-fee2-40eb-afcb-1bf5328718b0,6,นายพลเดช ศรีแปงวงค์,62,กำแพงเพชร,4,d7155f6d-736d-42c0-8bc0-00ee6e1970dc,27,พรรคประชาธิปัตย์,#0066B3,0,0,0.0
aa97b7de-9a33-468f-8daf-3c98c9ddb4ef,6,นายดัยลามี เบ็ญบาเห็ม,90,สงขลา,7,1116011c-1ef3-4cca-a186-c1b9f7984ede,46,พรรคประชาชน,#F57C00,0,0,0.0
abe02e39-b10c-431c-9820-7833fbe4865e,6,นายวุฒิพงษ์ พวงทอง,14,พระนครศรีอยุธยา,2,2d8a1c84-0bc8-4377-965d-c020a0097c27,9,พรรคเพื่อไทย,#E4002B,0,0,0.0
ac3c6141-5d80-4b9e-8e78-8d0bb0edbe0c,6,นายอุทัย มิ่งขวัญ,30,นครราชสีมา,4,a62aca08-91b7-4f3f-ba8f-cb9e884a3799,42,พรรคกล้าธรรม,#5D4037,0,0,0.0
aca1efd6-51fc-4d9b-b7ce-7b59c64878f2,6,นายภูวนัย บุญแท่น,53,อุตรดิตถ์,2,339fa187-133c-4766-a6c2-36d1b32cda8f,23,พรรคปวงชนไทย,#827717,0,0,0.0
acee57a6-6d0c-48dd-a4a9-1ee2a9353dbd,6,นายอาหมัดบูรฮัน ติพอง,94,ปัตตานี,4,2d8a1c84-0bc8-4377-965d-c020a0097c27,9,พรรคเพื่อไทย,#E4002B,0,0,0.0
ae24ca5c-d439-4740-a697-019966bc638d,6,นายวิเชียร เจริญนนทสิทธิ์,12,นนทบุรี,7,a62aca08-91b7-4f3f-ba8f-cb9e884a3799,42,พรรคกล้าธรรม,#5D4037,0,0,0.0
ae600769-f00c-4774-b96d-d9d1d7561d40,6,นางสาวณัฐวรินธร บวรภัควุฒิสิริ,10,กรุงเทพมหานคร,9,013c219e-e197-416d-84ea-00ba9c35465e,37,พรรคภูมิใจไทย,#3949AB,0,12,0.0
ae80bf7f-1fd9-443c-bd33-62c2f0ec6a21,6,นายทรงพล สุขสมบูรณ์,14,พระนครศรีอยุธยา,1,013c219e-e197-416d-84ea-00ba9c35465e,37,พรรคภูมิใจไทย,#3949AB,0,0,0.0
aff113e0-fda1-4520-b09a-7381b9f2127c,6,นางสาวณภัทธิรา โชติโอฬารกุล,39,หนองบัวลำภู,3,d7155f6d-736d-42c0-8bc0-00ee6e1970dc,27,พรรคประชาธิปัตย์,#0066B3,0,0,0.0
b1cd60d0-4817-452f-b279-c7377689c427,6,นายอนันต์ หลอดคำ,35,ยโสธร,2,d1964fe3-2dd0-43d5-a190-77fbfaf586b2,8,พรรคประชาธิปไตยใหม่,#1976D2,0,0,0.0
b1f5e655-6a03-4aaa-837f-104797133e88,6,นายรุจิกร จันทร,90,สงขลา,9,03347cbc-6089-474c-a3f6-484ae981c9a6,43,พรรคพลังประชารัฐ,#1565C0,0,0,0.0
b21e3d65-0abf-48ef-96cd-cf22cbe4f934,6,นายเสรี สุขถาวร,73,นครปฐม,6,a62aca08-91b7-4f3f-ba8f-cb9e884a3799,42,พรรคกล้าธรรม,#5D4037,0,0,0.0
b238c3ad-2c47-430a-b098-dd284f20956f,6,นายสรัลชา ศรีชลวัฒนา,20,ชลบุรี,1,d7155f6d-736d-42c0-8bc0-00ee6e1970dc,27,พรรคประชาธิปัตย์,#0066B3,0,0,0.0
b25a308b-f467-41da-bee0-cb3a97a0d430,6,นางสาวชนากาณ เหลืองประเสริฐ,21,ระยอง,5,cb1b6cf2-41fa-49b1-a060-01acf13edc81,48,พรรคไทยสร้างไทย,#00ACC1,0,0,0.0
b25d5100-08c6-492b-b39f-18270ddc2a99,6,นายพงษ์ศักดิ์ จ่าแก้ว,84,สุราษฎร์ธานี,7,a62aca08-91b7-4f3f-ba8f-cb9e884a3799,42,พรรคกล้าธรรม,#5D4037,0,0,0.0
b2e20e4c-dffc-4265-8135-a52bdaed6f1a,6,นางสาวรัตติภรณ์ ทุมเที่ยง,48,นครพนม,4,0c044088-618b-49af-a291-fb28ffe9e0f8,11,พรรคเศรษฐกิจ,#FFA000,0,0,0.0
b2ef14ae-a0e6-4999-88a9-5021efc5ebaf,6,นายนภา วันดี,11,สมุทรปราการ,2,b6a2dc38-6f7d-4865-a6e0-a1b60a2edf32,30,พรรคแรงงานสร้างชาติ,#1976D2,0,0,0.0
b364a65a-f8ec-463a-8986-251edb5a2df5,6,นางสาวปิยาภรณ์ ไตลังคะ,13,ปทุมธานี,2,54706125-9661-467d-a8af-78994d14b116,35,พรรครักชาติ,#B71C1C,0,0,0.0
b3e2ff2e-0e01-47f0-b3b3-252fa62cd8ef,6,นายอุตดม สง่างาม,71,กาญจนบุรี,5,aec0c4f2-be03-4a06-a205-b00971871173,1,พรรคไทยทรัพย์ทวี,#FFB300,0,0,0.0
b4c0377f-6dca-4c57-a5e6-d849ce3c11c7,6,นางสาวกาญจนา จังหวะ,36,ชัยภูมิ,4,a62aca08-91b7-4f3f-ba8f-cb9e884a3799,42,พรรคกล้าธรรม,#5D4037,0,0,0.0
b4d44834-8a2f-45e6-bf20-92c8a1e1fad9,6,นายธโนภาส สินไชย,92,ตรัง,1,d7155f6d-736d-42c0-8bc0-00ee6e1970dc,27,พรรคประชาธิปัตย์,#0066B3,0,0,0.0
b4daecc2-d3b6-4f87-b549-9b5152dfb1c9,6,ว่าที่ร้อยตรีเสรี รูปิยะเวช,76,เพชรบุรี,3,0c044088-618b-49af-a291-fb28ffe9e0f8,11,พรรคเศรษฐกิจ,#FFA000,0,0,0.0
b55cd7e2-a5d9-4287-8537-e113ff9d3b7d,6,นายธนธัส ขุนนุช,75,สมุทรสงคราม,1,2d8a1c84-0bc8-4377-965d-c020a0097c27,9,พรรคเพื่อไทย,#E4002B,0,0,0.0
b628c537-f9e6-49fc-842b-0da9a9732485,6,นายอินตา เมืองมูล,57,เชียงราย,4,115da917-bf32-4e96-a2ae-b7818d0909ee,6,พรรครวมไทยสร้างชาติ,#FF6D00,0,0,0.0
b6d8ec9d-b10b-4a84-a317-d4a7adec97c2,6,นายณรงค์ ภูอิทธิวงศ์,50,เชียงใหม่,9,d7155f6d-736d-42c0-8bc0-00ee6e1970dc,27,พรรคประชาธิปัตย์,#0066B3,0,0,0.0
b82ec9ed-05e6-473e-96e3-227866f29db9,6,นายบรรพต ยาฟอง,42,เลย,4,03347cbc-6089-474c-a3f6-484ae981c9a6,43,พรรคพลังประชารัฐ,#1565C0,0,0,0.0
b8b88b25-2d63-41db-9b53-0959834d9436,6,นายภาคภูมิ บูลย์ประมุข,63,ตาก,3,a62aca08-91b7-4f3f-ba8f-cb9e884a3799,42,พรรคกล้าธรรม,#5D4037,0,0,0.0
b942a8d6-3066-467d-9b3f-268ec1b901be,6,นางปวีณา วัชราวรกุล,16,ลพบุรี,1,a62aca08-91b7-4f3f-ba8f-cb9e884a3799,42,พรรคกล้าธรรม,#5D4037,0,0,0.0
b9ac9eb7-2909-412e-9b62-2f0f7f7045a9,6,นายประเสริฐ บุญเรือง,46,กาฬสินธุ์,6,013c219e-e197-416d-84ea-00ba9c35465e,37,พรรคภูมิใจไทย,#3949AB,0,0,0.0
ba457a69-6b85-48dc-82ca-813d2c631cac,6,นางสาวสุพรรษา เย็นเพ็ชร,12,นนทบุรี,2,d7155f6d-736d-42c0-8bc0-00ee6e1970dc,27,พรรคประชาธิปัตย์,#0066B3,0,0,0.0
ba5db0fd-306d-4723-a24d-d927cc538b6e,6,นายจาตุรันต์ บุญเบ็ญจรัตน์,11,สมุทรปราการ,1,a62aca08-91b7-4f3f-ba8f-cb9e884a3799,42,พรรคกล้าธรรม,#5D4037,0,0,0.0
ba77c370-47ec-48f2-9a3c-b9a4f90e703d,6,นายหร้าหมาน คลเรียน,82,พังงา,1,bd8d9f14-f757-41fb-8f37-d6128d9d012d,7,พรรคพลวัต,#EF6C00,0,0,0.0
bacdaa98-b7ce-4294-ae1b-a1d0e6b4faa4,6,นายยุทธศิลป์ มณีไพโรจน์,74,สมุทรสาคร,1,cb1b6cf2-41fa-49b1-a060-01acf13edc81,48,พรรคไทยสร้างไทย,#00ACC1,0,0,0.0
bcf1001f-c224-44c9-8dd2-286ade423849,6,นายทองคำ หลงเปลี่ยว,74,สมุทรสาคร,2,cb1b6cf2-41fa-49b1-a060-01acf13edc81,48,พรรคไทยสร้างไทย,#00ACC1,0,0,0.0
bd28cb93-3015-4a10-87df-b04215491ff7,6,นายนคเรศ ฤทธิรอน,65,พิษณุโลก,2,03347cbc-6089-474c-a3f6-484ae981c9a6,43,พรรคพลังประชารัฐ,#1565C0,0,0,0.0
be9830a0-7f68-44bd-b104-9073ddd7b519,6,นายบุญศุภภะ ตัณฑัยย์,83,ภูเก็ต,1,d7155f6d-736d-42c0-8bc0-00ee6e1970dc,27,พรรคประชาธิปัตย์,#0066B3,0,0,0.0
bf7ed175-82c8-4f35-9bd8-47c56deba7c6,6,นางสาวดรุณี ขำดอน,64,สุโขทัย,4,d7155f6d-736d-42c0-8bc0-00ee6e1970dc,27,พรรคประชาธิปัตย์,#0066B3,0,0,0.0
bf8b8000-e465-4fbb-b717-c041326fb35d,6,นายภัทรพนธ์ ชาชุมพร,50,เชียงใหม่,8,c126e4e4-be85-44e6-bf3e-f9331b9f91a9,24,พรรควิชชั่นใหม่,#7CB342,0,0,0.0
bfdf587d-1d1f-4143-9c11-66bd8d835a2c,6,นายธนาธร โล่ห์สุนทร,52,ลำปาง,2,2d8a1c84-0bc8-4377-965d-c020a0097c27,9,พรรคเพื่อไทย,#E4002B,0,0,0.0
c01df33a-5d98-48be-bbfd-7bfa7e4fab7c,6,นายกิตติคุณ เตชะพกาพงษ์,10,กรุงเทพมหานคร,27,339fa187-133c-4766-a6c2-36d1b32cda8f,23,พรรคปวงชนไทย,#827717,0,0,0.0
c127bf1e-c992-48ce-8fa9-84217031e570,6,นายธนชาติ ไชยทองพันธ์,47,สกลนคร,6,1116011c-1ef3-4cca-a186-c1b9f7984ede,46,พรรคประชาชน,#F57C00,0,0,0.0
c575b186-452c-47b4-a179-0172e51df0e6,6,นางสาวสุรัสวดี ดวงสมศรี,45,ร้อยเอ็ด,2,bd8d9f14-f757-41fb-8f37-d6128d9d012d,7,พรรคพลวัต,#EF6C00,0,0,0.0
c6ea6241-c8e1-4aa1-a0a2-2d10ef593aba,6,ร้อยตำรวจเอกวีระพงษ์ แดนพิมาย,30,นครราชสีมา,5,0c044088-618b-49af-a291-fb28ffe9e0f8,11,พรรคเศรษฐกิจ,#FFA000,0,0,0.0
c7813cc1-9bc3-4111-8237-34efc28f95c5,6,นายเกียรติศักดิ์ บัวเกตุ,41,อุดรธานี,3,d1964fe3-2dd0-43d5-a190-77fbfaf586b2,8,พรรคประชาธิปไตยใหม่,#1976D2,0,0,0.0
c89da1e7-7738-45ff-b033-21a21528c780,6,นายวุฒิชัย งามวงศ์,30,นครราชสีมา,11,bdd306a2-80c7-4d7b-a7ff-8dc1ec9fcc76,10,พรรคทางเลือกใหม่,#00838F,0,0,0.0
c8ec6639-3a09-467f-8c42-bd5aaa2312a1,6,นายโสโชค สู้โนนตาด,36,ชัยภูมิ,2,115da917-bf32-4e96-a2ae-b7818d0909ee,6,พรรครวมไทยสร้างชาติ,#FF6D00,0,0,0.0
c904d411-30fa-4b89-b7a8-35ac971ad4cc,6,พ.อ.ปรมะ เรืองสูงเนิน,31,บุรีรัมย์,10,0c044088-618b-49af-a291-fb28ffe9e0f8,11,พรรคเศรษฐกิจ,#FFA000,0,0,0.0
c93441bc-02c6-4b13-a207-cee56fddff47,6,นายพลภูมิ วิภัติภูมิประเทศ,10,กรุงเทพมหานคร,15,2d8a1c84-0bc8-4377-965d-c020a0097c27,9,พรรคเพื่อไทย,#E4002B,0,0,0.0
c994729e-caab-4dad-b678-df25f2502495,6,นายอุทิศ มณีจันสุข,57,เชียงราย,2,1116011c-1ef3-4cca-a186-c1b9f7984ede,46,พรรคประชาชน,#F57C00,0,0,0.0
c9a1a858-8900-46a8-b885-837c2c0762e9,6,นางพัสพร แก้วเขียว,72,สุพรรณบุรี,5,cb1b6cf2-41fa-49b1-a060-01acf13edc81,48,พรรคไทยสร้างไทย,#00ACC1,0,0,0.0
cacf7dcd-1dad-479c-8b86-a05adbb3fd1d,6,นายอนุสรณ์ อัตพุฒ,13,ปทุมธานี,3,03347cbc-6089-474c-a3f6-484ae981c9a6,43,พรรคพลังประชารัฐ,#1565C0,0,0,0.0
cc0ee6f0-1a01-475f-b317-537a16d6f307,6,ว่าที่ร้อยตรีหญิงนุชนาฏ หุ่นอยู่,10,กรุงเทพมหานคร,20,cb1b6cf2-41fa-49b1-a060-01acf13edc81,48,พรรคไทยสร้างไทย,#00ACC1,0,0,0.0
cc1763bd-a999-4e14-b7fc-d44cf65eef78,6,นางณัฎฐณิชา เหลือกาฬ,60,นครสวรรค์,2,0c044088-618b-49af-a291-fb28ffe9e0f8,11,พรรคเศรษฐกิจ,#FFA000,0,0,0.0
ccf17a84-f30e-47d6-94a4-fc3b9b4a5ed5,6,พันตำรวจโททวีวัชร ปิติปภาดา,62,กำแพงเพชร,1,115da917-bf32-4e96-a2ae-b7818d0909ee,6,พรรครวมไทยสร้างชาติ,#FF6D00,0,0,0.0
cd73ba64-039a-42f6-814c-6a1e474803f9,6,นายไพโรจน์ อิสระเสรีพงษ์,10,กรุงเทพมหานคร,17,2d8a1c84-0bc8-4377-965d-c020a0097c27,9,พรรคเพื่อไทย,#E4002B,0,0,0.0
cddd5b0f-9e7f-4136-a184-a44e8fb2790b,6,นายณัฐพล ขวัญแจ่ม,67,เพชรบูรณ์,1,339fa187-133c-4766-a6c2-36d1b32cda8f,23,พรรคปวงชนไทย,#827717,0,0,0.0
ce11b54f-c551-4563-b0df-3d6169db9e2f,6,นางภุมรา จันทรสุรินทร์,52,ลำปาง,4,013c219e-e197-416d-84ea-00ba9c35465e,37,พรรคภูมิใจไทย,#3949AB,0,0,0.0
ce3f9fd6-8c16-4060-a80f-dcd57a3d3473,6,นายสิริพรชัย ฐิติเจริญวงศ์,30,นครราชสีมา,14,0c044088-618b-49af-a291-fb28ffe9e0f8,11,พรรคเศรษฐกิจ,#FFA000,0,0,0.0
ce8502de-f6e4-4c5f-9473-346ed10102b5,6,นางสาวนูรฮายาตี สาเมาะ,95,ยะลา,2,1116011c-1ef3-4cca-a186-c1b9f7984ede,46,พรรคประชาชน,#F57C00,0,0,0.0
cebbb759-ea89-47a8-bee3-acf03c335705,6,นางสาวแพญาริณธ์ เจียอัครเตชานน,74,สมุทรสาคร,3,d7155f6d-736d-42c0-8bc0-00ee6e1970dc,27,พรรคประชาธิปัตย์,#0066B3,0,0,0.0
cf911011-5d67-4a93-9e23-6e6195762f43,6,นายธรรมนูญ เหียบขุนทด,10,กรุงเทพมหานคร,25,03347cbc-6089-474c-a3f6-484ae981c9a6,43,พรรคพลังประชารัฐ,#1565C0,0,0,0.0
d03cf698-3b69-46e1-931b-d790d94e48f3,6,นายวุฒิพงษ์ ศิริสถิตย์,39,หนองบัวลำภู,1,03347cbc-6089-474c-a3f6-484ae981c9a6,43,พรรคพลังประชารัฐ,#1565C0,0,0,0.0
d1110ade-4320-442b-83e0-89e36535143e,6,พันตำรวจเอกเอกอนันต์ หูแก้ว,27,สระแก้ว,1,1116011c-1ef3-4cca-a186-c1b9f7984ede,46,พรรคประชาชน,#F57C00,0,0,0.0
d1754aff-42e1-48c8-88a0-1fd400560ff9,6,นายฉัตรชัย เล็กบุญแถม,21,ระยอง,1,115da917-bf32-4e96-a2ae-b7818d0909ee,6,พรรครวมไทยสร้างชาติ,#FF6D00,0,0,0.0
d1cbf2c0-f332-4b2e-9c7b-43c5553c509d,6,นางสาวรุ่งฤดี จะโชนรัมย์,31,บุรีรัมย์,4,a62aca08-91b7-4f3f-ba8f-cb9e884a3799,42,พรรคกล้าธรรม,#5D4037,0,0,0.0
d286f36d-e2c0-46c2-abf8-074663250ffc,6,ร.ท.อเนก ก้อนมณี,67,เพชรบูรณ์,3,0c044088-618b-49af-a291-fb28ffe9e0f8,11,พรรคเศรษฐกิจ,#FFA000,0,0,0.0
d3723b4d-ba90-4d2b-83bb-d21a418923d6,6,นางสาววราพร เตชาวัฒนวิศาล,71,กาญจนบุรี,3,0c044088-618b-49af-a291-fb28ffe9e0f8,11,พรรคเศรษฐกิจ,#FFA000,0,0,0.0
d4077e71-901a-4e1b-b9d3-d944fc261ee5,6,นางสาวปุญญ์ชญาฌ์ ท้วมโพธิ์แก้ว,60,นครสวรรค์,3,6102915f-e8bc-4149-8265-ec74489adf2f,4,พรรคมิติใหม่,#039BE5,0,0,0.0
d40c8d33-aa03-498f-b9e1-bf55b0222202,6,นายอุดร โพธิ์พ่วง,77,ประจวบคีรีขันธ์,1,2d8a1c84-0bc8-4377-965d-c020a0097c27,9,พรรคเพื่อไทย,#E4002B,0,0,0.0
d41c9a76-941b-4813-bd7e-290f4565d2e8,6,นายพล อิสระลักษณ์,80,นครศรีธรรมราช,5,bd8d9f14-f757-41fb-8f37-d6128d9d012d,7,พรรคพลวัต,#EF6C00,0,0,0.0
d532f1fb-c17e-411d-89ca-3fa616adcda4,6,นายพัฑฒิณัฐ สุตวณิชย์,32,สุรินทร์,6,d7155f6d-736d-42c0-8bc0-00ee6e1970dc,27,พรรคประชาธิปัตย์,#0066B3,0,0,0.0
d68876c7-7056-445e-9264-2b0c25b85dde,6,นายสุภีรภัทร ภูมิภักดิ์,41,อุดรธานี,8,013c219e-e197-416d-84ea-00ba9c35465e,37,พรรคภูมิใจไทย,#3949AB,0,0,0.0
d76339bf-b0f1-43db-b3a7-1f6cd3d42eb9,6,นายวิทยา ครองยุติ,34,อุบลราชธานี,2,d1964fe3-2dd0-43d5-a190-77fbfaf586b2,8,พรรคประชาธิปไตยใหม่,#1976D2,0,0,0.0
d7a88fa2-d28a-4283-b36b-ec5644e6ed7e,6,นายเอนก ปักนอก,30,นครราชสีมา,16,cb222672-cb24-4115-8454-75d3a2e14c91,40,พรรคไทยธรรม,#6D4C41,0,0,0.0
da6f7276-87e1-4967-95b5-db2dde2a9dc1,6,นายกนิษฐ์ วิเศษสิงห์,71,กาญจนบุรี,2,1116011c-1ef3-4cca-a186-c1b9f7984ede,46,พรรคประชาชน,#F57C00,0,0,0.0
db8ce7ea-49fc-4dc4-85d2-387b39a12ea0,6,นายปิติกรณ์ บรรณเภสัช,10,กรุงเทพมหานคร,5,1116011c-1ef3-4cca-a186-c1b9f7984ede,46,พรรคประชาชน,#F57C00,0,0,0.0
dbcaa7ad-82e1-4e07-9db3-4c4b95dbd0cc,6,นายฉัตรชัย ใจเย็น,56,พะเยา,1,d7155f6d-736d-42c0-8bc0-00ee6e1970dc,27,พรรคประชาธิปัตย์,#0066B3,0,0,0.0
dc8adacf-845b-4d7f-9537-9baa0d1f4ec4,6,นายชนินทร์ มีนาสันติรักษ์,44,มหาสารคาม,4,a62aca08-91b7-4f3f-ba8f-cb9e884a3799,42,พรรคกล้าธรรม,#5D4037,0,0,0.0
dd1f7315-9b90-4463-b4f4-7cb301895f75,6,นายเอกราช ใกล้สว่าง,14,พระนครศรีอยุธยา,3,d7155f6d-736d-42c0-8bc0-00ee6e1970dc,27,พรรคประชาธิปัตย์,#0066B3,0,0,0.0
dd336e81-78e4-4970-8686-11b668c3a036,6,นายสนธยา ภูษิต,18,ชัยนาท,1,03347cbc-6089-474c-a3f6-484ae981c9a6,43,พรรคพลังประชารัฐ,#1565C0,0,0,0.0
ddc2e065-871f-4f65-bec9-0262c3a29246,6,นายทรงศักดิ์ ศิริสถิตย์,39,หนองบัวลำภู,2,03347cbc-6089-474c-a3f6-484ae981c9a6,43,พรรคพลังประชารัฐ,#1565C0,0,0,0.0
dedcbaac-a849-4999-a2ab-fdd7db86ca03,6,นายเฉลิมพงศ์ แสงดี,83,ภูเก็ต,2,1116011c-1ef3-4cca-a186-c1b9f7984ede,46,พรรคประชาชน,#F57C00,0,0,0.0
e0ade677-77c9-4b64-b9ee-6448547d0720,6,นายพงศธร ศรเพชรนรินทร์,21,ระยอง,3,1116011c-1ef3-4cca-a186-c1b9f7984ede,46,พรรคประชาชน,#F57C00,0,0,0.0
e1c75f66-6377-4c6c-8c0a-f975e82591b8,6,นายวันอับดุลเลาะฮ์ หล๊ะติหมะ,90,สงขลา,5,0c044088-618b-49af-a291-fb28ffe9e0f8,11,พรรคเศรษฐกิจ,#FFA000,0,0,0.0
e225af92-192c-4dc5-9c59-1a14e3969974,6,นายสงกรานต์ ภาชนะ,20,ชลบุรี,7,013c219e-e197-416d-84ea-00ba9c35465e,37,พรรคภูมิใจไทย,#3949AB,0,0,0.0
e24ff2be-9c9e-4a6b-9fff-eed2d08beb28,6,นางสาวศิริลักษณ์ ตันงามตรง,70,ราชบุรี,3,03347cbc-6089-474c-a3f6-484ae981c9a6,43,พรรคพลังประชารัฐ,#1565C0,0,0,0.0
e2cca212-33c9-4957-a78e-57f85dc334d8,6,นายอานนท์ งามดอกไม้,74,สมุทรสาคร,4,1116011c-1ef3-4cca-a186-c1b9f7984ede,46,พรรคประชาชน,#F57C00,0,0,0.0
e323634f-00cb-4ab0-beab-598c1ca96269,6,นายสุภกร ตันติไพบูลย์ธนะ,10,กรุงเทพมหานคร,22,1116011c-1ef3-4cca-a186-c1b9f7984ede,46,พรรคประชาชน,#F57C00,0,0,0.0
e3a3fb9e-21de-47da-991b-6c4c58b2592e,6,นายจิรทัศ ไกรเดชา,14,พระนครศรีอยุธยา,5,2d8a1c84-0bc8-4377-965d-c020a0097c27,9,พรรคเพื่อไทย,#E4002B,0,0,0.0
e48d063f-da1e-43df-9c6c-2f77424c8f67,6,นายประสิทธิ์ แก้วประสิทธิ์,27,สระแก้ว,3,013c219e-e197-416d-84ea-00ba9c35465e,37,พรรคภูมิใจไทย,#3949AB,0,0,0.0
e4bae268-69c0-4750-9bbb-6d6063cb4299,6,นายเทวกฤต อินทวงค์,80,นครศรีธรรมราช,9,03347cbc-6089-474c-a3f6-484ae981c9a6,43,พรรคพลังประชารัฐ,#1565C0,0,0,0.0
e526d2b4-335f-4033-a5e0-e95068a89143,6,นายประพันธ์ คนหาญ,49,มุกดาหาร,2,013c219e-e197-416d-84ea-00ba9c35465e,37,พรรคภูมิใจไทย,#3949AB,0,0,0.0
e5615702-b4f2-4d12-962d-1c959def32e8,6,นายสิรภพ สมผล,47,สกลนคร,1,a62aca08-91b7-4f3f-ba8f-cb9e884a3799,42,พรรคกล้าธรรม,#5D4037,0,0,0.0
e7abb2b9-d580-4339-ba78-56d2a87fb802,6,นายจตุพร นิยมพฤกษ์,22,จันทบุรี,2,0c044088-618b-49af-a291-fb28ffe9e0f8,11,พรรคเศรษฐกิจ,#FFA000,0,0,0.0
e8f68322-4014-490b-9957-113921a0094a,6,นายธีรศักดิ์ วีระจินตวงศ์,34,อุบลราชธานี,11,1116011c-1ef3-4cca-a186-c1b9f7984ede,46,พรรคประชาชน,#F57C00,0,0,0.0
ea1fbe7c-bcd7-4885-a0a4-2fb2044fdb98,6,นางสาวดนิตา มาบุญธรรม,45,ร้อยเอ็ด,4,965b4b93-c01e-4a2b-a987-577f2b99ebb4,49,พรรคไทยก้าวใหม่,#1E88E5,0,0,0.0
eabaaab4-d2ed-4713-82b1-2dc6fc24eff4,6,พันตำรวจโทจิตต์ ศรีโยหะ มุกดาธนพงศ์,49,มุกดาหาร,1,03347cbc-6089-474c-a3f6-484ae981c9a6,43,พรรคพลังประชารัฐ,#1565C0,0,0,0.0
ec105889-f17e-4079-b21c-47f1e5aec1d2,6,นายภูมิสิน การะเวก,32,สุรินทร์,5,d7155f6d-736d-42c0-8bc0-00ee6e1970dc,27,พรรคประชาธิปัตย์,#0066B3,0,0,0.0
ed030d53-89d4-4e85-9631-cf9076452104,6,นายสงกรานต์ แสงสุข,11,สมุทรปราการ,5,339fa187-133c-4766-a6c2-36d1b32cda8f,23,พรรคปวงชนไทย,#827717,0,0,0.0
ed0fd744-7dbb-4b26-987e-283f77b3c1ad,6,นายปรัตธนกรณ์ โยธาราช,44,มหาสารคาม,5,1116011c-1ef3-4cca-a186-c1b9f7984ede,46,พรรคประชาชน,#F57C00,0,0,0.0
ee139be1-11bb-4c62-8fdf-99a8fd084c70,6,นายปรีชาวิชญ์ ฉิมผกา,23,ตราด,1,d7155f6d-736d-42c0-8bc0-00ee6e1970dc,27,พรรคประชาธิปัตย์,#0066B3,0,0,0.0
ee7850fa-7e68-4dae-b230-57d564c991ba,6,นายกันต์พงษ์ ประยูรศักดิ์,10,กรุงเทพมหานคร,19,1116011c-1ef3-4cca-a186-c1b9f7984ede,46,พรรคประชาชน,#F57C00,0,13,0.0
ef6148cf-56f6-4b9d-be3a-293bfae5355d,6,นางสาวจารุนันท์ วรรณวงค์,48,นครพนม,2,115da917-bf32-4e96-a2ae-b7818d0909ee,6,พรรครวมไทยสร้างชาติ,#FF6D00,0,0,0.0
efaeb71b-592a-44b0-a34d-b8df594b9a8b,6,นางประนอม แซ่ลี้,11,สมุทรปราการ,8,03347cbc-6089-474c-a3f6-484ae981c9a6,43,พรรคพลังประชารัฐ,#1565C0,0,0,0.0
f06e55d3-ad24-4d40-aee8-7c8111a13c17,6,นายภาณุ ยนต์สุข,30,นครราชสีมา,12,2ee17641-917b-4ea0-8c19-da383e03e915,44,พรรคโอกาสใหม่,#26C6DA,0,0,0.0
f132a5d3-1136-4510-bd6d-9fbf0f45b827,6,นายเสถียร แก้วงาม,92,ตรัง,4,a62aca08-91b7-4f3f-ba8f-cb9e884a3799,42,พรรคกล้าธรรม,#5D4037,0,0,0.0
f13f424a-1384-4aac-994b-371997233ca1,6,นายอธิรัฐ รัตนเศรษฐ,30,นครราชสีมา,7,1116011c-1ef3-4cca-a186-c1b9f7984ede,46,พรรคประชาชน,#F57C00,0,0,0.0
f1ef9ec4-dddc-4b3a-b6cd-5ca6fa5be585,6,นางสาวอามีเน๊าะ อารง,96,นราธิวาส,1,1116011c-1ef3-4cca-a186-c1b9f7984ede,46,พรรคประชาชน,#F57C00,0,0,0.0
f2f50135-dd84-4d3e-958d-0930a32e2305,6,นายบุญทรง ลึกลาภ,31,บุรีรัมย์,8,d7155f6d-736d-42c0-8bc0-00ee6e1970dc,27,พรรคประชาธิปัตย์,#0066B3,0,0,0.0
f321021c-9cd5-4b4a-b891-fd8155e37fd6,6,นายสัมพันธ์ ศรีสังข์งาม,72,สุพรรณบุรี,2,0c044088-618b-49af-a291-fb28ffe9e0f8,11,พรรคเศรษฐกิจ,#FFA000,0,0,0.0
f3ca0598-59df-4f51-9776-8dd305978b88,6,นายอภิรักษ์ อินดี,64,สุโขทัย,1,0c044088-618b-49af-a291-fb28ffe9e0f8,11,พรรคเศรษฐกิจ,#FFA000,0,0,0.0
f77897bb-c1d6-43e3-831e-5663064e6db5,6,นายธีระวิทย์ วงศ์เพชร,10,กรุงเทพมหานคร,18,965b4b93-c01e-4a2b-a987-577f2b99ebb4,49,พรรคไทยก้าวใหม่,#1E88E5,0,0,0.0
f7e412d5-dc71-4762-b2df-e7e12b273661,6,นายชัยณรงค์ คล้ายเนียม,66,พิจิตร,2,1116011c-1ef3-4cca-a186-c1b9f7984ede,46,พรรคประชาชน,#F57C00,0,0,0.0
f8b07a29-12d3-4cfa-9306-84ce8ae957ce,6,นายรัฐกิจ เฮงตระกูล,20,ชลบุรี,9,2d8a1c84-0bc8-4377-965d-c020a0097c27,9,พรรคเพื่อไทย,#E4002B,0,0,0.0
f962c820-d944-4212-aff0-fd8bd3d1fc95,6,นายลัทธชัย โชคชัยวัฒนากร,44,มหาสารคาม,3,013c219e-e197-416d-84ea-00ba9c35465e,37,พรรคภูมิใจไทย,#3949AB,0,0,0.0
f9958eb1-d3e1-4ff0-802b-d830f08182ea,6,นายภูวพัฒน์ ชนะสกล,10,กรุงเทพมหานคร,23,cb1b6cf2-41fa-49b1-a060-01acf13edc81,48,พรรคไทยสร้างไทย,#00ACC1,0,0,0.0
fa7b4a1e-309c-45ca-ba2f-de52d7f7fcfb,6,นายอดุลย์ สุนทราวงศ์,11,สมุทรปราการ,4,a62aca08-91b7-4f3f-ba8f-cb9e884a3799,42,พรรคกล้าธรรม,#5D4037,0,0,0.0
fb41e234-c654-48f3-99fc-465bc93c5f0c,6,นายวิรัช พิมพะนิตย์,46,กาฬสินธุ์,1,2d8a1c84-0bc8-4377-965d-c020a0097c27,9,พรรคเพื่อไทย,#E4002B,0,0,0.0
fd7c24a4-f826-460d-83ef-f5d5648928ee,6,นายวิศรุต พัฒนชัย,46,กาฬสินธุ์,4,bdd306a2-80c7-4d7b-a7ff-8dc1ec9fcc76,10,พรรคทางเลือกใหม่,#00838F,0,0,0.0
fde9de85-0c5b-4fc7-b6bd-4f70a3e0adeb,6,นายภานุวัฒน์ คงมีความดี,58,แม่ฮ่องสอน,2,d7155f6d-736d-42c0-8bc0-00ee6e1970dc,27,พรรคประชาธิปัตย์,#0066B3,0,0,0.0
fe149fb3-8244-4cd8-bbf9-8bfb42ba0f74,6,นายเขษมศักดิ์ แก้วมา,53,อุตรดิตถ์,3,115da917-bf32-4e96-a2ae-b7818d0909ee,6,พรรครวมไทยสร้างชาติ,#FF6D00,0,0,0.0
fe515cfc-eff4-47a0-a50f-01fa836d113d,6,นายพิภพ จันทเขต,32,สุรินทร์,7,0c044088-618b-49af-a291-fb28ffe9e0f8,11,พรรคเศรษฐกิจ,#FFA000,0,0,0.0
fe5a4db4-7d74-4d8f-bc7a-5c7cb6f8b53a,6,นางลลิตา ฤกษ์สำราญ,10,กรุงเทพมหานคร,7,013c219e-e197-416d-84ea-00ba9c35465e,37,พรรคภูมิใจไทย,#3949AB,0,0,0.0
feabdd61-9ede-4668-b3c9-484d952088f8,6,นายธงทิพย์ชลิต แห่สถิตย์,48,นครพนม,1,339fa187-133c-4766-a6c2-36d1b32cda8f,23,พรรคปวงชนไทย,#827717,0,0,0.0
fec9df1f-965c-490d-8b89-dba04a82a397,6,นายกำพล ตั้งเอกชัย,20,ชลบุรี,8,03347cbc-6089-474c-a3f6-484ae981c9a6,43,พรรคพลังประชารัฐ,#1565C0,0,0,0.0
008d3e10-6cb0-469b-b1a6-b20b01201f1a,7,นายภัทรพล หมดมลทิน,10,กรุงเทพมหานคร,1,f9cadd57-8256-49aa-9386-0da392b19fc2,29,พรรคไทยภักดี,#D32F2F,0,0,0.0
01972153-76d1-49d7-a8d7-6a6244e46edb,7,นายรัชฏะ สมรทินกร,10,กรุงเทพมหานคร,14,03347cbc-6089-474c-a3f6-484ae981c9a6,43,พรรคพลังประชารัฐ,#1565C0,0,0,0.0
02e285d4-ccf7-4fec-9b0d-29463199b221,7,นายธนกิจ สาโสภา,10,กรุงเทพมหานคร,17,b6a2dc38-6f7d-4865-a6e0-a1b60a2edf32,30,พรรคแรงงานสร้างชาติ,#1976D2,0,0,0.0
03223b65-61ee-4a31-b7af-97fe06ad1b4b,7,นายสุวิทย์ นันอำไพ,46,กาฬสินธุ์,5,d7155f6d-736d-42c0-8bc0-00ee6e1970dc,27,พรรคประชาธิปัตย์,#0066B3,0,0,0.0
038acf65-604b-4278-9713-371a1c6ac957,7,นายวินัย ติยะบุตร,38,บึงกาฬ,2,d7155f6d-736d-42c0-8bc0-00ee6e1970dc,27,พรรคประชาธิปัตย์,#0066B3,0,0,0.0
05bca47c-eed9-4844-b18a-39bebcf0d4b4,7,นายประทวน สุทธิอำนวยเดช,16,ลพบุรี,1,0c044088-618b-49af-a291-fb28ffe9e0f8,11,พรรคเศรษฐกิจ,#FFA000,0,0,0.0
061887c3-cb7a-4f00-b345-7ea907a0b589,7,นางสาววรานันท์ พิมพ์ดี,45,ร้อยเอ็ด,6,1116011c-1ef3-4cca-a186-c1b9f7984ede,46,พรรคประชาชน,#F57C00,0,0,0.0
0707d0c9-6e4d-4aaf-bd87-26753eb16595,7,นางสาวพฤกษา พฤกษานิตย์,21,ระยอง,1,cb1b6cf2-41fa-49b1-a060-01acf13edc81,48,พรรคไทยสร้างไทย,#00ACC1,0,0,0.0
07a5911e-ce33-4024-9d27-7cc84989e24e,7,นางสาวปัญชญาภรณ์ ศักดิ์ปฐมพานิชย์,70,ราชบุรี,3,1116011c-1ef3-4cca-a186-c1b9f7984ede,46,พรรคประชาชน,#F57C00,0,0,0.0
07d881b7-0e3f-42f1-8dc6-a3baa013b49a,7,นายอำพล อินประเสริฐ,71,กาญจนบุรี,4,7255d2d0-1f49-4fd8-adad-7acfea2d5126,56,พรรคเพื่อบ้านเมือง,#1565C0,0,0,0.0
0824e07a-15a8-463c-b41e-28a41c23d93b,7,นายสุรเวศม์ รินแก้ว,50,เชียงใหม่,5,d7155f6d-736d-42c0-8bc0-00ee6e1970dc,27,พรรคประชาธิปัตย์,#0066B3,0,0,0.0
0a9e4899-9c5d-4972-a0fe-e21c26773fd1,7,นายคณิศร คำโสภา,33,ศรีสะเกษ,1,0c044088-618b-49af-a291-fb28ffe9e0f8,11,พรรคเศรษฐกิจ,#FFA000,0,0,0.0
0c403e88-e06b-4fd8-b930-afc553ad505d,7,นายอริญชัย ซูสารอ,94,ปัตตานี,4,013c219e-e197-416d-84ea-00ba9c35465e,37,พรรคภูมิใจไทย,#3949AB,0,0,0.0
0d0fee56-6c68-48e8-bd15-b103aaeb5172,7,นางสาวอริยา บุญณัชญาณวุฒิ,24,ฉะเชิงเทรา,4,d7155f6d-736d-42c0-8bc0-00ee6e1970dc,27,พรรคประชาธิปัตย์,#0066B3,0,0,0.0
0d326626-e93e-4127-ae7d-9c4acfaded62,7,นายสุริยา ขันอาสา,34,อุบลราชธานี,11,cb1b6cf2-41fa-49b1-a060-01acf13edc81,48,พรรคไทยสร้างไทย,#00ACC1,0,0,0.0
0e302b3c-37f5-41a6-9bab-3d3212b9f57b,7,นายแดนสรวง กลิ่นสุคนธ์,71,กาญจนบุรี,1,0c044088-618b-49af-a291-fb28ffe9e0f8,11,พรรคเศรษฐกิจ,#FFA000,0,0,0.0
0ec6c255-94c3-4a5a-a738-d2ef857e8a48,7,นายอนันตชาติ บัวสุวรรณ์,10,กรุงเทพมหานคร,8,2ee17641-917b-4ea0-8c19-da383e03e915,44,พรรคโอกาสใหม่,#26C6DA,0,3,0.0
1163cdc9-e785-404f-bb5a-4c0f4a2bee3d,7,พันตำรวจเอกกรวัฒน์ หันประดิษฐ์,11,สมุทรปราการ,4,2d8a1c84-0bc8-4377-965d-c020a0097c27,9,พรรคเพื่อไทย,#E4002B,0,0,0.0
127d50a3-631d-44ab-a818-705333bd1686,7,นางสาวกัญจน์พร วงศ์เวไนย,45,ร้อยเอ็ด,4,03347cbc-6089-474c-a3f6-484ae981c9a6,43,พรรคพลังประชารัฐ,#1565C0,0,0,0.0
12850430-bcb3-4cda-8154-88703a35a3d6,7,นางนฤมาศ เปี่ยมบัณฑิต,20,ชลบุรี,6,1116011c-1ef3-4cca-a186-c1b9f7984ede,46,พรรคประชาชน,#F57C00,0,0,0.0
13123686-f5ef-4aac-8c99-1332e944a12e,7,นายอุดม กันม่วง,74,สมุทรสาคร,1,2d8a1c84-0bc8-4377-965d-c020a0097c27,9,พรรคเพื่อไทย,#E4002B,0,0,0.0
131c60a8-f09d-4043-a8c5-bb3b6e6a5f37,7,นายอนันต์ เข็มทองคำ,64,สุโขทัย,2,115da917-bf32-4e96-a2ae-b7818d0909ee,6,พรรครวมไทยสร้างชาติ,#FF6D00,0,0,0.0
13ce96a2-5887-4bad-bd23-d6e1debf431e,7,ว่าที่ร้อยตรีหญิงชนิสรา ขว้างทา,51,ลำพูน,2,d7155f6d-736d-42c0-8bc0-00ee6e1970dc,27,พรรคประชาธิปัตย์,#0066B3,0,0,0.0
16c6eaaf-8587-4119-9dca-f8f9905c2569,7,นางสาวณตฤณ สุริวงษ์,74,สมุทรสาคร,4,a62aca08-91b7-4f3f-ba8f-cb9e884a3799,42,พรรคกล้าธรรม,#5D4037,0,0,0.0
1763f32d-21c9-4e35-b6b7-1f506b52253e,7,นายมนต์ชัย พงษ์เจริญ,30,นครราชสีมา,13,013c219e-e197-416d-84ea-00ba9c35465e,37,พรรคภูมิใจไทย,#3949AB,0,0,0.0
17eed332-2d49-4d18-80c5-f5fc894a9ef9,7,นายอดุล จันทร์แก้ว,12,นนทบุรี,8,013c219e-e197-416d-84ea-00ba9c35465e,37,พรรคภูมิใจไทย,#3949AB,0,0,0.0
18014dde-a166-49de-918b-d47238db0167,7,นางสาวณัฏฐ์พิชา ปธาชญ์เทียนทอง,13,ปทุมธานี,8,d1964fe3-2dd0-43d5-a190-77fbfaf586b2,8,พรรคประชาธิปไตยใหม่,#1976D2,0,0,0.0
180179cb-f4eb-4e35-85a4-e6475ac13f25,7,นายปรัชญา ปุณหะกิจ,63,ตาก,3,1116011c-1ef3-4cca-a186-c1b9f7984ede,46,พรรคประชาชน,#F57C00,0,0,0.0
193ca2da-d516-41ac-90d3-63eb49cc7655,7,ว่าที่ร้อยตรีภาณุพงศ์ บรรดาศักดิ์,12,นนทบุรี,4,013c219e-e197-416d-84ea-00ba9c35465e,37,พรรคภูมิใจไทย,#3949AB,0,0,0.0
19437077-63a8-4fd8-ad93-a767406b990a,7,นายไพศาล ใจแก้ว,50,เชียงใหม่,3,115da917-bf32-4e96-a2ae-b7818d0909ee,6,พรรครวมไทยสร้างชาติ,#FF6D00,0,0,0.0
19b4f16a-68ec-4a2e-99b6-d28c3cbcc04d,7,นายคุณากร มั่นนทีรัย,12,นนทบุรี,6,a62aca08-91b7-4f3f-ba8f-cb9e884a3799,42,พรรคกล้าธรรม,#5D4037,0,0,0.0
19c3aae6-4375-4701-9db6-2442c6fce0a5,7,นางสุภิญกัลย์ พิภพสิทธิโภคิณ,58,แม่ฮ่องสอน,2,03347cbc-6089-474c-a3f6-484ae981c9a6,43,พรรคพลังประชารัฐ,#1565C0,0,0,0.0
1ab129ab-e98f-405c-9ece-628546a04452,7,นางสาวรัชนก สุขประเสริฐ,11,สมุทรปราการ,2,1116011c-1ef3-4cca-a186-c1b9f7984ede,46,พรรคประชาชน,#F57C00,0,0,0.0
1b022293-c8dd-4944-8b5a-7fc6c8bba561,7,นายอูกูอัลฮาดีด อาแด,94,ปัตตานี,5,03347cbc-6089-474c-a3f6-484ae981c9a6,43,พรรคพลังประชารัฐ,#1565C0,0,0,0.0
1b1bf6ab-9b7d-4fde-b999-e873b427db6b,7,นางสาวนงลักษณ์ ทุงจันทร์,44,มหาสารคาม,1,2d8a1c84-0bc8-4377-965d-c020a0097c27,9,พรรคเพื่อไทย,#E4002B,0,0,0.0
1b247f0a-2e5d-411f-9596-84797acf06bf,7,นายนวกิจ พลวิเศษ,30,นครราชสีมา,7,965b4b93-c01e-4a2b-a987-577f2b99ebb4,49,พรรคไทยก้าวใหม่,#1E88E5,0,0,0.0
1bfc8936-19ef-4251-a374-5bcdd5aadd11,7,นายชุมพล หลักคำ,10,กรุงเทพมหานคร,20,1116011c-1ef3-4cca-a186-c1b9f7984ede,46,พรรคประชาชน,#F57C00,0,0,0.0
1c513990-10d7-47c9-8490-adaab64b966f,7,นางสาวมิรันตี บุญแก้ว,57,เชียงราย,7,2ee17641-917b-4ea0-8c19-da383e03e915,44,พรรคโอกาสใหม่,#26C6DA,0,0,0.0
1d585315-0ed1-4954-b142-825cd82cc543,7,นายสมดี ผาอาจ,38,บึงกาฬ,3,d1964fe3-2dd0-43d5-a190-77fbfaf586b2,8,พรรคประชาธิปไตยใหม่,#1976D2,0,0,0.0
1d71c012-714a-42f8-b4a4-5b8a4c2bd62a,7,นายชวิน คำบุญเรือง,51,ลำพูน,1,115da917-bf32-4e96-a2ae-b7818d0909ee,6,พรรครวมไทยสร้างชาติ,#FF6D00,0,0,0.0
1dee71fb-8de8-4094-8fe9-0ef099c956d9,7,นางมลธิชา ไชยบาล,57,เชียงราย,6,a62aca08-91b7-4f3f-ba8f-cb9e884a3799,42,พรรคกล้าธรรม,#5D4037,0,0,0.0
1ec09157-d356-4b0c-b06e-a7b3f424f95c,7,นายพัฒนวิทย์ ใจตรง,40,ขอนแก่น,11,a62aca08-91b7-4f3f-ba8f-cb9e884a3799,42,พรรคกล้าธรรม,#5D4037,0,0,0.0
1f6a2cc4-05e0-48e0-bdeb-986abe0f64fd,7,นางสาวมนัสวิน จันทร์เจริญ,20,ชลบุรี,8,1116011c-1ef3-4cca-a186-c1b9f7984ede,46,พรรคประชาชน,#F57C00,0,0,0.0
21d51c17-593e-4271-96af-fc400bd336ea,7,นายวินัย จีนโน,31,บุรีรัมย์,8,2d8a1c84-0bc8-4377-965d-c020a0097c27,9,พรรคเพื่อไทย,#E4002B,0,0,0.0
25653b23-f191-45bc-b521-77395c41d37c,7,นายมูฮำหมัด มามะ,96,นราธิวาส,2,013c219e-e197-416d-84ea-00ba9c35465e,37,พรรคภูมิใจไทย,#3949AB,0,0,0.0
257429ab-8fb1-421b-9f72-be198e1723c2,7,นายอรุณ ธนะหมี,50,เชียงใหม่,6,115da917-bf32-4e96-a2ae-b7818d0909ee,6,พรรครวมไทยสร้างชาติ,#FF6D00,0,0,0.0
2613142b-cc01-4621-b8e0-ff5ef8e4c1f9,7,นายพิสุทธิ์ ยายิรัมย์,31,บุรีรัมย์,3,a62aca08-91b7-4f3f-ba8f-cb9e884a3799,42,พรรคกล้าธรรม,#5D4037,0,0,0.0
266a235f-f6f7-44fa-b28f-3ee98c5fa95b,7,นายเนตร แก้วลาด,44,มหาสารคาม,4,d7155f6d-736d-42c0-8bc0-00ee6e1970dc,27,พรรคประชาธิปัตย์,#0066B3,0,0,0.0
279a01cb-e301-41a0-8879-83be1a8d1ac7,7,นายเลอยศ พุทธชิโนรสสกุล,50,เชียงใหม่,2,03347cbc-6089-474c-a3f6-484ae981c9a6,43,พรรคพลังประชารัฐ,#1565C0,0,0,0.0
28ad8462-f566-4d11-8e22-656fb28f7192,7,นายพิทักษ์ อ่อนน้อม,63,ตาก,1,a62aca08-91b7-4f3f-ba8f-cb9e884a3799,42,พรรคกล้าธรรม,#5D4037,0,0,0.0
2997bf1d-24be-451b-bcf9-9181157e7a16,7,นางสาวพัชรีนิษฐ์ สุขเสถียร,67,เพชรบูรณ์,1,115da917-bf32-4e96-a2ae-b7818d0909ee,6,พรรครวมไทยสร้างชาติ,#FF6D00,0,0,0.0
2a1ae62d-6c45-472f-b9ea-e007f62977dd,7,ว่าที่ร้อยตรีอำนาจ ทองห่อ,60,นครสวรรค์,1,d1964fe3-2dd0-43d5-a190-77fbfaf586b2,8,พรรคประชาธิปไตยใหม่,#1976D2,0,0,0.0
2b650f95-7332-4194-968e-64bbd70c550c,7,นางสาวณัฐยกัญ ทองยศ,37,อำนาจเจริญ,1,965b4b93-c01e-4a2b-a987-577f2b99ebb4,49,พรรคไทยก้าวใหม่,#1E88E5,0,0,0.0
2c018b27-30d3-41d4-b4db-46f004bf28da,7,นายณัฏฐพล จรัสรพีพงษ์,32,สุรินทร์,2,013c219e-e197-416d-84ea-00ba9c35465e,37,พรรคภูมิใจไทย,#3949AB,0,0,0.0
2c2b7fd8-754e-4c84-8154-73fbbdaaf395,7,นายขจรศักดิ์ชนัน จิตภิลัย,40,ขอนแก่น,9,03347cbc-6089-474c-a3f6-484ae981c9a6,43,พรรคพลังประชารัฐ,#1565C0,0,0,0.0
2d0dc58b-6074-4513-a7a0-6f2280fefa4a,7,นายณัฐพงษ์ สาโรจน์,84,สุราษฎร์ธานี,6,965b4b93-c01e-4a2b-a987-577f2b99ebb4,49,พรรคไทยก้าวใหม่,#1E88E5,0,0,0.0
30968fd6-5b42-4472-a253-936d1665ecc2,7,นายวรพงศ์ ยูระหมาน,83,ภูเก็ต,1,03347cbc-6089-474c-a3f6-484ae981c9a6,43,พรรคพลังประชารัฐ,#1565C0,0,0,0.0
30c0bd71-5a4e-4e81-b49e-bff6e8b6499f,7,นายสุริวรรณ คล้ายเพชร,41,อุดรธานี,6,7255d2d0-1f49-4fd8-adad-7acfea2d5126,56,พรรคเพื่อบ้านเมือง,#1565C0,0,0,0.0
31d6be9b-b684-41d7-9548-078c27dc6da1,7,นายชวกร อุบลรัตน์,11,สมุทรปราการ,5,965b4b93-c01e-4a2b-a987-577f2b99ebb4,49,พรรคไทยก้าวใหม่,#1E88E5,0,0,0.0
363eef91-9d48-4aa2-8193-c8d711288b67,7,นายชัย กายศิหัตถาคุณ,86,ชุมพร,1,7ffe2115-72d1-4d71-9962-03ff61afc67c,31,พรรคประชากรไทย,#00695C,0,3,0.0
3684827e-02a9-4a2e-9461-ff4e4f3c548d,7,นายปราโมทย์ หนูเลิศ,93,พัทลุง,3,d1964fe3-2dd0-43d5-a190-77fbfaf586b2,8,พรรคประชาธิปไตยใหม่,#1976D2,0,0,0.0
37c460bd-cbb1-442f-9341-401a089f0ed9,7,นางสาวศรีประไพ ประสงค์ใด,47,สกลนคร,3,0c044088-618b-49af-a291-fb28ffe9e0f8,11,พรรคเศรษฐกิจ,#FFA000,0,0,0.0
3805cf48-3260-47c7-af2b-2e3d3a1d9f5f,7,นางสาวปุญชรัสมิ์ ศิริสวัสดิ์,65,พิษณุโลก,3,03347cbc-6089-474c-a3f6-484ae981c9a6,43,พรรคพลังประชารัฐ,#1565C0,0,0,0.0
380e4b3b-a046-42e6-bef5-7bbe4331d164,7,นายธนารักษ์ ฉลองสัพพัญญู,64,สุโขทัย,1,013c219e-e197-416d-84ea-00ba9c35465e,37,พรรคภูมิใจไทย,#3949AB,0,0,0.0
38a4b9a6-1c1b-4066-bba1-a28753827cd2,7,นายชัยยุทธ รองเดช,92,ตรัง,3,b6a2dc38-6f7d-4865-a6e0-a1b60a2edf32,30,พรรคแรงงานสร้างชาติ,#1976D2,0,0,0.0
390e66d6-08ce-462e-b30a-fd9e8430c92e,7,นายสนิท วัฒนสุข,90,สงขลา,7,115da917-bf32-4e96-a2ae-b7818d0909ee,6,พรรครวมไทยสร้างชาติ,#FF6D00,0,0,0.0
393cd17e-a9de-4bec-a0e2-8ac82c18c693,7,นายสหภูมิ เอกวรพงศ์,21,ระยอง,3,965b4b93-c01e-4a2b-a987-577f2b99ebb4,49,พรรคไทยก้าวใหม่,#1E88E5,0,0,0.0
398cada7-e9eb-4963-8892-ea786166e9ad,7,นายสฤษดิ์ เอี่ยมศิริ,14,พระนครศรีอยุธยา,4,0c044088-618b-49af-a291-fb28ffe9e0f8,11,พรรคเศรษฐกิจ,#FFA000,0,0,0.0
39c2ebee-51e2-4c8e-92b6-0e99ad09ba18,7,นายสมชาย สุเรรัมย์,31,บุรีรัมย์,4,0c044088-618b-49af-a291-fb28ffe9e0f8,11,พรรคเศรษฐกิจ,#FFA000,0,0,0.0
3a5ba796-ceb9-45db-93f2-719f9024f4cc,7,นายเชิดพันธุ์ เตี่ยไพบูลย์,10,กรุงเทพมหานคร,18,d7155f6d-736d-42c0-8bc0-00ee6e1970dc,27,พรรคประชาธิปัตย์,#0066B3,0,0,0.0
3ba1d147-abda-4280-9766-89a088bb1e49,7,นายยุทธศักดิ์ โพธิ์ละคร,48,นครพนม,1,54c9efd2-2cd9-487a-91f7-1251aae30c2d,36,พรรคไทยพร้อม,#0097A7,0,0,0.0
3c444b59-9118-46ad-b91a-94e6ff4e0964,7,นายวัฒนกร แก้วภักดี,50,เชียงใหม่,10,0c044088-618b-49af-a291-fb28ffe9e0f8,11,พรรคเศรษฐกิจ,#FFA000,0,0,0.0
3c450537-a3a6-4fbe-ba0d-44ed30c8dfe4,7,นายสุพิศาล ภักดีนฤนาถ,10,กรุงเทพมหานคร,31,cb222672-cb24-4115-8454-75d3a2e14c91,40,พรรคไทยธรรม,#6D4C41,0,0,0.0
3ced9479-eeba-42ba-a21d-5153c35b1f8f,7,นายประมวล หาดรักษกุล,30,นครราชสีมา,15,d7155f6d-736d-42c0-8bc0-00ee6e1970dc,27,พรรคประชาธิปัตย์,#0066B3,0,0,0.0
3d3cf49f-d60e-40ed-a804-ca26a5dc179d,7,นายประเสริฐ ชัยกิจเด่นนภาลัย,11,สมุทรปราการ,3,a62aca08-91b7-4f3f-ba8f-cb9e884a3799,42,พรรคกล้าธรรม,#5D4037,0,0,0.0
3f4a3418-23cb-4921-95e1-2827325b49d5,7,นายศุภกิจ โพธิ์ศรีมีสุข,48,นครพนม,3,115da917-bf32-4e96-a2ae-b7818d0909ee,6,พรรครวมไทยสร้างชาติ,#FF6D00,0,0,0.0
401da8fc-4b80-4705-a388-0efdecd5c5fe,7,สิบตำรวจโทสมชาย ศรีเย็น,12,นนทบุรี,7,bdd306a2-80c7-4d7b-a7ff-8dc1ec9fcc76,10,พรรคทางเลือกใหม่,#00838F,0,0,0.0
412b72eb-d2e3-4889-a75b-df6402e0ab2b,7,นายจักรภัทร ชื่นชมกุล,41,อุดรธานี,10,a62aca08-91b7-4f3f-ba8f-cb9e884a3799,42,พรรคกล้าธรรม,#5D4037,0,0,0.0
417ee6f4-f6e6-4a2b-9126-ea956926cdfa,7,นายธนกฤต หงษ์ยนต์,16,ลพบุรี,2,339fa187-133c-4766-a6c2-36d1b32cda8f,23,พรรคปวงชนไทย,#827717,0,0,0.0
41915d9b-6377-4e69-aaa2-006634fb154d,7,นายวัชธนันท์ อัศวนิโครธร,12,นนทบุรี,5,2d8a1c84-0bc8-4377-965d-c020a0097c27,9,พรรคเพื่อไทย,#E4002B,0,0,0.0
41edfa3a-93d3-440e-afde-2a57e420b797,7,นางสาวรัตติกาล แก้วเกิดมี,10,กรุงเทพมหานคร,11,2d8a1c84-0bc8-4377-965d-c020a0097c27,9,พรรคเพื่อไทย,#E4002B,0,0,0.0
41f4a6e6-cb7e-427b-ab32-14f4ed00ac2c,7,นางสบาย ธรรมเขต,40,ขอนแก่น,5,115da917-bf32-4e96-a2ae-b7818d0909ee,6,พรรครวมไทยสร้างชาติ,#FF6D00,0,0,0.0
423aee2d-4440-4824-b6b6-9fcf14dc561e,7,นายก้องบุญ ชาธิราช,49,มุกดาหาร,2,7255d2d0-1f49-4fd8-adad-7acfea2d5126,56,พรรคเพื่อบ้านเมือง,#1565C0,0,0,0.0
43dd4358-30fc-4699-a93b-109f94718417,7,นางสุริวัสสา เพชรสวัสดิ์,60,นครสวรรค์,6,d1964fe3-2dd0-43d5-a190-77fbfaf586b2,8,พรรคประชาธิปไตยใหม่,#1976D2,0,0,0.0
449af8e6-4cf4-4637-a26a-47192a49a6f8,7,นายสมหวัง อ่อนราษฎร์,40,ขอนแก่น,3,013c219e-e197-416d-84ea-00ba9c35465e,37,พรรคภูมิใจไทย,#3949AB,0,0,0.0
44ea9076-a545-425d-98f8-4595ff6dc0c6,7,นายศรัณยสัณฑ์ วีรกุลสุนทร,10,กรุงเทพมหานคร,26,2d8a1c84-0bc8-4377-965d-c020a0097c27,9,พรรคเพื่อไทย,#E4002B,0,0,0.0
461a74ca-e165-4f46-ba99-c47d18b08d38,7,นายพงศนาถ จินดา,20,ชลบุรี,9,f9cadd57-8256-49aa-9386-0da392b19fc2,29,พรรคไทยภักดี,#D32F2F,0,0,0.0
465a0151-6fa4-4fcb-8819-b046fc73c122,7,นายพงศ์วินิจ ไพจิตรกุญชร,53,อุตรดิตถ์,3,bdd306a2-80c7-4d7b-a7ff-8dc1ec9fcc76,10,พรรคทางเลือกใหม่,#00838F,0,0,0.0
47edf9b6-4aff-4118-bbe0-b4de47df52da,7,นายเกษม ขวัญแก้ว,90,สงขลา,8,115da917-bf32-4e96-a2ae-b7818d0909ee,6,พรรครวมไทยสร้างชาติ,#FF6D00,0,0,0.0
485eef6b-1be5-4ebf-acfb-9bd4edbff522,7,นายสมบูรณ์ หัตถประดิษฐ์,80,นครศรีธรรมราช,8,bd8d9f14-f757-41fb-8f37-d6128d9d012d,7,พรรคพลวัต,#EF6C00,0,0,0.0
489e2f51-067c-491c-a8b1-baf040f1768a,7,นางสาวชิดชนก พวงเพ็ชร์,13,ปทุมธานี,2,013c219e-e197-416d-84ea-00ba9c35465e,37,พรรคภูมิใจไทย,#3949AB,0,0,0.0
498f9079-fa29-453d-ad4e-227410a2fcb0,7,นายพิบูลย์ จันทศิลป์,44,มหาสารคาม,2,965b4b93-c01e-4a2b-a987-577f2b99ebb4,49,พรรคไทยก้าวใหม่,#1E88E5,0,0,0.0
4b1ef162-61e1-4f14-a910-ec9967902265,7,นางสาวสุดาวรรณ์ ดาวเรือง,45,ร้อยเอ็ด,8,d7155f6d-736d-42c0-8bc0-00ee6e1970dc,27,พรรคประชาธิปัตย์,#0066B3,0,0,0.0
4b979641-ebc8-4818-ab1c-c052f0ef75dc,7,นายวัชรพงศ์ ระดมสิทธิพัฒน์,14,พระนครศรีอยุธยา,1,d7155f6d-736d-42c0-8bc0-00ee6e1970dc,27,พรรคประชาธิปัตย์,#0066B3,0,0,0.0
4ba968d0-860c-4f08-a444-19df959d81d8,7,นางสาวนิภาพร บุญช่วยนางเดี่ยว,25,ปราจีนบุรี,1,f9cadd57-8256-49aa-9386-0da392b19fc2,29,พรรคไทยภักดี,#D32F2F,0,0,0.0
4fa67735-22eb-4118-8008-6af74ebabbaa,7,นายภูวิช เกลี้ยงมล,84,สุราษฎร์ธานี,2,a62aca08-91b7-4f3f-ba8f-cb9e884a3799,42,พรรคกล้าธรรม,#5D4037,0,0,0.0
505d2968-4140-4653-909d-54c67752ad47,7,นายวัฒนา ยั่งยืน,72,สุพรรณบุรี,4,2ee17641-917b-4ea0-8c19-da383e03e915,44,พรรคโอกาสใหม่,#26C6DA,0,0,0.0
51586a95-145b-46a3-ab1b-bd671b8b0de9,7,นางสาวฐิตารีย์ ภรณ์ปรียากูล,73,นครปฐม,3,2ee17641-917b-4ea0-8c19-da383e03e915,44,พรรคโอกาสใหม่,#26C6DA,0,0,0.0
52a73caa-8150-4152-b230-64a108cd7d8b,7,นางสาวปวริศา คุณาวรนนท์,10,กรุงเทพมหานคร,15,a62aca08-91b7-4f3f-ba8f-cb9e884a3799,42,พรรคกล้าธรรม,#5D4037,0,0,0.0
52b7d094-6d10-47a8-a38d-5b887c677aec,7,นางสาวธัญญ์รวี ศรีกวินรุ่งเรือง,20,ชลบุรี,4,339fa187-133c-4766-a6c2-36d1b32cda8f,23,พรรคปวงชนไทย,#827717,0,0,0.0
52ebccfa-2a52-47d7-b150-12122cc9659d,7,นายอาริฟ กุนนาบี,65,พิษณุโลก,1,a62aca08-91b7-4f3f-ba8f-cb9e884a3799,42,พรรคกล้าธรรม,#5D4037,0,0,0.0
547545b8-7ad5-4eee-81f0-29081793093f,7,นายตี๋ แก้วสีจันทร์,31,บุรีรัมย์,2,115da917-bf32-4e96-a2ae-b7818d0909ee,6,พรรครวมไทยสร้างชาติ,#FF6D00,0,0,0.0
55f5586b-2e3b-4933-ba3c-1215e2afd6f4,7,นางสาวพนิดา มงคลสวัสดิ์,11,สมุทรปราการ,1,1116011c-1ef3-4cca-a186-c1b9f7984ede,46,พรรคประชาชน,#F57C00,0,0,0.0
5660198b-7e22-432e-b7b6-3661dc98cd29,7,นายพีร์ โรจนดารา,10,กรุงเทพมหานคร,29,cb1b6cf2-41fa-49b1-a060-01acf13edc81,48,พรรคไทยสร้างไทย,#00ACC1,0,0,0.0
569db07f-96fb-4191-a58e-9ab1ed54d339,7,นายชนะพล อำนาจเจริญ,41,อุดรธานี,5,965b4b93-c01e-4a2b-a987-577f2b99ebb4,49,พรรคไทยก้าวใหม่,#1E88E5,0,0,0.0
56e4f14e-5de5-4ee7-9b7b-e7a9a345caef,7,นายลานบุญ สีลา,40,ขอนแก่น,6,965b4b93-c01e-4a2b-a987-577f2b99ebb4,49,พรรคไทยก้าวใหม่,#1E88E5,0,0,0.0
57e0f323-178f-4925-87cd-b0c7c889f144,7,นายรพิพงศ์ ปุณยจารุศิริ,43,หนองคาย,1,d7155f6d-736d-42c0-8bc0-00ee6e1970dc,27,พรรคประชาธิปัตย์,#0066B3,0,0,0.0
5b5bef15-9295-485c-a261-1de9a9816f79,7,นายเอนก ธรรมใจ,53,อุตรดิตถ์,2,115da917-bf32-4e96-a2ae-b7818d0909ee,6,พรรครวมไทยสร้างชาติ,#FF6D00,0,0,0.0
5c3dcf93-a9b5-4928-943b-e609e52cd369,7,นางสาวนักษา กาญจนคีรีรัตน์,77,ประจวบคีรีขันธ์,2,1116011c-1ef3-4cca-a186-c1b9f7984ede,46,พรรคประชาชน,#F57C00,0,0,0.0
5c59b128-70ff-4639-a79a-1ecfb5a1468f,7,นายสุลต่าน อิสมาแอลชาห์,91,สตูล,1,a62aca08-91b7-4f3f-ba8f-cb9e884a3799,42,พรรคกล้าธรรม,#5D4037,0,0,0.0
5ce54acf-aba3-452a-aea9-0aa40310fdd7,7,นายศุภณัฐ สำอางค์,93,พัทลุง,1,965b4b93-c01e-4a2b-a987-577f2b99ebb4,49,พรรคไทยก้าวใหม่,#1E88E5,0,0,0.0
5d641031-b08a-4d23-87d6-f85bb03df758,7,นายเลิศศักดิ์ พัฒนชัยกุล,42,เลย,1,2d8a1c84-0bc8-4377-965d-c020a0097c27,9,พรรคเพื่อไทย,#E4002B,0,0,0.0
5fa55641-bdbd-4832-95fe-3edaf64562cc,7,นางสาวนัฐภรณ์ วงค์ชาชม,47,สกลนคร,2,d7155f6d-736d-42c0-8bc0-00ee6e1970dc,27,พรรคประชาธิปัตย์,#0066B3,0,0,0.0
5fe5619e-280b-48b4-b376-fe84738c86de,7,ร้อยตำรวจเอกบุญรอด ศรีเมืองบุญ,40,ขอนแก่น,7,965b4b93-c01e-4a2b-a987-577f2b99ebb4,49,พรรคไทยก้าวใหม่,#1E88E5,0,0,0.0
60451852-9076-4906-9267-5c6fc411e9f2,7,นายถาวร เกียรติไชยากร,50,เชียงใหม่,9,03347cbc-6089-474c-a3f6-484ae981c9a6,43,พรรคพลังประชารัฐ,#1565C0,0,0,0.0
61149762-95a2-4382-b297-3f891fff0b67,7,นายวรท ศิริรักษ์,20,ชลบุรี,1,1116011c-1ef3-4cca-a186-c1b9f7984ede,46,พรรคประชาชน,#F57C00,0,0,0.0
6305f825-67df-4e02-9045-ca103cf455cb,7,นายวรโชติ สุคนธ์ขจร,67,เพชรบูรณ์,4,013c219e-e197-416d-84ea-00ba9c35465e,37,พรรคภูมิใจไทย,#3949AB,0,0,0.0
637d9027-de7d-4826-ae6b-0adceb2e1b53,7,นายไกร ดาบธรรม,50,เชียงใหม่,7,03347cbc-6089-474c-a3f6-484ae981c9a6,43,พรรคพลังประชารัฐ,#1565C0,0,0,0.0
63ded4dd-deef-4e72-becf-7cce3e0a9858,7,ว่าที่ร้อยตรีหญิงทิตยาภรณ์ สิริวัฒนาบุญทวี,33,ศรีสะเกษ,8,0c044088-618b-49af-a291-fb28ffe9e0f8,11,พรรคเศรษฐกิจ,#FFA000,0,0,0.0
6532a85d-18a7-4305-949e-2874e7b42ee2,7,นางนิศากร ไชยคุณ,42,เลย,4,013c219e-e197-416d-84ea-00ba9c35465e,37,พรรคภูมิใจไทย,#3949AB,0,0,0.0
65ace709-6947-4267-b711-f535860e70ca,7,นายกิตติพัทธ์ แก้วใส,53,อุตรดิตถ์,1,03347cbc-6089-474c-a3f6-484ae981c9a6,43,พรรคพลังประชารัฐ,#1565C0,0,0,0.0
66b1c09b-bc96-4400-9f5b-9d2aaee379a0,7,นายสุรเดช กองรัตน์,13,ปทุมธานี,5,115da917-bf32-4e96-a2ae-b7818d0909ee,6,พรรครวมไทยสร้างชาติ,#FF6D00,0,0,0.0
67c1b64b-73e5-4479-9df7-b022861b3518,7,นายมงคล วงศ์วรัณ,55,น่าน,3,f9cadd57-8256-49aa-9386-0da392b19fc2,29,พรรคไทยภักดี,#D32F2F,0,0,0.0
67d22fd2-f9a9-44db-b5bb-e52ce7f37447,7,นายสมชาย พรมวัง,31,บุรีรัมย์,9,7ffe2115-72d1-4d71-9962-03ff61afc67c,31,พรรคประชากรไทย,#00695C,0,0,0.0
680457a2-ef38-48c8-a3df-23ac2dfdd717,7,นายปภัทร เฮงไพบูลย์,46,กาฬสินธุ์,1,03347cbc-6089-474c-a3f6-484ae981c9a6,43,พรรคพลังประชารัฐ,#1565C0,0,0,0.0
687888ee-b975-43d3-ab0c-74f91766d99a,7,นางปรานี วัฒนาประดิษฐชัย,47,สกลนคร,4,1116011c-1ef3-4cca-a186-c1b9f7984ede,46,พรรคประชาชน,#F57C00,0,0,0.0
693dd513-c5c4-458b-8e34-8dce2c435fe6,7,นางสาวหนูดา มัฐผา,34,อุบลราชธานี,5,bdd306a2-80c7-4d7b-a7ff-8dc1ec9fcc76,10,พรรคทางเลือกใหม่,#00838F,0,0,0.0
69e8bbc1-b025-4dd3-b9d1-23cbd40c304b,7,เรืออากาศโทธนเดช เพ็งสุข,10,กรุงเทพมหานคร,13,1116011c-1ef3-4cca-a186-c1b9f7984ede,46,พรรคประชาชน,#F57C00,0,8,0.0
6a321263-161d-4bae-b727-a9e8725c1d57,7,นางสาวเสาวภาคย์ อินทนนท์,35,ยโสธร,3,0c044088-618b-49af-a291-fb28ffe9e0f8,11,พรรคเศรษฐกิจ,#FFA000,0,0,0.0
6b9d4e34-3d64-43bb-ab0c-dc0313857355,7,นายพงษ์ศักดิ์ เหลืองวิจิตร,66,พิจิตร,1,2d8a1c84-0bc8-4377-965d-c020a0097c27,9,พรรคเพื่อไทย,#E4002B,0,0,0.0
6ea58c99-38d1-4a88-8d7a-0504d39142ea,7,นายภานุพงษ์ ไทเศรษฐวัฒน์กุล,24,ฉะเชิงเทรา,3,013c219e-e197-416d-84ea-00ba9c35465e,37,พรรคภูมิใจไทย,#3949AB,0,0,0.0
6fc9d278-dbe9-4f0b-bfa9-be0f70cd36c0,7,นายทนง มั่นนุช,65,พิษณุโลก,2,7255d2d0-1f49-4fd8-adad-7acfea2d5126,56,พรรคเพื่อบ้านเมือง,#1565C0,0,0,0.0
704cc387-edd5-4010-b949-f7804735c32e,7,นายเฉลิมเกียรติ ครูประเสริฐ,19,สระบุรี,4,0c044088-618b-49af-a291-fb28ffe9e0f8,11,พรรคเศรษฐกิจ,#FFA000,0,0,0.0
70f8ea7c-f993-4c1a-9f32-11292bc9d013,7,นายธนรัช จงสุทธานามณี,57,เชียงราย,1,2d8a1c84-0bc8-4377-965d-c020a0097c27,9,พรรคเพื่อไทย,#E4002B,0,0,0.0
71063db6-eeb0-4ab3-a4dc-ac4561c69fef,7,นางสาวกัญญาพัชร ณัฐสุรางค์,74,สมุทรสาคร,2,d7155f6d-736d-42c0-8bc0-00ee6e1970dc,27,พรรคประชาธิปัตย์,#0066B3,0,0,0.0
72f4e255-5e4c-417f-9917-56c383b80943,7,นางอรทัย พลวิเศษ,30,นครราชสีมา,6,03347cbc-6089-474c-a3f6-484ae981c9a6,43,พรรคพลังประชารัฐ,#1565C0,0,0,0.0
75297520-9397-4dda-af03-c824be8548fe,7,นายสุมิตร สามห้วย,92,ตรัง,4,965b4b93-c01e-4a2b-a987-577f2b99ebb4,49,พรรคไทยก้าวใหม่,#1E88E5,0,0,0.0
75c76327-85fb-494b-b652-9b8780b8afa3,7,นายเกษม กาหรีมการ,83,ภูเก็ต,3,f9cadd57-8256-49aa-9386-0da392b19fc2,29,พรรคไทยภักดี,#D32F2F,0,0,0.0
767d92f4-b474-4b7c-a2b8-56066eed2b3d,7,นายธีรพัฒน์ ศรีเมืองบุญ,40,ขอนแก่น,2,965b4b93-c01e-4a2b-a987-577f2b99ebb4,49,พรรคไทยก้าวใหม่,#1E88E5,0,4,0.0
76a30606-c1ed-4129-8c7a-6969d7da08f7,7,นายเทียม เทพแสน,57,เชียงราย,4,013c219e-e197-416d-84ea-00ba9c35465e,37,พรรคภูมิใจไทย,#3949AB,0,0,0.0
7714b3c7-b327-4016-b746-5aa47a7e0e96,7,นายอภิวัฒน์ เขม้นเขตกิจ,60,นครสวรรค์,3,013c219e-e197-416d-84ea-00ba9c35465e,37,พรรคภูมิใจไทย,#3949AB,0,0,0.0
788e5dbb-edd7-484e-be00-4db8a9aea4a2,7,นายธนพล มะโน,90,สงขลา,2,f9cadd57-8256-49aa-9386-0da392b19fc2,29,พรรคไทยภักดี,#D32F2F,0,0,0.0
7ab8d80a-e330-443a-8158-98010792c92b,7,นายชยุต สินพูนภักดิ์,13,ปทุมธานี,4,a62aca08-91b7-4f3f-ba8f-cb9e884a3799,42,พรรคกล้าธรรม,#5D4037,0,0,0.0
7b34edeb-a0d1-4e48-8a9f-03b0ca728396,7,นายธนพร สมศรี,34,อุบลราชธานี,1,d7155f6d-736d-42c0-8bc0-00ee6e1970dc,27,พรรคประชาธิปัตย์,#0066B3,0,0,0.0
7b56a982-d3bf-478f-b2d6-e0461c5def30,7,นายพจนาถ ธานะราช,47,สกลนคร,7,03347cbc-6089-474c-a3f6-484ae981c9a6,43,พรรคพลังประชารัฐ,#1565C0,0,0,0.0
7b69d9fa-8e9a-468c-af6c-bc215800f3d5,7,นายธีรศาสนติ์ ทัศน์สุวรรณ,67,เพชรบูรณ์,5,d7155f6d-736d-42c0-8bc0-00ee6e1970dc,27,พรรคประชาธิปัตย์,#0066B3,0,0,0.0
7ddce024-efd4-4843-8809-7d236ecd32a7,7,นายกฤษณะพัชร์ อชโชติพงศ์,73,นครปฐม,6,bcdcd19b-d619-47dd-8535-fafb6bc6f4d8,12,พรรคเสรีรวมไทย,#C62828,0,0,0.0
7e072375-8f8c-4450-b186-81ca57cbfc93,7,นายสนั่น พรหมสุข,16,ลพบุรี,4,03347cbc-6089-474c-a3f6-484ae981c9a6,43,พรรคพลังประชารัฐ,#1565C0,0,0,0.0
7e1a9eaf-4d89-4f0a-a385-1b269dcaf4cb,7,นายยงยุทธ คมคาย,27,สระแก้ว,2,013c219e-e197-416d-84ea-00ba9c35465e,37,พรรคภูมิใจไทย,#3949AB,0,0,0.0
7e8d2703-6773-4d77-bfd4-30d547e5508b,7,เรืออากาศตรีประจวบ ทรัพย์สะอาด,34,อุบลราชธานี,2,03347cbc-6089-474c-a3f6-484ae981c9a6,43,พรรคพลังประชารัฐ,#1565C0,0,0,0.0
7f73b063-3650-4af6-89d0-ee8ae6eb5b0c,7,นางสาวพิชฎาภา อายุวัฒน์,41,อุดรธานี,2,013c219e-e197-416d-84ea-00ba9c35465e,37,พรรคภูมิใจไทย,#3949AB,0,0,0.0
7fb6adf2-5b77-447f-ac21-fea849faca0a,7,นางปัญญารัตน์ นันทภูษิตานนท์,12,นนทบุรี,2,1116011c-1ef3-4cca-a186-c1b9f7984ede,46,พรรคประชาชน,#F57C00,0,0,0.0
7ff9c1e7-a9aa-4a43-be5c-9afb26e66932,7,นายบรรจง จันทร์ช่วง,84,สุราษฎร์ธานี,5,013c219e-e197-416d-84ea-00ba9c35465e,37,พรรคภูมิใจไทย,#3949AB,0,0,0.0
8050e30b-a697-4526-bea0-1c1bfdb376a1,7,นายจิรายุ ห่วงทรัพย์,10,กรุงเทพมหานคร,16,2d8a1c84-0bc8-4377-965d-c020a0097c27,9,พรรคเพื่อไทย,#E4002B,0,0,0.0
80e9f631-c747-465b-8b34-ed854dcb6dd5,7,นายนิธิศ ประกอบใส,41,อุดรธานี,9,03347cbc-6089-474c-a3f6-484ae981c9a6,43,พรรคพลังประชารัฐ,#1565C0,0,0,0.0
80f00b50-f622-4ff9-80aa-385a735b7339,7,นายชาญ จารัตน์,32,สุรินทร์,7,339fa187-133c-4766-a6c2-36d1b32cda8f,23,พรรคปวงชนไทย,#827717,0,0,0.0
81ce6f29-4309-43c5-a996-49a9e19e061a,7,นายทวิรัฐ รัตนเศรษฐ,30,นครราชสีมา,5,013c219e-e197-416d-84ea-00ba9c35465e,37,พรรคภูมิใจไทย,#3949AB,0,0,0.0
81e3d9a9-90fd-4e7e-97ae-17d327db6492,7,นายอนุชา สะสมทรัพย์,73,นครปฐม,5,013c219e-e197-416d-84ea-00ba9c35465e,37,พรรคภูมิใจไทย,#3949AB,0,0,0.0
84002df9-cb26-468b-9a5c-f05af3f5c419,7,นายเชิงชาย รัตน์พลแสนย์,30,นครราชสีมา,4,339fa187-133c-4766-a6c2-36d1b32cda8f,23,พรรคปวงชนไทย,#827717,0,0,0.0
8431f92b-9f8c-452b-8367-34b2e187a4f8,7,นายสุเทพ สีมาลา,19,สระบุรี,2,339fa187-133c-4766-a6c2-36d1b32cda8f,23,พรรคปวงชนไทย,#827717,0,0,0.0
855e1b6c-71ef-4f94-91d4-b6c6be4c6cf5,7,นายสะถิระ เผือกประพันธุ์,20,ชลบุรี,10,a62aca08-91b7-4f3f-ba8f-cb9e884a3799,42,พรรคกล้าธรรม,#5D4037,0,0,0.0
864f914f-19f8-46b0-b5c8-897b0594ae75,7,ร้อยโทภาคย์ธณิศ นุชน้อย,12,นนทบุรี,1,115da917-bf32-4e96-a2ae-b7818d0909ee,6,พรรครวมไทยสร้างชาติ,#FF6D00,0,8,0.0
88729860-237b-48ea-b0ad-469181cf26d1,7,นายสมบุญ ยะมุลณี,40,ขอนแก่น,8,0c044088-618b-49af-a291-fb28ffe9e0f8,11,พรรคเศรษฐกิจ,#FFA000,0,0,0.0
88bbed94-4007-4c4a-8cb0-830938a5be1c,7,นายเรวัตร์ อินทพงษ์,62,กำแพงเพชร,2,03347cbc-6089-474c-a3f6-484ae981c9a6,43,พรรคพลังประชารัฐ,#1565C0,0,0,0.0
88f265f4-3d86-4d17-b81c-f408c2eb7802,7,นายวรากร เครือทองศรี,13,ปทุมธานี,6,013c219e-e197-416d-84ea-00ba9c35465e,37,พรรคภูมิใจไทย,#3949AB,0,0,0.0
894661d4-95d6-47fe-8020-cd3f9b02aa9c,7,นายชยางกูร ชูมณี,92,ตรัง,2,115da917-bf32-4e96-a2ae-b7818d0909ee,6,พรรครวมไทยสร้างชาติ,#FF6D00,0,0,0.0
89fd675c-43ee-407d-81e0-d2a0c9e0ca84,7,นายเกียรติศักดิ์ ภักดีเดโชชัย,80,นครศรีธรรมราช,3,d1964fe3-2dd0-43d5-a190-77fbfaf586b2,8,พรรคประชาธิปไตยใหม่,#1976D2,0,0,0.0
8a209eae-6cbc-45c5-80ac-3465ebafc8e0,7,นายประเวช ราชชมภู,57,เชียงราย,2,115da917-bf32-4e96-a2ae-b7818d0909ee,6,พรรครวมไทยสร้างชาติ,#FF6D00,0,0,0.0
8a4b452c-e514-4a26-b177-ad23ed00f2ea,7,นายประชา ประสพดี,11,สมุทรปราการ,7,2d8a1c84-0bc8-4377-965d-c020a0097c27,9,พรรคเพื่อไทย,#E4002B,0,0,0.0
8af00ae1-a1b3-4004-b266-7ef2a17cd201,7,นายใซดี เจ๊ะหามะ,96,นราธิวาส,4,03347cbc-6089-474c-a3f6-484ae981c9a6,43,พรรคพลังประชารัฐ,#1565C0,0,0,0.0
8b7d9b3d-7b4f-4d4b-b834-2b9b72cf44e6,7,นายสถาพร โคตบุตร,41,อุดรธานี,1,115da917-bf32-4e96-a2ae-b7818d0909ee,6,พรรครวมไทยสร้างชาติ,#FF6D00,0,0,0.0
8b803ab9-bd1a-4a11-b7a1-155ff51fe543,7,นายพุฒิพงศ์ ลุ่ยจิ๋ว,80,นครศรีธรรมราช,6,1116011c-1ef3-4cca-a186-c1b9f7984ede,46,พรรคประชาชน,#F57C00,0,0,0.0
8da7b721-7ddb-4711-a16d-7ddf13026b0b,7,นายวัน หยิบล้ำ,32,สุรินทร์,5,0c044088-618b-49af-a291-fb28ffe9e0f8,11,พรรคเศรษฐกิจ,#FFA000,0,0,0.0
8e36f860-7def-48ed-9e4b-eece8eac57f4,7,นายหวาง วงษ์ศรีแก้ว,35,ยโสธร,1,0c044088-618b-49af-a291-fb28ffe9e0f8,11,พรรคเศรษฐกิจ,#FFA000,0,0,0.0
90503ce8-93d8-4be6-926e-649c1a0a95cd,7,นายศรศักดิ์ สวนแก้ว,10,กรุงเทพมหานคร,19,339fa187-133c-4766-a6c2-36d1b32cda8f,23,พรรคปวงชนไทย,#827717,0,8,0.0
9078e5c1-cb01-4ed7-bf19-cab1e5eee4ed,7,นายศิวกรณ์ ลำจวน,63,ตาก,2,0c044088-618b-49af-a291-fb28ffe9e0f8,11,พรรคเศรษฐกิจ,#FFA000,0,0,0.0
908edf73-8edb-43bb-af3a-0ab11d05d4cf,7,นายกามิน มุซิ,95,ยะลา,3,013c219e-e197-416d-84ea-00ba9c35465e,37,พรรคภูมิใจไทย,#3949AB,0,0,0.0
90bc25a1-5b95-4fb0-86cc-379d18d9e813,7,นายพรรณเศรษฐ์ นุ่มหนู,23,ตราด,1,1116011c-1ef3-4cca-a186-c1b9f7984ede,46,พรรคประชาชน,#F57C00,0,0,0.0
90d48bdc-17f2-4dd6-a1e8-aacee5a8fa29,7,นายดนัย ดาวเรือง,60,นครสวรรค์,2,d1964fe3-2dd0-43d5-a190-77fbfaf586b2,8,พรรคประชาธิปไตยใหม่,#1976D2,0,0,0.0
92ac2d51-9f63-4932-a7ce-0d0fc1d9a1af,7,นายอภิวัฒน์ จันแปรน,27,สระแก้ว,1,d7155f6d-736d-42c0-8bc0-00ee6e1970dc,27,พรรคประชาธิปัตย์,#0066B3,0,0,0.0
92d06e36-61cf-48ef-a7c0-9f3c4d418869,7,นายคุณากร ปรีชาชนะชัย,32,สุรินทร์,3,2d8a1c84-0bc8-4377-965d-c020a0097c27,9,พรรคเพื่อไทย,#E4002B,0,0,0.0
92ef6949-dc2e-40e9-9743-7c018a56ed7b,7,นายปะดิธ สังขจาย,14,พระนครศรีอยุธยา,5,013c219e-e197-416d-84ea-00ba9c35465e,37,พรรคภูมิใจไทย,#3949AB,0,0,0.0
9338d1e1-4510-4c8c-a5d8-e31a7d816958,7,นายสมเกียรติ เสรีวิพุธ,72,สุพรรณบุรี,1,1116011c-1ef3-4cca-a186-c1b9f7984ede,46,พรรคประชาชน,#F57C00,0,0,0.0
947a1c81-4b39-459c-9576-80958ef7ccbf,7,นายจารุวัธน์ เพ็ญสวัสดิ์,41,อุดรธานี,3,965b4b93-c01e-4a2b-a987-577f2b99ebb4,49,พรรคไทยก้าวใหม่,#1E88E5,0,0,0.0
958a5a31-8aeb-4c85-aab6-5f64450a6984,7,นายอดิเรก กองแก้ว,55,น่าน,2,115da917-bf32-4e96-a2ae-b7818d0909ee,6,พรรครวมไทยสร้างชาติ,#FF6D00,0,0,0.0
95e2f80d-0abb-411e-994f-d2eadd25cbb7,7,นายสุรศักดิ์ สุรทัตโชค,13,ปทุมธานี,1,013c219e-e197-416d-84ea-00ba9c35465e,37,พรรคภูมิใจไทย,#3949AB,0,0,0.0
96a9b330-235e-466f-bac3-a8a47eb3634c,7,นายธีระ พุฒพิพักตร์,34,อุบลราชธานี,9,03347cbc-6089-474c-a3f6-484ae981c9a6,43,พรรคพลังประชารัฐ,#1565C0,0,0,0.0
972f52d3-2799-4194-86ff-b77bbd995b9b,7,นายสหธัญ กรุณา,80,นครศรีธรรมราช,5,115da917-bf32-4e96-a2ae-b7818d0909ee,6,พรรครวมไทยสร้างชาติ,#FF6D00,0,0,0.0
97349d5c-e95b-446a-a29d-8c0710c6583b,7,นายพงษ์พันธ์ เผ่าประทาน,77,ประจวบคีรีขันธ์,3,013c219e-e197-416d-84ea-00ba9c35465e,37,พรรคภูมิใจไทย,#3949AB,0,0,0.0
986eef5e-419f-4846-b9e2-597a869e84b5,7,นายพงศ์พิชาญ ดามาพงศ์,72,สุพรรณบุรี,2,a62aca08-91b7-4f3f-ba8f-cb9e884a3799,42,พรรคกล้าธรรม,#5D4037,0,0,0.0
98b41a98-d490-4862-91c3-3488473085fe,7,นางชาลิสา กันเพ็ง,64,สุโขทัย,3,d7155f6d-736d-42c0-8bc0-00ee6e1970dc,27,พรรคประชาธิปัตย์,#0066B3,0,0,0.0
9a894f8b-7e41-4ff8-8336-48b59c109000,7,นายจักรภัทร สายไธสง,43,หนองคาย,2,7ffe2115-72d1-4d71-9962-03ff61afc67c,31,พรรคประชากรไทย,#00695C,0,0,0.0
9c375ef9-dc05-45c1-ba86-1b0c3d91bcb0,7,นายวันชัย สินประเสริฐ,71,กาญจนบุรี,5,03347cbc-6089-474c-a3f6-484ae981c9a6,43,พรรคพลังประชารัฐ,#1565C0,0,0,0.0
9c810b8d-f362-4211-94c6-a2a9e16a5aba,7,นายจิรภัทร พันธ์เกษม,30,นครราชสีมา,12,013c219e-e197-416d-84ea-00ba9c35465e,37,พรรคภูมิใจไทย,#3949AB,0,0,0.0
9d9ad428-d692-4b4b-93cd-29dab220d2c9,7,นายพงษ์ศักดิ์ เสียงใส,45,ร้อยเอ็ด,3,2b1669bf-b61b-40b2-96a4-b235fa1e1501,38,พรรคพลังธรรมใหม่,#7B1FA2,0,0,0.0
a00f45e9-fdfb-44a2-aba7-872888b1f6f8,7,นายศุภฤทธิ์ มั่นนทีรัย,10,กรุงเทพมหานคร,7,a62aca08-91b7-4f3f-ba8f-cb9e884a3799,42,พรรคกล้าธรรม,#5D4037,0,0,0.0
a0905431-c88e-42cd-9384-cae20a0df5ad,7,นายนิคม หนูแสง,80,นครศรีธรรมราช,4,d1964fe3-2dd0-43d5-a190-77fbfaf586b2,8,พรรคประชาธิปไตยใหม่,#1976D2,0,0,0.0
a0dc74ca-52cf-435e-8041-2f4fc977a5c4,7,นายดิเรก ผาสุขมูล,36,ชัยภูมิ,1,965b4b93-c01e-4a2b-a987-577f2b99ebb4,49,พรรคไทยก้าวใหม่,#1E88E5,0,0,0.0
a0e9f2d4-73c8-4301-804f-6e2580da2f70,7,นายพสิษฐ์ คำชัย,36,ชัยภูมิ,2,a62aca08-91b7-4f3f-ba8f-cb9e884a3799,42,พรรคกล้าธรรม,#5D4037,0,0,0.0
a36c9311-652a-47dc-9d67-1a7e1b0afe4f,7,นางสาวอมลยา เจนตวนิชย์,52,ลำปาง,1,d7155f6d-736d-42c0-8bc0-00ee6e1970dc,27,พรรคประชาธิปัตย์,#0066B3,0,0,0.0
a5ad812c-042d-437d-b47b-b8e121c545ca,7,นายสุรสิทธิ์ วงศ์วิทยานันท์,62,กำแพงเพชร,4,2d8a1c84-0bc8-4377-965d-c020a0097c27,9,พรรคเพื่อไทย,#E4002B,0,0,0.0
a5f29314-c3f7-48eb-8129-d2715e58246e,7,นายอาคม พละสุ,20,ชลบุรี,3,0c044088-618b-49af-a291-fb28ffe9e0f8,11,พรรคเศรษฐกิจ,#FFA000,0,0,0.0
a67f4219-d41e-48c5-9f51-25e97e1c22fb,7,นายนาท ฉัพพรรณธนกูร,31,บุรีรัมย์,1,a62aca08-91b7-4f3f-ba8f-cb9e884a3799,42,พรรคกล้าธรรม,#5D4037,0,0,0.0
a71794ba-6fa1-4b6d-952e-450d8f091678,7,นางสาวแอนศิริ วลัยกนก,10,กรุงเทพมหานคร,25,1116011c-1ef3-4cca-a186-c1b9f7984ede,46,พรรคประชาชน,#F57C00,0,0,0.0
a78f313a-0278-4953-a43c-7ba91c2c71e2,7,นางสาวสุนิดษา เวฎสุวัณ,45,ร้อยเอ็ด,5,03347cbc-6089-474c-a3f6-484ae981c9a6,43,พรรคพลังประชารัฐ,#1565C0,0,0,0.0
a790dfc0-4aee-468f-be85-c445e3322a40,7,นายนิทัศน์ จันทเดช,66,พิจิตร,2,0c044088-618b-49af-a291-fb28ffe9e0f8,11,พรรคเศรษฐกิจ,#FFA000,0,0,0.0
a8807d0f-8b78-47b9-8eee-d6c1c865bfe9,7,นายอภินันท์ สโมสร,80,นครศรีธรรมราช,7,013c219e-e197-416d-84ea-00ba9c35465e,37,พรรคภูมิใจไทย,#3949AB,0,0,0.0
a8ca2d5b-39a4-4961-8b28-29a41a6d13db,7,นางสาวณันชนันท์ หลอกลาง,30,นครราชสีมา,16,f9cadd57-8256-49aa-9386-0da392b19fc2,29,พรรคไทยภักดี,#D32F2F,0,0,0.0
a8e49261-b536-4585-9394-46df13257202,7,นายสมบูรณ์ สีแก้ว,94,ปัตตานี,1,2d8a1c84-0bc8-4377-965d-c020a0097c27,9,พรรคเพื่อไทย,#E4002B,0,7,0.0
aa2994c8-16e6-449d-b26e-5a30f7357cab,7,นายณรงค์ องสารา,91,สตูล,2,965b4b93-c01e-4a2b-a987-577f2b99ebb4,49,พรรคไทยก้าวใหม่,#1E88E5,0,0,0.0
aaa12a42-2245-43aa-80e6-c71f6fd4ce4c,7,นายสงขลา พอกันที,90,สงขลา,9,115da917-bf32-4e96-a2ae-b7818d0909ee,6,พรรครวมไทยสร้างชาติ,#FF6D00,0,0,0.0
ab05673d-803d-45b5-8e90-11fa0584844e,7,ร้อยตรีเนย ชารีพันธ์,37,อำนาจเจริญ,2,7255d2d0-1f49-4fd8-adad-7acfea2d5126,56,พรรคเพื่อบ้านเมือง,#1565C0,0,0,0.0
abd3b38c-6e54-4fc9-be1f-0e7d46788c4b,7,ร้อยตำรวจตรีสุเทียน ทองโสม,49,มุกดาหาร,1,bcdcd19b-d619-47dd-8535-fafb6bc6f4d8,12,พรรคเสรีรวมไทย,#C62828,0,0,0.0
acbb6295-07f2-4b49-be3d-0c31914b7782,7,นายทรงยศ รามสูต,55,น่าน,1,2d8a1c84-0bc8-4377-965d-c020a0097c27,9,พรรคเพื่อไทย,#E4002B,0,0,0.0
acc1da45-8fa8-42a4-85af-3b9686bca55d,7,นายประไว คงอาษา,39,หนองบัวลำภู,1,d7155f6d-736d-42c0-8bc0-00ee6e1970dc,27,พรรคประชาธิปัตย์,#0066B3,0,0,0.0
ad3614f8-ca4c-4450-b7d1-f7565f18b594,7,นายธราธรณ์ อรสุขศรี,10,กรุงเทพมหานคร,33,c126e4e4-be85-44e6-bf3e-f9331b9f91a9,24,พรรควิชชั่นใหม่,#7CB342,0,0,0.0
ade410d4-0951-4f0f-8885-6fbffa28dc65,7,นายสันทัด ภัทรกิตตินนท์,52,ลำปาง,2,03347cbc-6089-474c-a3f6-484ae981c9a6,43,พรรคพลังประชารัฐ,#1565C0,0,0,0.0
ae55f8e3-33f9-417b-b31b-ea17fabac13e,7,นายจิรวัฒน์ อริยคงพันธุ์,50,เชียงใหม่,4,d7155f6d-736d-42c0-8bc0-00ee6e1970dc,27,พรรคประชาธิปัตย์,#0066B3,0,0,0.0
b0f13e2c-9054-45b8-8dd2-85b106a2e237,7,นายฉัตร สุภัทรวณิชย์,30,นครราชสีมา,1,1116011c-1ef3-4cca-a186-c1b9f7984ede,46,พรรคประชาชน,#F57C00,0,0,0.0
b2c26bf9-842a-4cd1-b100-11ce25b3afd5,7,นายธกร เลาหพงศ์ชนะ,10,กรุงเทพมหานคร,22,2d8a1c84-0bc8-4377-965d-c020a0097c27,9,พรรคเพื่อไทย,#E4002B,0,0,0.0
b3659f70-6295-4990-85b4-45c0087762dd,7,นายบรรณวัฒน์ บุพพัณหสมัย,20,ชลบุรี,2,339fa187-133c-4766-a6c2-36d1b32cda8f,23,พรรคปวงชนไทย,#827717,0,0,0.0
b3f32c8e-9cb4-4f35-8f57-60db1f9e5403,7,นายวัชรพล รวมพล,19,สระบุรี,3,7ffe2115-72d1-4d71-9962-03ff61afc67c,31,พรรคประชากรไทย,#00695C,0,0,0.0
b5491072-33c8-4ee3-a8dd-ee99985ac8dc,7,นายณพงษ์ชัย เชี่ยวรุ่งโรจน์,46,กาฬสินธุ์,3,bdd306a2-80c7-4d7b-a7ff-8dc1ec9fcc76,10,พรรคทางเลือกใหม่,#00838F,0,0,0.0
b58bc545-ded8-446a-a692-ea18074e174b,7,นางสาวทิพย์รัมภา วิธูชุลีโชติ,10,กรุงเทพมหานคร,28,965b4b93-c01e-4a2b-a987-577f2b99ebb4,49,พรรคไทยก้าวใหม่,#1E88E5,0,0,0.0
b5a31bd7-1ff3-4256-a372-7e8cccb0db24,7,นายวรัชณ์กิตต์ วิศาลมนัส,10,กรุงเทพมหานคร,10,54706125-9661-467d-a8af-78994d14b116,35,พรรครักชาติ,#B71C1C,0,0,0.0
b7036245-6593-42e5-8ebf-814f87fe78ad,7,นายอานนท์ ทองนาม,39,หนองบัวลำภู,3,115da917-bf32-4e96-a2ae-b7818d0909ee,6,พรรครวมไทยสร้างชาติ,#FF6D00,0,0,0.0
b7f4c37e-d4f8-444c-bd8f-95a3760cc8e0,7,นายประมวล เอมเปีย,20,ชลบุรี,5,2d8a1c84-0bc8-4377-965d-c020a0097c27,9,พรรคเพื่อไทย,#E4002B,0,0,0.0
b80d02d2-c60d-4825-8166-f5b2e884fcf4,7,นายมาโนช เพ็ชรชู,84,สุราษฎร์ธานี,7,965b4b93-c01e-4a2b-a987-577f2b99ebb4,49,พรรคไทยก้าวใหม่,#1E88E5,0,0,0.0
b85bfcbf-3fce-4f7d-b427-f8f27ab35fa6,7,นายบุญฮง ภูแช่มโชติ,38,บึงกาฬ,1,d1964fe3-2dd0-43d5-a190-77fbfaf586b2,8,พรรคประชาธิปไตยใหม่,#1976D2,0,0,0.0
b89f3b06-ff53-4000-b975-dfd64b697111,7,นายคำดี แสงไพร,44,มหาสารคาม,5,a62aca08-91b7-4f3f-ba8f-cb9e884a3799,42,พรรคกล้าธรรม,#5D4037,0,0,0.0
b8afdfaf-00f1-4dba-8e84-409a177ae3c2,7,นายวรเวช ศิริประเสริฐศรี,44,มหาสารคาม,6,115da917-bf32-4e96-a2ae-b7818d0909ee,6,พรรครวมไทยสร้างชาติ,#FF6D00,0,0,0.0
b9016669-0b26-456f-8974-95901886f666,7,นายสมมิตร ทองเหลือ,86,ชุมพร,2,2ee17641-917b-4ea0-8c19-da383e03e915,44,พรรคโอกาสใหม่,#26C6DA,0,0,0.0
ba1eddd8-0e8a-4b93-bb4c-8c79ed20392d,7,นายแทนรัก ศาตะมาน,10,กรุงเทพมหานคร,32,cb1b6cf2-41fa-49b1-a060-01acf13edc81,48,พรรคไทยสร้างไทย,#00ACC1,0,0,0.0
bad6bdc3-8b18-479b-81eb-2f30351c0b83,7,นายปิยชาติ รุจิพรวศิน,30,นครราชสีมา,2,1116011c-1ef3-4cca-a186-c1b9f7984ede,46,พรรคประชาชน,#F57C00,0,0,0.0
bb034c8c-1201-4622-98c5-a7be0ded75e4,7,นายศุภชัย ไพบูลย์วงค์,30,นครราชสีมา,11,965b4b93-c01e-4a2b-a987-577f2b99ebb4,49,พรรคไทยก้าวใหม่,#1E88E5,0,0,0.0
bc15ddf3-777a-4d50-bad2-4652b1863a64,7,นายอร่าม ศรีด้วง,41,อุดรธานี,8,d7155f6d-736d-42c0-8bc0-00ee6e1970dc,27,พรรคประชาธิปัตย์,#0066B3,0,0,0.0
bc2e40b1-816f-4988-abf2-b3ee061ed2e3,7,นาายสรพัช ศรีปราชญ์,19,สระบุรี,1,1116011c-1ef3-4cca-a186-c1b9f7984ede,46,พรรคประชาชน,#F57C00,0,0,0.0
bc52c96c-3aff-4ce2-a642-51de39fa5072,7,นายอนุสรณ์ แก้ววิเชียร,12,นนทบุรี,3,1116011c-1ef3-4cca-a186-c1b9f7984ede,46,พรรคประชาชน,#F57C00,0,0,0.0
bcc83c6a-a7ff-4bd6-9850-344c131bc24e,7,นายชัยอนันต์ มานะกุล,16,ลพบุรี,3,115da917-bf32-4e96-a2ae-b7818d0909ee,6,พรรครวมไทยสร้างชาติ,#FF6D00,0,0,0.0
bcdc9d7b-bd32-467a-9faa-448cd28f1dba,7,นางศิริพร หลิน,44,มหาสารคาม,3,a62aca08-91b7-4f3f-ba8f-cb9e884a3799,42,พรรคกล้าธรรม,#5D4037,0,0,0.0
bce55e4a-ca74-477d-b249-417f467fd3b1,7,นางสาวธันยนันท์ ไพบูลย์สุข,13,ปทุมธานี,7,1116011c-1ef3-4cca-a186-c1b9f7984ede,46,พรรคประชาชน,#F57C00,0,0,0.0
bdba234e-bb37-410b-b021-db3dcab09543,7,นายภาณุ พรวัฒนา,41,อุดรธานี,4,013c219e-e197-416d-84ea-00ba9c35465e,37,พรรคภูมิใจไทย,#3949AB,0,0,0.0
be5ba4b2-a0f2-4043-9c7a-0251ad635d66,7,นางสาวมารีญา ฤกษ์ดี,10,กรุงเทพมหานคร,24,d7155f6d-736d-42c0-8bc0-00ee6e1970dc,27,พรรคประชาธิปัตย์,#0066B3,0,0,0.0
bed6d6c6-50c5-46a4-be8e-0cd670821384,7,นางสาวนัยนา วชิรวัฒน์,60,นครสวรรค์,5,d1964fe3-2dd0-43d5-a190-77fbfaf586b2,8,พรรคประชาธิปไตยใหม่,#1976D2,0,0,0.0
bfd05cc7-5810-4805-a9be-3682040c3b95,7,นายสมชัย ค่องอ้อย,33,ศรีสะเกษ,7,d1964fe3-2dd0-43d5-a190-77fbfaf586b2,8,พรรคประชาธิปไตยใหม่,#1976D2,0,0,0.0
c32bdddb-7fda-4ea6-9482-574fff57daee,7,นายสุรพงษ์ พลซื่อ,46,กาฬสินธุ์,6,a62aca08-91b7-4f3f-ba8f-cb9e884a3799,42,พรรคกล้าธรรม,#5D4037,0,0,0.0
c3a2fcf0-a710-4ad4-b8b9-5636a3d86d86,7,นายเอกศักดิ์ หอมชื่น,13,ปทุมธานี,3,1116011c-1ef3-4cca-a186-c1b9f7984ede,46,พรรคประชาชน,#F57C00,0,0,0.0
c3ec6fcf-6a58-4b3b-bf72-07cca1c4a491,7,นายบัวลา จันทร์แก้ว,48,นครพนม,4,d7155f6d-736d-42c0-8bc0-00ee6e1970dc,27,พรรคประชาธิปัตย์,#0066B3,0,0,0.0
c41934b9-406a-46be-b6ed-e5094ade2920,7,นายไชยา พรหมา,39,หนองบัวลำภู,2,a62aca08-91b7-4f3f-ba8f-cb9e884a3799,42,พรรคกล้าธรรม,#5D4037,0,0,0.0
c4ca76e5-3c6f-47b5-98c0-8be202d72fc6,7,นายเกรียงเดช เข็มทอง,22,จันทบุรี,3,2d8a1c84-0bc8-4377-965d-c020a0097c27,9,พรรคเพื่อไทย,#E4002B,0,0,0.0
c5924681-4135-4c47-9e2a-bb8ea3fceded,7,นางสาวปวันรัตน์ เอกอัครอัญธรณ์,70,ราชบุรี,5,2d8a1c84-0bc8-4377-965d-c020a0097c27,9,พรรคเพื่อไทย,#E4002B,0,0,0.0
c7278e5c-aac4-4708-a5de-1442ed38e2de,7,นางสาวสุรีย์ ธัมมาตร,32,สุรินทร์,4,013c219e-e197-416d-84ea-00ba9c35465e,37,พรรคภูมิใจไทย,#3949AB,0,0,0.0
c7d24206-188d-45ed-9514-86071b9b2077,7,นายอินหวา ระมงคล,48,นครพนม,2,d7155f6d-736d-42c0-8bc0-00ee6e1970dc,27,พรรคประชาธิปัตย์,#0066B3,0,0,0.0
c868b46f-ad67-4e06-ba28-30f461d633ba,7,นางสาวพิมพ์ภัทรา วิชัยกุล,80,นครศรีธรรมราช,9,013c219e-e197-416d-84ea-00ba9c35465e,37,พรรคภูมิใจไทย,#3949AB,0,0,0.0
c931f462-dcb1-43c5-a539-281443b5762f,7,นายสุขสันต์ มิสสาจันทร์,20,ชลบุรี,7,d7155f6d-736d-42c0-8bc0-00ee6e1970dc,27,พรรคประชาธิปัตย์,#0066B3,0,0,0.0
c97f7459-0605-4943-9958-5e23ab1b8922,7,นายนิติศักดิ์ ธรรมเพชร,93,พัทลุง,2,2d8a1c84-0bc8-4377-965d-c020a0097c27,9,พรรคเพื่อไทย,#E4002B,0,0,0.0
c9ad5317-6df6-40f0-a580-3526bf1674de,7,นางสาวยุพวรรณ์ สิทธิคงศักดิ์,47,สกลนคร,5,d7155f6d-736d-42c0-8bc0-00ee6e1970dc,27,พรรคประชาธิปัตย์,#0066B3,0,0,0.0
c9ca7418-f5a1-44e5-b49c-db47d9d04db2,7,นายรุ่งเรืองชัย โสภา,47,สกลนคร,6,03347cbc-6089-474c-a3f6-484ae981c9a6,43,พรรคพลังประชารัฐ,#1565C0,0,0,0.0
cad6d6b6-9a80-443a-970d-453b2418eb5b,7,พลเอกกังวาน สุจินต์,22,จันทบุรี,1,115da917-bf32-4e96-a2ae-b7818d0909ee,6,พรรครวมไทยสร้างชาติ,#FF6D00,0,0,0.0
cae0d2d2-8f7a-446c-9465-25456b364beb,7,นายวนัส ฮ้อแสงชัย,10,กรุงเทพมหานคร,2,115da917-bf32-4e96-a2ae-b7818d0909ee,6,พรรครวมไทยสร้างชาติ,#FF6D00,0,0,0.0
cbe603ef-d748-4a76-9a19-78991ecca3bb,7,นายเกรียงไกร กลิ่นจันทร์,42,เลย,2,013c219e-e197-416d-84ea-00ba9c35465e,37,พรรคภูมิใจไทย,#3949AB,0,0,0.0
cc2a9a16-c284-4d9f-8cbb-7f518392eaa2,7,นายอิทธิพัทธ์ โศภวัฒนาสิริ,10,กรุงเทพมหานคร,4,339fa187-133c-4766-a6c2-36d1b32cda8f,23,พรรคปวงชนไทย,#827717,0,11,0.0
cc9f0489-7cc4-4ec6-8743-66a5ce2c8e54,7,นายทองพูล พลพุทธา,46,กาฬสินธุ์,4,0c044088-618b-49af-a291-fb28ffe9e0f8,11,พรรคเศรษฐกิจ,#FFA000,0,0,0.0
cd2b19e0-7a6a-4c2e-8ca9-e42812296388,7,นายชาติพงศ์ กุลรัตน์,84,สุราษฎร์ธานี,1,115da917-bf32-4e96-a2ae-b7818d0909ee,6,พรรครวมไทยสร้างชาติ,#FF6D00,0,0,0.0
cd56a4b2-c168-4271-89f7-e30de1d0d85e,7,นายอภิชาติ วรโชติวิวรรธน์,34,อุบลราชธานี,4,cb1b6cf2-41fa-49b1-a060-01acf13edc81,48,พรรคไทยสร้างไทย,#00ACC1,0,0,0.0
cd6e1382-8aa3-4bb8-a0e8-eeafb5606d13,7,นายวันชัย บุญเสนอ,33,ศรีสะเกษ,2,d7155f6d-736d-42c0-8bc0-00ee6e1970dc,27,พรรคประชาธิปัตย์,#0066B3,0,0,0.0
cf268b05-1a1a-4aec-9500-ec2be5b0c7ad,7,นายบรรจบ เมฆประดับ,65,พิษณุโลก,4,7255d2d0-1f49-4fd8-adad-7acfea2d5126,56,พรรคเพื่อบ้านเมือง,#1565C0,0,0,0.0
d10e2280-816d-44c3-8ec6-10ede3e376f4,7,นางใบแก้ว โคตรแสง,34,อุบลราชธานี,8,d1964fe3-2dd0-43d5-a190-77fbfaf586b2,8,พรรคประชาธิปไตยใหม่,#1976D2,0,0,0.0
d238891f-e4a2-4028-bafe-44703fc96695,7,นางสาวพัชรวณัน เบ็ญจวิทย์วิไล,10,กรุงเทพมหานคร,9,54706125-9661-467d-a8af-78994d14b116,35,พรรครักชาติ,#B71C1C,0,14,0.0
d2d08bf1-26da-4d75-be28-7099529518ff,7,นายกริชเพชร พลศรี,35,ยโสธร,2,d7155f6d-736d-42c0-8bc0-00ee6e1970dc,27,พรรคประชาธิปัตย์,#0066B3,0,0,0.0
d2dd6475-1770-4250-ac08-104b7f410687,7,นายวิชัย เบ็ญชูสิทธิ์,45,ร้อยเอ็ด,2,d7155f6d-736d-42c0-8bc0-00ee6e1970dc,27,พรรคประชาธิปัตย์,#0066B3,0,0,0.0
d37fea13-3623-4ac3-bb19-5823d0aae30c,7,นายภูวดล ศรีหามาตย์,31,บุรีรัมย์,6,a62aca08-91b7-4f3f-ba8f-cb9e884a3799,42,พรรคกล้าธรรม,#5D4037,0,0,0.0
d3da05ff-ac0f-40fe-9be1-fdc43262cfbf,7,นายดำรงค์ ครึ่งมี,32,สุรินทร์,1,115da917-bf32-4e96-a2ae-b7818d0909ee,6,พรรครวมไทยสร้างชาติ,#FF6D00,0,0,0.0
d4186775-0866-4d6a-b866-b506f5964aad,7,นายปัญโน หวานนุรักษ์,80,นครศรีธรรมราช,2,bd8d9f14-f757-41fb-8f37-d6128d9d012d,7,พรรคพลวัต,#EF6C00,0,0,0.0
d48972f1-9d05-45d7-8580-184504709bfe,7,นายเจ๊ะอิสมาแอล เบญเจ๊ะอาลี,96,นราธิวาส,1,2d8a1c84-0bc8-4377-965d-c020a0097c27,9,พรรคเพื่อไทย,#E4002B,0,0,0.0
d6aadb4e-edf4-4f65-b24a-b1ff43e12eb8,7,นายอนุบาล ขันทอง,33,ศรีสะเกษ,4,0c044088-618b-49af-a291-fb28ffe9e0f8,11,พรรคเศรษฐกิจ,#FFA000,0,0,0.0
d84e17f3-29e9-47e6-bb6a-eee135c7376d,7,นายสายัญ สวมทอง,90,สงขลา,6,965b4b93-c01e-4a2b-a987-577f2b99ebb4,49,พรรคไทยก้าวใหม่,#1E88E5,0,0,0.0
d8f01c57-5160-4e3c-8355-577c8331146e,7,นางสลิลทิพย์ สุขวัฒน์,11,สมุทรปราการ,8,2d8a1c84-0bc8-4377-965d-c020a0097c27,9,พรรคเพื่อไทย,#E4002B,0,0,0.0
d94e1949-b851-4d51-8c3a-93063e2c911f,7,นายอภิชา เลิศพชรกมล,30,นครราชสีมา,10,2d8a1c84-0bc8-4377-965d-c020a0097c27,9,พรรคเพื่อไทย,#E4002B,0,0,0.0
d9d0fdea-d033-4888-a7e2-e1bb611613ad,7,นายจำลอง บุญชม,33,ศรีสะเกษ,3,1116011c-1ef3-4cca-a186-c1b9f7984ede,46,พรรคประชาชน,#F57C00,0,0,0.0
da35337c-9e0a-4740-9c43-005964e39bac,7,นางสาวภูชิตา แก้วมโนรมย์,10,กรุงเทพมหานคร,30,bd8d9f14-f757-41fb-8f37-d6128d9d012d,7,พรรคพลวัต,#EF6C00,0,0,0.0
dc22863a-4c3c-4837-a657-734c369c6fa9,7,ร้อยตำรวจเอกธงไชย มหาโพธิ์,60,นครสวรรค์,4,d1964fe3-2dd0-43d5-a190-77fbfaf586b2,8,พรรคประชาธิปไตยใหม่,#1976D2,0,0,0.0
dcac1839-6422-4f64-b97d-fc68de331372,7,นายบุญโฮม ดวงคำจันทร์,42,เลย,3,0c044088-618b-49af-a291-fb28ffe9e0f8,11,พรรคเศรษฐกิจ,#FFA000,0,0,0.0
dd7d8302-d04a-4b49-8a07-cc0342abdfcb,7,นายณณท์พัชธี กันตวธีระณัต,40,ขอนแก่น,1,2d8a1c84-0bc8-4377-965d-c020a0097c27,9,พรรคเพื่อไทย,#E4002B,0,0,0.0
dde5174f-acdd-4187-be5a-0338208dcab7,7,นายก้องชายแดน พินธุรักษ์,34,อุบลราชธานี,7,7ffe2115-72d1-4d71-9962-03ff61afc67c,31,พรรคประชากรไทย,#00695C,0,0,0.0
de31261d-6e1d-4fe2-840c-d2e64f95f4ce,7,นายปิ่น นันทะเสน,33,ศรีสะเกษ,6,115da917-bf32-4e96-a2ae-b7818d0909ee,6,พรรครวมไทยสร้างชาติ,#FF6D00,0,0,0.0
de6a2cbf-86c6-4eb4-87a6-844cd62c4fe8,7,นายสมชาติ ขวัญชัย,57,เชียงราย,3,03347cbc-6089-474c-a3f6-484ae981c9a6,43,พรรคพลังประชารัฐ,#1565C0,0,0,0.0
df1340b3-9542-4e61-9126-e4310223deeb,7,นายจักรพันธ์ พิมเสน,67,เพชรบูรณ์,3,bec5b9e5-11e6-4962-9188-94040fcf3bd1,53,พรรคไทยพิทักษ์ธรรม,#5E35B1,0,0,0.0
df69fae4-9fc2-4569-ad33-3592e61eb4da,7,นายสรธร โฉมงาม,67,เพชรบูรณ์,6,0c044088-618b-49af-a291-fb28ffe9e0f8,11,พรรคเศรษฐกิจ,#FFA000,0,0,0.0
df86aafc-064c-41ef-95b2-2c28b013da7c,7,นายบัณฑิต บุญอุดมกิจ,67,เพชรบูรณ์,2,bec5b9e5-11e6-4962-9188-94040fcf3bd1,53,พรรคไทยพิทักษ์ธรรม,#5E35B1,0,0,0.0
e03da988-ac05-4db7-bc81-3127d1ca73e3,7,นายธนพล โตโพธิ์ไทย,73,นครปฐม,1,2d8a1c84-0bc8-4377-965d-c020a0097c27,9,พรรคเพื่อไทย,#E4002B,0,0,0.0
e0ed80b0-e47a-4d93-9826-38fd5dbeb2b8,7,นางสาวสุภกฤตา ธงไชย,10,กรุงเทพมหานคร,5,115da917-bf32-4e96-a2ae-b7818d0909ee,6,พรรครวมไทยสร้างชาติ,#FF6D00,0,0,0.0
e119f8e6-19f7-43dc-9849-a57632e2307d,7,นางสาวกุสุมา บัวพันธ์,50,เชียงใหม่,8,a62aca08-91b7-4f3f-ba8f-cb9e884a3799,42,พรรคกล้าธรรม,#5D4037,0,0,0.0
e1896205-f9df-40ba-8b1b-6700982e6b88,7,นายดือรอนิง เจ๊ะเด๊ะ,96,นราธิวาส,3,7ffe2115-72d1-4d71-9962-03ff61afc67c,31,พรรคประชากรไทย,#00695C,0,0,0.0
e1a70e1d-1542-4415-9e98-073ef8abff68,7,นายสุริยา วงศ์อารีย์,41,อุดรธานี,7,1116011c-1ef3-4cca-a186-c1b9f7984ede,46,พรรคประชาชน,#F57C00,0,0,0.0
e2ab259d-ab66-4fd1-809e-2add3f086036,7,นายนฤพล เลิศปัญญาโรจน์,10,กรุงเทพมหานคร,27,1116011c-1ef3-4cca-a186-c1b9f7984ede,46,พรรคประชาชน,#F57C00,0,0,0.0
e317f00a-7997-4132-9fa6-23c356aacfe0,7,นายกล้ารบ สิงหกมลศึก,30,นครราชสีมา,9,f9cadd57-8256-49aa-9386-0da392b19fc2,29,พรรคไทยภักดี,#D32F2F,0,0,0.0
e6c5f1ea-6ea7-4e75-ab37-348f636e03e6,7,นายสากล มาชัยภูมิ,36,ชัยภูมิ,6,0c044088-618b-49af-a291-fb28ffe9e0f8,11,พรรคเศรษฐกิจ,#FFA000,0,0,0.0
e70f4175-7ef8-45c8-b884-744f68ff58a9,7,นายภาวุฒิ จุณณานนท์,10,กรุงเทพมหานคร,23,965b4b93-c01e-4a2b-a987-577f2b99ebb4,49,พรรคไทยก้าวใหม่,#1E88E5,0,0,0.0
e739f2ca-cfe7-4314-a2a1-e4443dfe2000,7,นายสะอาด กาฟัก,64,สุโขทัย,4,bcdcd19b-d619-47dd-8535-fafb6bc6f4d8,12,พรรคเสรีรวมไทย,#C62828,0,0,0.0
e7a355de-a532-4eed-aaf9-2a18a705bd10,7,นายสุกวี แสงเป่า,71,กาญจนบุรี,2,d7155f6d-736d-42c0-8bc0-00ee6e1970dc,27,พรรคประชาธิปัตย์,#0066B3,0,0,0.0
eafb5ca6-8444-445b-aea6-71adddff51ac,7,นายพลากร ภูมินอก,36,ชัยภูมิ,7,d7155f6d-736d-42c0-8bc0-00ee6e1970dc,27,พรรคประชาธิปัตย์,#0066B3,0,0,0.0
ebd8a9c9-278a-4ff2-95ae-f0a1844abf16,7,นายไพบูลย์ ศิริมา,32,สุรินทร์,8,d7155f6d-736d-42c0-8bc0-00ee6e1970dc,27,พรรคประชาธิปัตย์,#0066B3,0,0,0.0
ebec1995-adc1-441b-ba38-33fd0ae7af30,7,นายณัฐฏ์ รุ่งเรือง,10,กรุงเทพมหานคร,3,c126e4e4-be85-44e6-bf3e-f9331b9f91a9,24,พรรควิชชั่นใหม่,#7CB342,0,0,0.0
ebf95b3c-9c03-4764-82f0-819664e362df,7,นางศิริวรรณ พงษ์พานิชย์,10,กรุงเทพมหานคร,12,cb1b6cf2-41fa-49b1-a060-01acf13edc81,48,พรรคไทยสร้างไทย,#00ACC1,0,0,0.0
ec37d839-86f5-43bf-9a46-b7f5d6f170eb,7,นายสีหเดช แสงจันทร์,81,กระบี่,2,0c044088-618b-49af-a291-fb28ffe9e0f8,11,พรรคเศรษฐกิจ,#FFA000,0,0,0.0
ec97f1a2-74da-4dfb-97fb-3c6b00573999,7,นายภาณุวิทย์ เอี้ยวโพธิเงิน,73,นครปฐม,2,2ee17641-917b-4ea0-8c19-da383e03e915,44,พรรคโอกาสใหม่,#26C6DA,0,0,0.0
ec9c336a-66ac-4abd-81ac-01b3017cd45b,7,นายณัฐพงศ์ แสนโคตร,31,บุรีรัมย์,10,1116011c-1ef3-4cca-a186-c1b9f7984ede,46,พรรคประชาชน,#F57C00,0,0,0.0
ecbfe23c-90ca-49f2-923e-8db63d802c16,7,นายกัณตภณ ดวงอัมพร,10,กรุงเทพมหานคร,6,1116011c-1ef3-4cca-a186-c1b9f7984ede,46,พรรคประชาชน,#F57C00,0,0,0.0
ee65ee6c-ad74-455a-a590-4ed5558be60e,7,นายนพพล ศรีแปงวงค์,62,กำแพงเพชร,3,d7155f6d-736d-42c0-8bc0-00ee6e1970dc,27,พรรคประชาธิปัตย์,#0066B3,0,0,0.0
ee689f3f-0c4e-4878-bf29-80cef4f04c02,7,นายยงยุทธ กูลเมือง,92,ตรัง,1,eae55266-b74d-4322-869b-c3e5aa00701f,39,พรรคกรีน,#4CAF50,0,0,0.0
ef35f44e-e3dc-48e3-9816-4e1d7aa0003b,7,นายศักดา ศรีพรหม,30,นครราชสีมา,3,115da917-bf32-4e96-a2ae-b7818d0909ee,6,พรรครวมไทยสร้างชาติ,#FF6D00,0,0,0.0
ef64412e-2ae0-48ec-a513-da5c8a5ec16d,7,นายบอนด์ สุริยะ,52,ลำปาง,4,1116011c-1ef3-4cca-a186-c1b9f7984ede,46,พรรคประชาชน,#F57C00,0,0,0.0
eff72049-921e-48fb-b616-7b64a1a14a4e,7,นายศรคม ฦาชา,36,ชัยภูมิ,5,03347cbc-6089-474c-a3f6-484ae981c9a6,43,พรรคพลังประชารัฐ,#1565C0,0,0,0.0
f0aed4eb-aeed-4c48-a51b-ae032aa8e0a8,7,นายกูนรดินทร์ วงศ์วังษา,95,ยะลา,1,2d8a1c84-0bc8-4377-965d-c020a0097c27,9,พรรคเพื่อไทย,#E4002B,0,0,0.0
f148a543-f2a6-47be-aa60-81833dbb6096,7,นายวิทิต เปี่ยมคล้า,73,นครปฐม,4,d7155f6d-736d-42c0-8bc0-00ee6e1970dc,27,พรรคประชาธิปัตย์,#0066B3,0,0,0.0
f33c5c4a-c183-49b2-a8b4-46d5aea26a12,7,นายสุทัศน์ อินทชาติ,84,สุราษฎร์ธานี,4,03347cbc-6089-474c-a3f6-484ae981c9a6,43,พรรคพลังประชารัฐ,#1565C0,0,0,0.0
f3ffa0ef-546b-4650-bdf0-a610104cac1a,7,นางสาวชะวรลัทธิ์ ชินธรรมมิตร,70,ราชบุรี,4,a62aca08-91b7-4f3f-ba8f-cb9e884a3799,42,พรรคกล้าธรรม,#5D4037,0,0,0.0
f4bb63ca-d84c-4dff-8c41-e3948f6a54bb,7,นางสาวนงค์คราญ ฤาชาญ,36,ชัยภูมิ,4,d1964fe3-2dd0-43d5-a190-77fbfaf586b2,8,พรรคประชาธิปไตยใหม่,#1976D2,0,0,0.0
f4e520aa-1592-4fc1-b64a-263ef801fed7,7,นายภัทรกัปป์ ด่านรุ่งโรจน์,66,พิจิตร,3,1116011c-1ef3-4cca-a186-c1b9f7984ede,46,พรรคประชาชน,#F57C00,0,0,0.0
f654aacb-10b0-423e-be03-1435b4233ada,7,นายวิชิต แก้วกัญญา,47,สกลนคร,1,0c044088-618b-49af-a291-fb28ffe9e0f8,11,พรรคเศรษฐกิจ,#FFA000,0,0,0.0
f987f8d2-a743-48f5-a2e6-e9ae678815ff,7,นางสาวชนิดาภา สงวนพวก,10,กรุงเทพมหานคร,21,2d8a1c84-0bc8-4377-965d-c020a0097c27,9,พรรคเพื่อไทย,#E4002B,0,0,0.0
f9cd573c-0b52-477c-829e-d93c978bf7a8,7,นายวุฒิชัย สุขพรรณดอน,31,บุรีรัมย์,7,a62aca08-91b7-4f3f-ba8f-cb9e884a3799,42,พรรคกล้าธรรม,#5D4037,0,0,0.0
f9dcfb0e-7720-4cfd-9399-015c783892e6,7,นายธรรศ คำพันธุ์,33,ศรีสะเกษ,5,115da917-bf32-4e96-a2ae-b7818d0909ee,6,พรรครวมไทยสร้างชาติ,#FF6D00,0,0,0.0
f9eb6d80-4e8a-4a9d-ae18-28b15784fb28,7,นายณภัทร์ษธร กล้วยประโคน,31,บุรีรัมย์,5,7ffe2115-72d1-4d71-9962-03ff61afc67c,31,พรรคประชากรไทย,#00695C,0,0,0.0
fa06ccf8-7a91-4ca4-85d9-9dfdefb55262,7,นายพัสกร สิงห์ทอง,32,สุรินทร์,6,115da917-bf32-4e96-a2ae-b7818d0909ee,6,พรรครวมไทยสร้างชาติ,#FF6D00,0,0,0.0
fab63202-b65f-405d-b401-5fc2fbca6161,7,นายพูลศักดิ์ เย็นประสพ,27,สระแก้ว,3,d1964fe3-2dd0-43d5-a190-77fbfaf586b2,8,พรรคประชาธิปไตยใหม่,#1976D2,0,0,0.0
fb07f3d0-e968-487c-8a5e-8dd07f700137,7,นายซูการ์โน มะทา,95,ยะลา,2,7f4755ca-ea3a-4023-869d-9cabba328db0,33,พรรคประชาชาติ,#2E7D32,0,0,0.0
fbfe63d0-fc2c-4bc7-a8b7-e0b18e4ee710,7,นายศรสิน อินทะชัย,62,กำแพงเพชร,1,013c219e-e197-416d-84ea-00ba9c35465e,37,พรรคภูมิใจไทย,#3949AB,0,0,0.0
fc210f07-e3bb-47c0-b959-f280ccb2a12c,7,นายธนพงศ์พันธ์ ปิดกันภัย,21,ระยอง,4,a62aca08-91b7-4f3f-ba8f-cb9e884a3799,42,พรรคกล้าธรรม,#5D4037,0,0,0.0
fc30ca50-baf6-4d14-9267-910fefd4f0aa,7,นายจีรศักดิ์ ภูโคกหิน,46,กาฬสินธุ์,2,115da917-bf32-4e96-a2ae-b7818d0909ee,6,พรรครวมไทยสร้างชาติ,#FF6D00,0,0,0.0
fcb9199a-b7b0-43a4-b713-9d47ef55ace5,7,นายลำชี มะโนรัตน์,34,อุบลราชธานี,3,7255d2d0-1f49-4fd8-adad-7acfea2d5126,56,พรรคเพื่อบ้านเมือง,#1565C0,0,0,0.0
fd6a6419-6e7f-493c-b189-235160428805,7,นายชนาเมธ อักโขสุวรรณ,90,สงขลา,4,0c044088-618b-49af-a291-fb28ffe9e0f8,11,พรรคเศรษฐกิจ,#FFA000,0,0,0.0
fdc54202-f4ce-4176-9a9c-962e82f713f1,7,นายวีรภัทร คันธะ,11,สมุทรปราการ,6,1116011c-1ef3-4cca-a186-c1b9f7984ede,46,พรรคประชาชน,#F57C00,0,0,0.0
fe2c0356-5a5f-4a1a-8fd4-f658c3525d08,7,นายวุฒิกร แสงประดิษฐ์,40,ขอนแก่น,4,0c044088-618b-49af-a291-fb28ffe9e0f8,11,พรรคเศรษฐกิจ,#FFA000,0,0,0.0
fe5cd400-4578-43fc-aeb1-9492238f9ea1,7,นางสาวเกศรา แซ่จิว,33,ศรีสะเกษ,9,339fa187-133c-4766-a6c2-36d1b32cda8f,23,พรรคปวงชนไทย,#827717,0,0,0.0
ffefd10f-9a74-4a54-932b-0609916a97e9,7,นายนพ ชีวานันท์,14,พระนครศรีอยุธยา,2,013c219e-e197-416d-84ea-00ba9c35465e,37,พรรคภูมิใจไทย,#3949AB,0,0,0.0
029e07c3-3aaa-4bb8-901a-c609056295c6,8,นายอำนาจ คงเอียง,90,สงขลา,8,f9cadd57-8256-49aa-9386-0da392b19fc2,29,พรรคไทยภักดี,#D32F2F,0,0,0.0
02e23bc2-78f4-43bd-b2e4-57c0c1cf1658,8,นายสุนทร มีสิทธิ์,49,มุกดาหาร,1,7255d2d0-1f49-4fd8-adad-7acfea2d5126,56,พรรคเพื่อบ้านเมือง,#1565C0,0,0,0.0
04432fb3-2218-497f-ba17-107799c626b5,8,จ่าสิบตำรวจเฉลิม เทียนขุนทด,30,นครราชสีมา,15,bdd306a2-80c7-4d7b-a7ff-8dc1ec9fcc76,10,พรรคทางเลือกใหม่,#00838F,0,0,0.0
052ea2aa-5c36-4b00-b574-430ab437c57c,8,นายอำนวย รักฉาย,64,สุโขทัย,2,7255d2d0-1f49-4fd8-adad-7acfea2d5126,56,พรรคเพื่อบ้านเมือง,#1565C0,0,0,0.0
06b6328a-f5d7-418f-8bf9-ff64da8277a7,8,นายกฐสักกษัษฐี โคตุทา,48,นครพนม,4,115da917-bf32-4e96-a2ae-b7818d0909ee,6,พรรครวมไทยสร้างชาติ,#FF6D00,0,0,0.0
06d427ca-4253-428b-8eaa-da4f1ebfcc85,8,นางสาวปราณิสา สุดวิเศษ,10,กรุงเทพมหานคร,12,bd8d9f14-f757-41fb-8f37-d6128d9d012d,7,พรรคพลวัต,#EF6C00,0,0,0.0
076b6066-bfc5-4a7f-ad85-eabf24136698,8,นายสนธิญา สวัสดี,74,สมุทรสาคร,2,03347cbc-6089-474c-a3f6-484ae981c9a6,43,พรรคพลังประชารัฐ,#1565C0,0,0,0.0
077958a9-95b1-4f70-a21f-0dd71da097e4,8,นายสันติ ถนอมเนื้อ,20,ชลบุรี,1,339fa187-133c-4766-a6c2-36d1b32cda8f,23,พรรคปวงชนไทย,#827717,0,0,0.0
09c72a60-92fc-4a69-a166-1c70bff50c75,8,นายวิทยา แก้วเหลี่ยม,32,สุรินทร์,2,d1964fe3-2dd0-43d5-a190-77fbfaf586b2,8,พรรคประชาธิปไตยใหม่,#1976D2,0,0,0.0
0a8329ee-255c-4e6f-9237-fa3a4ba63dd4,8,นายโกศล ตาลทอง,74,สมุทรสาคร,1,115da917-bf32-4e96-a2ae-b7818d0909ee,6,พรรครวมไทยสร้างชาติ,#FF6D00,0,0,0.0
0aff34fa-7dda-45c8-81fd-0d7c3e7b70e2,8,นายอภิวัฒน์ มีชัย,47,สกลนคร,1,03347cbc-6089-474c-a3f6-484ae981c9a6,43,พรรคพลังประชารัฐ,#1565C0,0,0,0.0
0b59c518-eaf2-4aad-ae32-0f4540f7a7ca,8,นางณัฐธยาน์ พิพิทฐานนท์,30,นครราชสีมา,3,965b4b93-c01e-4a2b-a987-577f2b99ebb4,49,พรรคไทยก้าวใหม่,#1E88E5,0,0,0.0
0c06a803-0c01-4d56-9f0b-3050442308dd,8,นายนิธิศ รอดชมภู,41,อุดรธานี,9,965b4b93-c01e-4a2b-a987-577f2b99ebb4,49,พรรคไทยก้าวใหม่,#1E88E5,0,0,0.0
0c4aa4ff-a95b-4b14-81db-8a3d3505ee82,8,นายอาดิษฐ์ กัลยาณมิตร,66,พิจิตร,1,03347cbc-6089-474c-a3f6-484ae981c9a6,43,พรรคพลังประชารัฐ,#1565C0,0,0,0.0
0d2180dc-37ef-43e9-84dd-3831b6330350,8,นายถวัลย์ หงษ์ไทย,36,ชัยภูมิ,2,0c044088-618b-49af-a291-fb28ffe9e0f8,11,พรรคเศรษฐกิจ,#FFA000,0,0,0.0
0d619b0c-4b0c-41d5-a4b2-ad2092b8a509,8,ร้อยตำรวจตรีบำรุง พวงมะเดื่อ,53,อุตรดิตถ์,2,bdd306a2-80c7-4d7b-a7ff-8dc1ec9fcc76,10,พรรคทางเลือกใหม่,#00838F,0,0,0.0
0e2fee2c-3258-446a-9cf6-b41ab24010c8,8,นายณัฐพงศ์ เปรมพูลสวัสดิ์,10,กรุงเทพมหานคร,21,1116011c-1ef3-4cca-a186-c1b9f7984ede,46,พรรคประชาชน,#F57C00,0,0,0.0
0ea28ee0-5295-4a18-a953-5546c348a587,8,นางสาวรุ้งไพลิน ปิ่นอนันต์สกุล,31,บุรีรัมย์,2,a62aca08-91b7-4f3f-ba8f-cb9e884a3799,42,พรรคกล้าธรรม,#5D4037,0,0,0.0
0ecd9cfa-a213-4516-8c62-9009a6177f67,8,นายพงศ์พล ยอดเมืองเจริญ,10,กรุงเทพมหานคร,22,013c219e-e197-416d-84ea-00ba9c35465e,37,พรรคภูมิใจไทย,#3949AB,0,0,0.0
118ddab9-b019-451b-8bab-4d85f21fbd65,8,นายชวลิต สุขเกษม,22,จันทบุรี,1,339fa187-133c-4766-a6c2-36d1b32cda8f,23,พรรคปวงชนไทย,#827717,0,0,0.0
1307df7d-63c0-425a-8f4e-15b49cd0c71f,8,นายปรีชา เพ็งภู่,62,กำแพงเพชร,4,03347cbc-6089-474c-a3f6-484ae981c9a6,43,พรรคพลังประชารัฐ,#1565C0,0,0,0.0
138ca5ee-aa10-4d31-a3f9-05ad11a82407,8,นางสาววิภาวี ลืออุติกุลวงศ์,44,มหาสารคาม,5,d7155f6d-736d-42c0-8bc0-00ee6e1970dc,27,พรรคประชาธิปัตย์,#0066B3,0,0,0.0
142d96df-aa6b-47f1-9212-b2d26393d0cc,8,นายธีรยุทธ อินทรกำแหง,31,บุรีรัมย์,7,0c044088-618b-49af-a291-fb28ffe9e0f8,11,พรรคเศรษฐกิจ,#FFA000,0,0,0.0
1433f773-c396-486b-8e33-768ab1746dc2,8,นางสาวภคววรรณ กุลปัญญาพินิจ,12,นนทบุรี,2,a62aca08-91b7-4f3f-ba8f-cb9e884a3799,42,พรรคกล้าธรรม,#5D4037,0,0,0.0
14878a66-9922-4d0e-becd-a812d76bdbbe,8,นายนิพนธ์ บุษราคัมวงศ์,33,ศรีสะเกษ,3,b8514495-acc0-4744-a41a-afcf86f848a7,59,พรรครวมพลัง,#9CA3AF,0,0,0.0
14b7ea8e-c66e-4085-9e0f-fb0279766ed4,8,ว่าที่ร้อยเอกปัญญา ชัยรัตนพานิช,13,ปทุมธานี,7,0c044088-618b-49af-a291-fb28ffe9e0f8,11,พรรคเศรษฐกิจ,#FFA000,0,0,0.0
14fbe82f-4729-474c-a61b-76e9f8926bdd,8,นายนิมิตร จันทเวทย์ศิริ,34,อุบลราชธานี,1,0c044088-618b-49af-a291-fb28ffe9e0f8,11,พรรคเศรษฐกิจ,#FFA000,0,0,0.0
152bce46-2444-4f46-9138-c05a856513e9,8,นายเกรียงไกร จู้ทิ่น,14,พระนครศรีอยุธยา,4,d7155f6d-736d-42c0-8bc0-00ee6e1970dc,27,พรรคประชาธิปัตย์,#0066B3,0,0,0.0
1534fb51-34d8-496e-a4b3-bad1a9f07178,8,นางสาวประภา เฮงไพบูลย์,46,กาฬสินธุ์,4,03347cbc-6089-474c-a3f6-484ae981c9a6,43,พรรคพลังประชารัฐ,#1565C0,0,0,0.0
1636aac5-abd9-4ece-bc9e-ada52832c59f,8,นายเบญจมินทร์ ปันสน,32,สุรินทร์,1,1116011c-1ef3-4cca-a186-c1b9f7984ede,46,พรรคประชาชน,#F57C00,0,0,0.0
163e8a78-743c-436c-9023-0be72ded03b6,8,นางเกษศิรินทร์ ช่วยศรีทอง,80,นครศรีธรรมราช,6,d1964fe3-2dd0-43d5-a190-77fbfaf586b2,8,พรรคประชาธิปไตยใหม่,#1976D2,0,0,0.0
167a4f3f-26f8-44d2-810d-56b70096c24b,8,นายธีระเดช นาซีก,10,กรุงเทพมหานคร,11,a62aca08-91b7-4f3f-ba8f-cb9e884a3799,42,พรรคกล้าธรรม,#5D4037,0,0,0.0
171db759-aeaf-4a88-8318-a2136670db3f,8,นายพรศักดิ์ แดงทรัพย์,31,บุรีรัมย์,9,a62aca08-91b7-4f3f-ba8f-cb9e884a3799,42,พรรคกล้าธรรม,#5D4037,0,0,0.0
1852a6e0-d907-44f7-92bc-4247dce2179c,8,นางสาวณัฏฐณิชา วันดึก,34,อุบลราชธานี,8,7255d2d0-1f49-4fd8-adad-7acfea2d5126,56,พรรคเพื่อบ้านเมือง,#1565C0,0,0,0.0
187f0585-d1fd-45a0-9c51-2bbf8d18a40b,8,นายธีระพงษ์ มงคลวัฒนลีลา,10,กรุงเทพมหานคร,3,03347cbc-6089-474c-a3f6-484ae981c9a6,43,พรรคพลังประชารัฐ,#1565C0,0,0,0.0
1a0d964d-60e5-42af-9980-91792a3a18fc,8,นายคำมอน แสงดี,41,อุดรธานี,7,013c219e-e197-416d-84ea-00ba9c35465e,37,พรรคภูมิใจไทย,#3949AB,0,0,0.0
1dbdad00-1d6f-472b-bb1e-b530de92ae47,8,นายณัฐดนัย หลำแสงกุล,10,กรุงเทพมหานคร,25,a62aca08-91b7-4f3f-ba8f-cb9e884a3799,42,พรรคกล้าธรรม,#5D4037,0,0,0.0
1e616cae-4f20-4a1b-94e6-205433f6a79b,8,นายวีระยุทธ พะโรงรัมย์,31,บุรีรัมย์,3,d7155f6d-736d-42c0-8bc0-00ee6e1970dc,27,พรรคประชาธิปัตย์,#0066B3,0,0,0.0
21533ebe-c24d-489b-8586-452e35dba52e,8,นางสาวกาญจนา อาวรณ์,50,เชียงใหม่,9,0c044088-618b-49af-a291-fb28ffe9e0f8,11,พรรคเศรษฐกิจ,#FFA000,0,0,0.0
21900c35-650e-40fb-9d27-0212dc6be511,8,นายพงษ์ศักดิ์ กุลเมือง,84,สุราษฎร์ธานี,2,965b4b93-c01e-4a2b-a987-577f2b99ebb4,49,พรรคไทยก้าวใหม่,#1E88E5,0,0,0.0
2218f0a0-49c2-4549-a7e0-1780edebf1f0,8,นายวุฒิรักษ์ แพงตาแก้ว,40,ขอนแก่น,4,1116011c-1ef3-4cca-a186-c1b9f7984ede,46,พรรคประชาชน,#F57C00,0,0,0.0
225a2c9e-614f-41fd-b01a-f0382ce5e84f,8,นายเกียรติศิริกุล ทึนรส,40,ขอนแก่น,9,cb1b6cf2-41fa-49b1-a060-01acf13edc81,48,พรรคไทยสร้างไทย,#00ACC1,0,0,0.0
25ee6e58-2d1f-4bde-96e4-895002d9f564,8,นายธาราดร พรหมสุทธิ์,90,สงขลา,2,03347cbc-6089-474c-a3f6-484ae981c9a6,43,พรรคพลังประชารัฐ,#1565C0,0,0,0.0
26353ef7-76f5-496a-b433-c4137b3df8e8,8,นายนฤบดินทร์ เทพสิทธิ์,55,น่าน,2,013c219e-e197-416d-84ea-00ba9c35465e,37,พรรคภูมิใจไทย,#3949AB,0,0,0.0
279991a8-28f1-473d-bfad-a0fedb608081,8,นายธีระยุทธ อรุณพูลทรัพย์,10,กรุงเทพมหานคร,14,0c044088-618b-49af-a291-fb28ffe9e0f8,11,พรรคเศรษฐกิจ,#FFA000,0,0,0.0
28482bb2-061e-43be-ac40-a4810460660b,8,นายมนตรี ผลจันทร์,67,เพชรบูรณ์,2,f7b4da92-1d4f-4f3f-ab31-25eb36d1a8ad,51,พรรคพร้อม,#26A69A,0,0,0.0
29682191-3a0f-476e-b81e-00757198b499,8,นายกิตติธัช อยู่ดี,10,กรุงเทพมหานคร,23,bd8d9f14-f757-41fb-8f37-d6128d9d012d,7,พรรคพลวัต,#EF6C00,0,0,0.0
2abc33f3-1fc8-4fc7-a1aa-24ad81271a9b,8,ว่าที่ร้อยตรีอภิรัฐ รัตนพันธุ์,80,นครศรีธรรมราช,5,965b4b93-c01e-4a2b-a987-577f2b99ebb4,49,พรรคไทยก้าวใหม่,#1E88E5,0,0,0.0
2e703b23-2439-452d-91d5-c0a92f5fa9ff,8,นางสาวอัยรินทร์ พันธุ์ฤทธิ์,13,ปทุมธานี,5,a62aca08-91b7-4f3f-ba8f-cb9e884a3799,42,พรรคกล้าธรรม,#5D4037,0,0,0.0
2fcbb303-d05e-432b-934f-868b4fe1663d,8,นายญาณกิตติ์ ห่วงทรัพย์,10,กรุงเทพมหานคร,1,2d8a1c84-0bc8-4377-965d-c020a0097c27,9,พรรคเพื่อไทย,#E4002B,0,0,0.0
3048f816-c615-4094-ae7f-7a2e22a6547d,8,นายสมยศ อำไพ,33,ศรีสะเกษ,2,339fa187-133c-4766-a6c2-36d1b32cda8f,23,พรรคปวงชนไทย,#827717,0,0,0.0
30a384df-b359-407e-af58-f3fe7df971ea,8,นายเผด็จ สลักศิลป์,45,ร้อยเอ็ด,5,115da917-bf32-4e96-a2ae-b7818d0909ee,6,พรรครวมไทยสร้างชาติ,#FF6D00,0,0,0.0
30a90262-1bb4-490a-bd46-da03afdd453c,8,นายเจตน์สฤษฎิ์ เลิศธนสาร,10,กรุงเทพมหานคร,33,d7155f6d-736d-42c0-8bc0-00ee6e1970dc,27,พรรคประชาธิปัตย์,#0066B3,0,0,0.0
31da96cd-c8b4-4b7b-9b21-1273eaef8424,8,นางสมร เขียวเชย,47,สกลนคร,5,d1964fe3-2dd0-43d5-a190-77fbfaf586b2,8,พรรคประชาธิปไตยใหม่,#1976D2,0,0,0.0
321d6ff7-bf4f-47a4-8369-b03530197b25,8,พันตำรวจเอกสนองเดช เดชวัชรนนท์,60,นครสวรรค์,6,03347cbc-6089-474c-a3f6-484ae981c9a6,43,พรรคพลังประชารัฐ,#1565C0,0,0,0.0
32b33573-f862-468b-915e-85f8006ec4ec,8,นายชัยณรงค์ ภู่พิสิฐ,51,ลำพูน,1,2d8a1c84-0bc8-4377-965d-c020a0097c27,9,พรรคเพื่อไทย,#E4002B,0,0,0.0
32ddeb1d-76c2-4b41-a6dc-a8f53c4a4485,8,นางสาวจุฑามาศ ธานีวรรณ์,45,ร้อยเอ็ด,2,d1964fe3-2dd0-43d5-a190-77fbfaf586b2,8,พรรคประชาธิปไตยใหม่,#1976D2,0,0,0.0
33bb6992-af99-49ea-bc23-55e0cf06254f,8,นางสาวธนภรณ์ ผลยาม,14,พระนครศรีอยุธยา,2,03347cbc-6089-474c-a3f6-484ae981c9a6,43,พรรคพลังประชารัฐ,#1565C0,0,0,0.0
33d1b4f1-a067-47c2-9327-6bd48f179cf9,8,นาวาอากาศเอกสุรินทร์ เมฆาวรรณ,80,นครศรีธรรมราช,8,bdd306a2-80c7-4d7b-a7ff-8dc1ec9fcc76,10,พรรคทางเลือกใหม่,#00838F,0,0,0.0
33f9a8cb-a9c7-46d4-a0f9-379ca004a86c,8,นายภูเชษฐ์ เผดิมปราชญ์,10,กรุงเทพมหานคร,2,cb1b6cf2-41fa-49b1-a060-01acf13edc81,48,พรรคไทยสร้างไทย,#00ACC1,0,0,0.0
34e50785-891e-4991-ad65-d09c11d12083,8,นายวุฒากร นุตยกุล,12,นนทบุรี,1,1116011c-1ef3-4cca-a186-c1b9f7984ede,46,พรรคประชาชน,#F57C00,0,3,0.0
34f405c6-274f-4cd2-a5f7-e3b6c79b2bef,8,นายวริศ มีไชโย,63,ตาก,1,d7155f6d-736d-42c0-8bc0-00ee6e1970dc,27,พรรคประชาธิปัตย์,#0066B3,0,0,0.0
3588dc4f-8488-4bed-b5b7-9868d230bf72,8,นางลาวัลย์ สิงห์สถิต,73,นครปฐม,5,2ee17641-917b-4ea0-8c19-da383e03e915,44,พรรคโอกาสใหม่,#26C6DA,0,0,0.0
381e3fd1-5b37-4269-9013-dced2e7ec246,8,นายวัชรพล โตมรศักดิ์,30,นครราชสีมา,2,2d8a1c84-0bc8-4377-965d-c020a0097c27,9,พรรคเพื่อไทย,#E4002B,0,0,0.0
38f4a6d6-98f6-43a3-a5e6-6a9435c18478,8,นายชณธัศน์ เหลืองวัฒนะวุฒิ,10,กรุงเทพมหานคร,10,0c044088-618b-49af-a291-fb28ffe9e0f8,11,พรรคเศรษฐกิจ,#FFA000,0,0,0.0
3a506e25-2f65-4473-8d58-8e342a93c17c,8,นายธนพล คำศรี,41,อุดรธานี,6,7ffe2115-72d1-4d71-9962-03ff61afc67c,31,พรรคประชากรไทย,#00695C,0,0,0.0
3b1e61ad-6e74-43d1-8385-a984b96a9e4c,8,นายธนภัทร ศรีปินตา,52,ลำปาง,3,d7155f6d-736d-42c0-8bc0-00ee6e1970dc,27,พรรคประชาธิปัตย์,#0066B3,0,9,0.0
3bfb9a30-065f-4b4a-8d42-a956a045ecb3,8,นายวิเชียร กันทาทรัพย์,10,กรุงเทพมหานคร,26,965b4b93-c01e-4a2b-a987-577f2b99ebb4,49,พรรคไทยก้าวใหม่,#1E88E5,0,0,0.0
3e4c60ed-210d-4365-a11a-9ca56011aeda,8,ร้อยตำรวจเอกสุดใจ ผดาเวช,38,บึงกาฬ,3,115da917-bf32-4e96-a2ae-b7818d0909ee,6,พรรครวมไทยสร้างชาติ,#FF6D00,0,0,0.0
3eae9d4b-5baa-43d7-988d-b80986f0a41c,8,นายพลชัย พิพิธวรกุล,40,ขอนแก่น,3,d7155f6d-736d-42c0-8bc0-00ee6e1970dc,27,พรรคประชาธิปัตย์,#0066B3,0,0,0.0
3f1e68b5-d6eb-4a96-b412-73dfea3147e1,8,นายวรวุฒิ จอดนอก,36,ชัยภูมิ,1,013c219e-e197-416d-84ea-00ba9c35465e,37,พรรคภูมิใจไทย,#3949AB,0,0,0.0
401554f0-d8c6-45b0-b71c-782d5f32624f,8,นางศศิมาภรณ์ ชมไพร,20,ชลบุรี,10,cb1b6cf2-41fa-49b1-a060-01acf13edc81,48,พรรคไทยสร้างไทย,#00ACC1,0,0,0.0
415e0b53-319b-4010-83fa-0ad96461508f,8,นายสายันต์ รักเมือง,77,ประจวบคีรีขันธ์,2,cb1b6cf2-41fa-49b1-a060-01acf13edc81,48,พรรคไทยสร้างไทย,#00ACC1,0,0,0.0
417af9fc-4b25-492e-8922-ea63923274f3,8,นายธนบดี จุติโสภณชัย,73,นครปฐม,6,d7155f6d-736d-42c0-8bc0-00ee6e1970dc,27,พรรคประชาธิปัตย์,#0066B3,0,0,0.0
42354324-796f-4b55-8045-9c7c039ac3f7,8,นายสุริน ไตริน,48,นครพนม,2,54c9efd2-2cd9-487a-91f7-1251aae30c2d,36,พรรคไทยพร้อม,#0097A7,0,0,0.0
42885441-da3f-49da-91c0-068895b9b4af,8,นายกรัณ ดรัลพงศ์,10,กรุงเทพมหานคร,17,115da917-bf32-4e96-a2ae-b7818d0909ee,6,พรรครวมไทยสร้างชาติ,#FF6D00,0,0,0.0
431ea425-b70e-46bc-ac9a-5613658afa8d,8,นางสาวซาลีฮะห์ เจ๊ะหามะ,96,นราธิวาส,4,7ffe2115-72d1-4d71-9962-03ff61afc67c,31,พรรคประชากรไทย,#00695C,0,0,0.0
43558971-98bf-4867-9f34-6da3130cffe6,8,ผศ.สิริภิญญ์ อินทรประเสริฐ,12,นนทบุรี,3,013c219e-e197-416d-84ea-00ba9c35465e,37,พรรคภูมิใจไทย,#3949AB,0,0,0.0
45fca67e-bd7d-4657-b1e1-fd566b59afdb,8,นายอุสมาน ดาโอะ,96,นราธิวาส,2,bd8d9f14-f757-41fb-8f37-d6128d9d012d,7,พรรคพลวัต,#EF6C00,0,0,0.0
46076110-ef15-4c66-bec4-7368b47b57cc,8,นายวิทวัส ติชะวาณิชย์,10,กรุงเทพมหานคร,15,1116011c-1ef3-4cca-a186-c1b9f7984ede,46,พรรคประชาชน,#F57C00,0,0,0.0
49ddde4f-dada-41c9-9466-e88bd36672c9,8,นายหนูพิศ สีดามาตย์,41,อุดรธานี,5,115da917-bf32-4e96-a2ae-b7818d0909ee,6,พรรครวมไทยสร้างชาติ,#FF6D00,0,0,0.0
4a92c102-8b70-4037-9731-d2ed2a7e1517,8,นายชญาพัฒน์ โปร่งปรีชา,10,กรุงเทพมหานคร,8,965b4b93-c01e-4a2b-a987-577f2b99ebb4,49,พรรคไทยก้าวใหม่,#1E88E5,0,8,0.0
4b0063a9-6eb3-4166-8946-7bbb60efc71c,8,นายสุรสิทธิ์ นิธิวุฒิวรรักษ์,20,ชลบุรี,6,013c219e-e197-416d-84ea-00ba9c35465e,37,พรรคภูมิใจไทย,#3949AB,0,0,0.0
4b566ad1-abec-4811-9311-624f75de704d,8,นายพรทวี พูลกลาง,21,ระยอง,1,965b4b93-c01e-4a2b-a987-577f2b99ebb4,49,พรรคไทยก้าวใหม่,#1E88E5,0,0,0.0
4c2a80bc-d145-4757-8708-12daad621c10,8,นางสาวภัสพร พรประเสริฐ,20,ชลบุรี,7,115da917-bf32-4e96-a2ae-b7818d0909ee,6,พรรครวมไทยสร้างชาติ,#FF6D00,0,0,0.0
4c9dfda3-9b40-468d-984e-52c40ce716b7,8,นายนิมิต ไมตรีวงศ์,20,ชลบุรี,8,339fa187-133c-4766-a6c2-36d1b32cda8f,23,พรรคปวงชนไทย,#827717,0,0,0.0
4cdd8dfb-e68e-41eb-af7b-370d5134e871,8,นายอับดุลลาเตะ ยากัด,95,ยะลา,1,03347cbc-6089-474c-a3f6-484ae981c9a6,43,พรรคพลังประชารัฐ,#1565C0,0,0,0.0
4d1d5961-c72f-4075-bc3e-2a80b479e306,8,นางธนาวรรณ รุ่งเรือง,11,สมุทรปราการ,1,0c044088-618b-49af-a291-fb28ffe9e0f8,11,พรรคเศรษฐกิจ,#FFA000,0,0,0.0
51e8edc5-dd71-425b-972a-3094debf4df3,8,นายทนัฏฐ์ ปานโสภณ,10,กรุงเทพมหานคร,5,bd8d9f14-f757-41fb-8f37-d6128d9d012d,7,พรรคพลวัต,#EF6C00,0,0,0.0
530e4d16-d062-42ec-99be-f31958cbc1bd,8,นายนรินทร์ คลังผา,16,ลพบุรี,1,013c219e-e197-416d-84ea-00ba9c35465e,37,พรรคภูมิใจไทย,#3949AB,0,0,0.0
53478b05-0442-4713-8f24-f71c344705e9,8,นางสาวกิติชา วงษ์มั่น,27,สระแก้ว,2,d1964fe3-2dd0-43d5-a190-77fbfaf586b2,8,พรรคประชาธิปไตยใหม่,#1976D2,0,0,0.0
55ac85c0-0541-411d-ae4a-083b2da70931,8,นายนรากร นาเมืองรักษ์,45,ร้อยเอ็ด,4,013c219e-e197-416d-84ea-00ba9c35465e,37,พรรคภูมิใจไทย,#3949AB,0,0,0.0
564bee10-9be0-4050-994d-ac438637d405,8,นายสายัณต์ จันทร์เหมือนเผือก,10,กรุงเทพมหานคร,9,2d8a1c84-0bc8-4377-965d-c020a0097c27,9,พรรคเพื่อไทย,#E4002B,0,9,0.0
584931f9-bd25-46c2-8ee9-5a8c51fa6068,8,นายพิษณุ หัตถสงเคราะห์,39,หนองบัวลำภู,1,2d8a1c84-0bc8-4377-965d-c020a0097c27,9,พรรคเพื่อไทย,#E4002B,0,0,0.0
59a5423a-d415-46d9-875a-effbb6925a3a,8,นายศุภโชค ศรีสุขจร,73,นครปฐม,1,013c219e-e197-416d-84ea-00ba9c35465e,37,พรรคภูมิใจไทย,#3949AB,0,0,0.0
5bc175a3-0571-4da6-a49a-70bbd4f977cf,8,นายพัฒนา พระไชยบุญ,45,ร้อยเอ็ด,8,1116011c-1ef3-4cca-a186-c1b9f7984ede,46,พรรคประชาชน,#F57C00,0,0,0.0
5c25abe3-8326-43a5-ace9-a96b868de67e,8,นายณัฐนิพัท กองพัทธนันท์,20,ชลบุรี,2,cb1b6cf2-41fa-49b1-a060-01acf13edc81,48,พรรคไทยสร้างไทย,#00ACC1,0,0,0.0
5d866298-59b5-4edf-9d76-5f96a938f849,8,นายภรต ชุมช่วย,93,พัทลุง,1,0c044088-618b-49af-a291-fb28ffe9e0f8,11,พรรคเศรษฐกิจ,#FFA000,0,0,0.0
5da91693-a009-4696-ad4f-f77054f2440e,8,พ.ต.อ.พินทุรัตน์ เสนาไชย,41,อุดรธานี,1,03347cbc-6089-474c-a3f6-484ae981c9a6,43,พรรคพลังประชารัฐ,#1565C0,0,0,0.0
5dc4b880-bc48-4d88-b654-b37b1521ed8b,8,นายนนท์ มาทหมาย,64,สุโขทัย,1,115da917-bf32-4e96-a2ae-b7818d0909ee,6,พรรครวมไทยสร้างชาติ,#FF6D00,0,0,0.0
5dd0672d-ea45-4b8b-a03a-4d3a3c74b287,8,นายธงชัย เบอร์ไธสง,44,มหาสารคาม,2,1116011c-1ef3-4cca-a186-c1b9f7984ede,46,พรรคประชาชน,#F57C00,0,0,0.0
5e8219ea-67ef-41ff-9255-15305f0a4285,8,นางสาวสิริพัชระ จึงธีรพานิช,19,สระบุรี,3,2d8a1c84-0bc8-4377-965d-c020a0097c27,9,พรรคเพื่อไทย,#E4002B,0,0,0.0
5f8ba7ae-e56e-404d-8ea6-15e6c776a1cd,8,นางกัญญ์พิดา เพียรกสิโภคิน,33,ศรีสะเกษ,8,339fa187-133c-4766-a6c2-36d1b32cda8f,23,พรรคปวงชนไทย,#827717,0,0,0.0
6051cbd0-e7d7-4c35-8523-cdea32b53318,8,นายอนันต์ ศรีพันธุ์,41,อุดรธานี,2,03347cbc-6089-474c-a3f6-484ae981c9a6,43,พรรคพลังประชารัฐ,#1565C0,0,0,0.0
615a2c44-5ac9-4af5-9afd-0f47eca46614,8,นายรชนิศ นามวงค์,38,บึงกาฬ,1,115da917-bf32-4e96-a2ae-b7818d0909ee,6,พรรครวมไทยสร้างชาติ,#FF6D00,0,0,0.0
62669ffd-6b7d-4e42-a92b-def769175755,8,นายรังสิทธิ์ วุฒิสุทธิ์,32,สุรินทร์,5,115da917-bf32-4e96-a2ae-b7818d0909ee,6,พรรครวมไทยสร้างชาติ,#FF6D00,0,0,0.0
644ba6b2-c639-43fe-af21-93281c5a8ce0,8,นายถนอม ศักดิ์เพชร,84,สุราษฎร์ธานี,6,bdd306a2-80c7-4d7b-a7ff-8dc1ec9fcc76,10,พรรคทางเลือกใหม่,#00838F,0,0,0.0
65160d61-754f-47eb-91ef-2d7ab2f6a0d1,8,นางสาวอรภิญญา แพงจันทร์,33,ศรีสะเกษ,6,965b4b93-c01e-4a2b-a987-577f2b99ebb4,49,พรรคไทยก้าวใหม่,#1E88E5,0,0,0.0
66ef1ef4-cdb9-4ec9-97fe-510ffdf99653,8,นายเดชรักษา ทัพทวี,30,นครราชสีมา,4,54c9efd2-2cd9-487a-91f7-1251aae30c2d,36,พรรคไทยพร้อม,#0097A7,0,0,0.0
6712deb9-6417-400e-bcd3-e4f6848a857d,8,นายธิติธร เลิศเกียรติมงคล,12,นนทบุรี,4,d7155f6d-736d-42c0-8bc0-00ee6e1970dc,27,พรรคประชาธิปัตย์,#0066B3,0,0,0.0
68f63480-ed88-4838-81cf-7ebf78061532,8,นายวิเนตร จานพิมพ์,19,สระบุรี,1,115da917-bf32-4e96-a2ae-b7818d0909ee,6,พรรครวมไทยสร้างชาติ,#FF6D00,0,0,0.0
6b3551ce-f6ee-43f3-9c6f-1829e6b9cdaa,8,นายศักดา บุญสังวาลย์,62,กำแพงเพชร,3,1116011c-1ef3-4cca-a186-c1b9f7984ede,46,พรรคประชาชน,#F57C00,0,0,0.0
6b6c6c8b-09b8-44b1-9eef-56f7d36fc996,8,นางสาวณฤษร พฤฒิวโรดม,10,กรุงเทพมหานคร,28,cb1b6cf2-41fa-49b1-a060-01acf13edc81,48,พรรคไทยสร้างไทย,#00ACC1,0,0,0.0
6ca57376-78c8-41c2-922f-b5510bcc1a27,8,นายภัทรพล ฐิติภวัตสกุล,13,ปทุมธานี,3,2d8a1c84-0bc8-4377-965d-c020a0097c27,9,พรรคเพื่อไทย,#E4002B,0,0,0.0
6e0f812c-48c8-4201-99fe-4e9497d5814e,8,นายสาคร ลักษณะสุข,30,นครราชสีมา,1,e9f5dc95-0d5c-46bc-8e2c-be791faa2b27,5,พรรครวมใจไทย,#F4511E,0,0,0.0
70dc6200-d771-46f2-aaac-d36a8a6d617e,8,นายชัยณรงค์ ทรงงาม,33,ศรีสะเกษ,7,7ffe2115-72d1-4d71-9962-03ff61afc67c,31,พรรคประชากรไทย,#00695C,0,0,0.0
72ba5a7a-a96c-4e43-a12e-90958923d3d9,8,นายประดิษฐ์ บวรกิติอนันต์,16,ลพบุรี,3,1116011c-1ef3-4cca-a186-c1b9f7984ede,46,พรรคประชาชน,#F57C00,0,0,0.0
76037d2c-947c-4a5d-8c94-b0a333f2fbc5,8,นางสุพัฒน์ นามมุงคุณ,34,อุบลราชธานี,4,bdd306a2-80c7-4d7b-a7ff-8dc1ec9fcc76,10,พรรคทางเลือกใหม่,#00838F,0,0,0.0
777860fb-023a-49fe-a529-04c2c5ef11f1,8,นางสาวณฐพร บุญประสิทธิ์,34,อุบลราชธานี,2,d7155f6d-736d-42c0-8bc0-00ee6e1970dc,27,พรรคประชาธิปัตย์,#0066B3,0,0,0.0
77bb08c2-8f63-4037-adee-2ca601f5aa8e,8,นายภิเภก คำชมภู,40,ขอนแก่น,5,d1964fe3-2dd0-43d5-a190-77fbfaf586b2,8,พรรคประชาธิปไตยใหม่,#1976D2,0,0,0.0
78ade168-c61a-44a4-9190-384730d1a91c,8,นายธีราพัทธ์ พาณิชย์,44,มหาสารคาม,3,965b4b93-c01e-4a2b-a987-577f2b99ebb4,49,พรรคไทยก้าวใหม่,#1E88E5,0,0,0.0
79dd9687-6d2a-4811-92e3-8be6fd36be96,8,นายมานพ พุ่มทอง,32,สุรินทร์,6,aec0c4f2-be03-4a06-a205-b00971871173,1,พรรคไทยทรัพย์ทวี,#FFB300,0,0,0.0
7a05818b-b9b6-48c1-9dba-d47642f339e2,8,นายภาณุพงศ์ ลักษณวิศิษฏ์,10,กรุงเทพมหานคร,13,d7155f6d-736d-42c0-8bc0-00ee6e1970dc,27,พรรคประชาธิปัตย์,#0066B3,0,11,0.0
7a4800e7-74e4-4a64-82c3-6919d7227c93,8,นายสรวิศ วัฒนะโชติ,10,กรุงเทพมหานคร,31,115da917-bf32-4e96-a2ae-b7818d0909ee,6,พรรครวมไทยสร้างชาติ,#FF6D00,0,0,0.0
7b76a590-98ef-4218-a85e-f2a39d5f7da1,8,นางสาวบุญญาภา ผูกธรรม,27,สระแก้ว,1,d1964fe3-2dd0-43d5-a190-77fbfaf586b2,8,พรรคประชาธิปไตยใหม่,#1976D2,0,0,0.0
7bddc73c-df52-4f5d-9355-b431dcf25c56,8,นายวิชัย ขอหมั่นกลาง,30,นครราชสีมา,13,7255d2d0-1f49-4fd8-adad-7acfea2d5126,56,พรรคเพื่อบ้านเมือง,#1565C0,0,0,0.0
7d46d641-3d55-4505-a69e-77ab85f9b365,8,นายปิยะชาติ อำนวยเวช,10,กรุงเทพมหานคร,19,2ee17641-917b-4ea0-8c19-da383e03e915,44,พรรคโอกาสใหม่,#26C6DA,0,7,0.0
7ead7da3-bec9-43ae-87ca-013db64aa152,8,นายภาณุวัฒน์ หาญเชิงชัย,67,เพชรบูรณ์,4,d7155f6d-736d-42c0-8bc0-00ee6e1970dc,27,พรรคประชาธิปัตย์,#0066B3,0,0,0.0
7f610af8-19d9-467b-a590-e4ea2379023f,8,ว่าที่ร้อยเอกณัฐ เธียรสูตร,55,น่าน,1,a62aca08-91b7-4f3f-ba8f-cb9e884a3799,42,พรรคกล้าธรรม,#5D4037,0,0,0.0
806b80e1-e368-4e00-9d38-5d29002ffdcf,8,นายปราการ อุตส่าห์,46,กาฬสินธุ์,3,0c044088-618b-49af-a291-fb28ffe9e0f8,11,พรรคเศรษฐกิจ,#FFA000,0,0,0.0
80823f1b-8452-4fe6-844b-751c6ffff217,8,นายสุริยนต์ ปันทะนะ,50,เชียงใหม่,8,013c219e-e197-416d-84ea-00ba9c35465e,37,พรรคภูมิใจไทย,#3949AB,0,0,0.0
818058c6-6b64-4a22-a13f-904eed04d7c1,8,นายสหรัฐ กุลศรี,72,สุพรรณบุรี,4,03347cbc-6089-474c-a3f6-484ae981c9a6,43,พรรคพลังประชารัฐ,#1565C0,0,0,0.0
824b96f3-85aa-4d94-ad5a-06e4cd4a183e,8,นายรุ่งวิทย์ แจ้งสว่าง,16,ลพบุรี,2,115da917-bf32-4e96-a2ae-b7818d0909ee,6,พรรครวมไทยสร้างชาติ,#FF6D00,0,0,0.0
83184bdd-0f4a-42b0-a783-fd828834d447,8,นางสาวการณิก จันทดา,50,เชียงใหม่,2,1116011c-1ef3-4cca-a186-c1b9f7984ede,46,พรรคประชาชน,#F57C00,0,0,0.0
83234a34-829f-46c5-97df-b6d5c78b7175,8,นายจรวย ปู่หลุ่น,46,กาฬสินธุ์,2,d1964fe3-2dd0-43d5-a190-77fbfaf586b2,8,พรรคประชาธิปไตยใหม่,#1976D2,0,0,0.0
835162ca-a5a5-4951-bb2c-ec8cc94b1d31,8,นายเกรียงศักดิ์ ฝ้ายสีงาม,41,อุดรธานี,8,2d8a1c84-0bc8-4377-965d-c020a0097c27,9,พรรคเพื่อไทย,#E4002B,0,0,0.0
8390c8e7-85ed-480e-9b82-476146a787d1,8,นายพงศ์ภัค มงคลชัยพาณิชย์,33,ศรีสะเกษ,9,03347cbc-6089-474c-a3f6-484ae981c9a6,43,พรรคพลังประชารัฐ,#1565C0,0,0,0.0
855b43cf-5f1c-44e0-b5cc-8f9c93203c73,8,นางสาวสนัฎฐา ขัติยนนท์,45,ร้อยเอ็ด,3,115da917-bf32-4e96-a2ae-b7818d0909ee,6,พรรครวมไทยสร้างชาติ,#FF6D00,0,0,0.0
86c00a59-60ba-4764-b7dd-fa5ecdb0aa4e,8,นายสดใส โรจนวิชัย,13,ปทุมธานี,4,0c044088-618b-49af-a291-fb28ffe9e0f8,11,พรรคเศรษฐกิจ,#FFA000,0,0,0.0
879d79cd-8097-4cae-9c9e-f835eb291710,8,นายตรัยรัตน์ สาละมุล,34,อุบลราชธานี,3,d7155f6d-736d-42c0-8bc0-00ee6e1970dc,27,พรรคประชาธิปัตย์,#0066B3,0,0,0.0
87b158dc-bf93-42db-a225-8e014283f346,8,นายเทพพิทักษ์ กุลมงคลชัยศรี,13,ปทุมธานี,1,03347cbc-6089-474c-a3f6-484ae981c9a6,43,พรรคพลังประชารัฐ,#1565C0,0,0,0.0
8b5cebea-c670-4c2d-90e0-02d8f9156205,8,นายเดชาวัต ศรีพุดฑา,40,ขอนแก่น,8,965b4b93-c01e-4a2b-a987-577f2b99ebb4,49,พรรคไทยก้าวใหม่,#1E88E5,0,0,0.0
8ce9354d-d07a-4bd0-9fb8-759ad4d5ed10,8,นายหนูดี นามาก,40,ขอนแก่น,7,bdd306a2-80c7-4d7b-a7ff-8dc1ec9fcc76,10,พรรคทางเลือกใหม่,#00838F,0,0,0.0
8f2fb7d9-d7fe-4adc-86b9-1debce6d0fd1,8,นายณัฏฐพงศ์ โพธะศรี,46,กาฬสินธุ์,6,0c044088-618b-49af-a291-fb28ffe9e0f8,11,พรรคเศรษฐกิจ,#FFA000,0,0,0.0
8f48f925-20c5-4ec0-9492-1efaa8695c3f,8,นายฉัตรชัย จิตตรง,55,น่าน,3,03347cbc-6089-474c-a3f6-484ae981c9a6,43,พรรคพลังประชารัฐ,#1565C0,0,0,0.0
8fe4c5d9-30cf-4273-8621-bb320e8a5955,8,นายทศพร คุ้มผล,37,อำนาจเจริญ,1,0c044088-618b-49af-a291-fb28ffe9e0f8,11,พรรคเศรษฐกิจ,#FFA000,0,0,0.0
905703b1-7fd3-4882-8c59-57ef91ffe7f6,8,นายเพิ่มศักดิ์ จันทร์แดง,47,สกลนคร,7,54c9efd2-2cd9-487a-91f7-1251aae30c2d,36,พรรคไทยพร้อม,#0097A7,0,0,0.0
91146bc6-2f69-47c0-99f3-a563ee7b28f5,8,นายสุรศักดิ์ เพชรสว่าง,31,บุรีรัมย์,8,a62aca08-91b7-4f3f-ba8f-cb9e884a3799,42,พรรคกล้าธรรม,#5D4037,0,0,0.0
91339aea-5a61-41ea-9627-ad8ff7f322a3,8,นายกิตติพัฒน์ สีดามาตย์,41,อุดรธานี,4,228ae2e0-33d2-4c85-bef3-419928db45cc,32,พรรคครูไทยเพื่อประชาชน,#6A1B9A,0,0,0.0
92b9cdd3-b76b-4ea7-b61a-802f06ef5fab,8,นายประยง บุญยอด,47,สกลนคร,4,d1964fe3-2dd0-43d5-a190-77fbfaf586b2,8,พรรคประชาธิปไตยใหม่,#1976D2,0,0,0.0
92e44fe2-9d0d-4e0d-9907-f85ff346f0a7,8,นายปมุข ภาคย์สุภาพ,14,พระนครศรีอยุธยา,1,cb1b6cf2-41fa-49b1-a060-01acf13edc81,48,พรรคไทยสร้างไทย,#00ACC1,0,0,0.0
92e613ae-32ec-4fe9-be09-d2d846041b8f,8,พันตำรวจเอกวีระยศ ชื่นกลิ่นธูปศิริ,73,นครปฐม,2,0c044088-618b-49af-a291-fb28ffe9e0f8,11,พรรคเศรษฐกิจ,#FFA000,0,0,0.0
9379312f-0944-4bcc-823f-48bfd72d6eee,8,นายธีรวุฒิ พงษ์จันทร์,36,ชัยภูมิ,7,965b4b93-c01e-4a2b-a987-577f2b99ebb4,49,พรรคไทยก้าวใหม่,#1E88E5,0,0,0.0
93bfffa5-f23e-499c-8b9a-e51e5d828a7c,8,ร้อยตำรวจโทวิทยา สิงห์มณี,50,เชียงใหม่,5,115da917-bf32-4e96-a2ae-b7818d0909ee,6,พรรครวมไทยสร้างชาติ,#FF6D00,0,0,0.0
93c064fc-ae41-4f17-bda9-cf6a6868be27,8,นายแสงเดือน ศรีบุรินทร์,42,เลย,4,0c044088-618b-49af-a291-fb28ffe9e0f8,11,พรรคเศรษฐกิจ,#FFA000,0,0,0.0
93f9f45e-28df-4570-808f-7addc7ace475,8,นายมานะ ยวงทอง,80,นครศรีธรรมราช,3,013c219e-e197-416d-84ea-00ba9c35465e,37,พรรคภูมิใจไทย,#3949AB,0,0,0.0
9417d25c-f380-4cd7-a5b9-ea204a09753b,8,นายพิชชา ขำสุวรรณ,10,กรุงเทพมหานคร,20,f7b4da92-1d4f-4f3f-ab31-25eb36d1a8ad,51,พรรคพร้อม,#26A69A,0,0,0.0
951a6b5e-c049-4c63-890b-824ecc3fa8c6,8,นายปิยะวุฒิ เคว็จดำ,93,พัทลุง,3,965b4b93-c01e-4a2b-a987-577f2b99ebb4,49,พรรคไทยก้าวใหม่,#1E88E5,0,0,0.0
968284f6-71e8-4e21-aa10-0ba5078e9008,8,นางสาวชลชญา ชุ่มมงคล,70,ราชบุรี,5,0c044088-618b-49af-a291-fb28ffe9e0f8,11,พรรคเศรษฐกิจ,#FFA000,0,0,0.0
96ab6382-c621-4e1e-a098-0504a7b7a42f,8,นายสมบัติ อำนาคะ,19,สระบุรี,2,2d8a1c84-0bc8-4377-965d-c020a0097c27,9,พรรคเพื่อไทย,#E4002B,0,0,0.0
96cf8dd5-d8e7-49ec-94d5-a2787f98fa88,8,นางอรุณวรรณ ชาญสัมพันธ์,30,นครราชสีมา,9,965b4b93-c01e-4a2b-a987-577f2b99ebb4,49,พรรคไทยก้าวใหม่,#1E88E5,0,0,0.0
98f79280-68d0-4c16-b23d-c2f15fa3c920,8,นายชัย คูสกุลรัตน์,46,กาฬสินธุ์,1,0c044088-618b-49af-a291-fb28ffe9e0f8,11,พรรคเศรษฐกิจ,#FFA000,0,0,0.0
99e210ec-0e4c-492e-b7f1-06ce725e950c,8,นางสาวชวัลลักษณ์ ทองสันเทียะ,30,นครราชสีมา,5,f9cadd57-8256-49aa-9386-0da392b19fc2,29,พรรคไทยภักดี,#D32F2F,0,0,0.0
99eba5db-1d80-491e-93c3-9827c0328c58,8,นายรัชชานนท์ สมบัติลาภตระกูล,10,กรุงเทพมหานคร,24,115da917-bf32-4e96-a2ae-b7818d0909ee,6,พรรครวมไทยสร้างชาติ,#FF6D00,0,0,0.0
9a082215-34e2-44f9-b76b-a1f995fa9810,8,นายบัณฑิต สุรินเปา,57,เชียงราย,6,3caedce0-9faa-47a0-8afc-d5f4fff86578,28,พรรคไทยก้าวหน้า,#0288D1,0,0,0.0
9a5ab21b-eee4-4a4f-a814-30894b6be865,8,นายชาติชาย อาจสนาม,36,ชัยภูมิ,4,0c044088-618b-49af-a291-fb28ffe9e0f8,11,พรรคเศรษฐกิจ,#FFA000,0,0,0.0
9a85336a-1f8f-4a8d-a315-14a3185edace,8,นายสุธรรม โพแหบ,40,ขอนแก่น,6,bdd306a2-80c7-4d7b-a7ff-8dc1ec9fcc76,10,พรรคทางเลือกใหม่,#00838F,0,0,0.0
9c17f116-d3ea-460e-876c-b8d6e325973d,8,นายวิบูลย์ชัย ขาวทองบริสุทธิ์,11,สมุทรปราการ,8,013c219e-e197-416d-84ea-00ba9c35465e,37,พรรคภูมิใจไทย,#3949AB,0,0,0.0
9c43b89a-96d7-48ca-99fc-833211349fa5,8,นายประสิทธิ์ พลศักดิ์ขวา,39,หนองบัวลำภู,2,176cafa7-3601-4b12-9b92-e8301267096e,52,พรรคเครือข่ายชาวนาแห่งประเทศไทย,#558B2F,0,0,0.0
9cbdc2a1-f904-4cd1-9119-504c57aa8975,8,นางสาวไปรพร แสงจันทร์,10,กรุงเทพมหานคร,32,965b4b93-c01e-4a2b-a987-577f2b99ebb4,49,พรรคไทยก้าวใหม่,#1E88E5,0,0,0.0
9cd8fe04-67de-467c-b548-a3e43be2d759,8,นายจักรพล ตั้งสุทธิธรรม,50,เชียงใหม่,3,2d8a1c84-0bc8-4377-965d-c020a0097c27,9,พรรคเพื่อไทย,#E4002B,0,0,0.0
9d06d6b4-c49c-431c-a532-8f5cab1ae562,8,นางสาวชญานันท์ จินดาเจี่ย,70,ราชบุรี,3,2d8a1c84-0bc8-4377-965d-c020a0097c27,9,พรรคเพื่อไทย,#E4002B,0,0,0.0
9d547487-e9fc-428f-a88b-f63d27f8349b,8,นายสะมาแอ มะดีเย๊าะ,95,ยะลา,2,54c9efd2-2cd9-487a-91f7-1251aae30c2d,36,พรรคไทยพร้อม,#0097A7,0,0,0.0
9dc8a849-f54d-49e7-87f5-ca2086eaf46b,8,พ.ต.อ.ประเสริฐ พ่วงสุด,12,นนทบุรี,8,0c044088-618b-49af-a291-fb28ffe9e0f8,11,พรรคเศรษฐกิจ,#FFA000,0,0,0.0
9fd5d73b-c8ce-489f-9e3b-0b82883b3f9d,8,นายทรงศักดิ์ แซ่ลี้,20,ชลบุรี,5,115da917-bf32-4e96-a2ae-b7818d0909ee,6,พรรครวมไทยสร้างชาติ,#FF6D00,0,0,0.0
9fe66702-424e-4188-93af-2966bf89102e,8,นายหนูเสน พรมวงศ์,36,ชัยภูมิ,5,bdd306a2-80c7-4d7b-a7ff-8dc1ec9fcc76,10,พรรคทางเลือกใหม่,#00838F,0,0,0.0
9fefccab-feb1-4529-94b6-e621c8984cd5,8,นายพลวรรฒน์ ธรรมโสภณ,80,นครศรีธรรมราช,7,0c044088-618b-49af-a291-fb28ffe9e0f8,11,พรรคเศรษฐกิจ,#FFA000,0,0,0.0
a0254db6-23fa-415e-808d-2a4465aed2cf,8,นายสมรส มั่นยืน,32,สุรินทร์,8,339fa187-133c-4766-a6c2-36d1b32cda8f,23,พรรคปวงชนไทย,#827717,0,0,0.0
a0f2c0d4-0aa1-4d2c-8f9c-6230feafc827,8,นายธัญกาญจน์ อัครเดชเดชา,22,จันทบุรี,3,339fa187-133c-4766-a6c2-36d1b32cda8f,23,พรรคปวงชนไทย,#827717,0,0,0.0
a1242df1-f5d0-47ed-a3f0-818c232fbca4,8,นายธนโชติ ติณพันธุ์,84,สุราษฎร์ธานี,5,03347cbc-6089-474c-a3f6-484ae981c9a6,43,พรรคพลังประชารัฐ,#1565C0,0,0,0.0
a1ea207e-f9de-4fae-a8d2-edcf2fa3b4ab,8,นายแมน อินทร์พิทักษ์,20,ชลบุรี,9,013c219e-e197-416d-84ea-00ba9c35465e,37,พรรคภูมิใจไทย,#3949AB,0,0,0.0
a39fbd0a-2413-41e9-9fff-ca0a88a7635d,8,นายสุนันท์ มีนมณี,10,กรุงเทพมหานคร,16,d7155f6d-736d-42c0-8bc0-00ee6e1970dc,27,พรรคประชาธิปัตย์,#0066B3,0,0,0.0
a3b8533a-7bd1-49bd-9575-1a72d6c10391,8,นายปรีติ เจริญศิลป์,12,นนทบุรี,5,1116011c-1ef3-4cca-a186-c1b9f7984ede,46,พรรคประชาชน,#F57C00,0,0,0.0
a4c490ed-5231-469e-a808-679f46c56a4e,8,พันเอกสุขชาต สะสมทรัพย์,73,นครปฐม,4,013c219e-e197-416d-84ea-00ba9c35465e,37,พรรคภูมิใจไทย,#3949AB,0,0,0.0
a606a845-9994-4eac-8da8-8913c4dbfdba,8,นายธนะศักดิ์ อุปพงษ์,48,นครพนม,3,54c9efd2-2cd9-487a-91f7-1251aae30c2d,36,พรรคไทยพร้อม,#0097A7,0,0,0.0
a6cd64bb-4d32-4c01-a6d5-821907f380da,8,นายธนฤกษ์ โคตรประทุม,14,พระนครศรีอยุธยา,5,0c044088-618b-49af-a291-fb28ffe9e0f8,11,พรรคเศรษฐกิจ,#FFA000,0,0,0.0
a7726a53-fd1c-4285-972d-7e429e58a304,8,นางสาวนภาพร บุตรสอน,33,ศรีสะเกษ,5,339fa187-133c-4766-a6c2-36d1b32cda8f,23,พรรคปวงชนไทย,#827717,0,0,0.0
a7d2d5c9-7479-471d-851c-0622a5181620,8,นายสง่า พรมเมือง,57,เชียงราย,7,2d8a1c84-0bc8-4377-965d-c020a0097c27,9,พรรคเพื่อไทย,#E4002B,0,0,0.0
a824d604-6a5c-43fb-9d48-5c45c2e5db16,8,นายโอฬาร วังบุญคง,80,นครศรีธรรมราช,4,0c044088-618b-49af-a291-fb28ffe9e0f8,11,พรรคเศรษฐกิจ,#FFA000,0,0,0.0
aa793fd8-0e5e-442b-b037-aea3d0e18dcb,8,นายบุญตรี เม็นไธสง,30,นครราชสีมา,11,7255d2d0-1f49-4fd8-adad-7acfea2d5126,56,พรรคเพื่อบ้านเมือง,#1565C0,0,0,0.0
aa80a4f8-8d4d-4f97-a32d-66efd0adaaac,8,นายจิตรกร ว่องประเสริฐ,71,กาญจนบุรี,2,03347cbc-6089-474c-a3f6-484ae981c9a6,43,พรรคพลังประชารัฐ,#1565C0,0,0,0.0
ad3fe6e5-3959-442e-ba39-c90d0cefa539,8,นายธนภัทร ตระกูลภูชัย,13,ปทุมธานี,6,1116011c-1ef3-4cca-a186-c1b9f7984ede,46,พรรคประชาชน,#F57C00,0,0,0.0
ae596b5c-d9a6-418c-8a32-0f6566ba0236,8,นายพิสัณห์ อุปนันท์,50,เชียงใหม่,7,0c044088-618b-49af-a291-fb28ffe9e0f8,11,พรรคเศรษฐกิจ,#FFA000,0,0,0.0
b0e32161-3872-4fb7-827e-f8a802f87b9a,8,นายบุญเลิศ แสงพันธุ์,11,สมุทรปราการ,7,1116011c-1ef3-4cca-a186-c1b9f7984ede,46,พรรคประชาชน,#F57C00,0,0,0.0
b2e21e4f-baf1-4b77-8c42-89447c4dafb1,8,นายนิวัฒน์ บุปผามาโล,13,ปทุมธานี,2,0c044088-618b-49af-a291-fb28ffe9e0f8,11,พรรคเศรษฐกิจ,#FFA000,0,0,0.0
b302577b-0fd8-46ba-be11-8c034e4e01d6,8,นางนฤมล ธารดำรงค์,11,สมุทรปราการ,6,2d8a1c84-0bc8-4377-965d-c020a0097c27,9,พรรคเพื่อไทย,#E4002B,0,0,0.0
b416d1c7-109a-4ca9-b813-dc53c819541d,8,ว่าที่ร้อยตรีอภิชาติ เนตรผาบ,51,ลำพูน,2,115da917-bf32-4e96-a2ae-b7818d0909ee,6,พรรครวมไทยสร้างชาติ,#FF6D00,0,0,0.0
b4702d19-ef17-4003-81d8-ad47f6e6dd71,8,นายกิจอนันต์ วิริยะสุข,44,มหาสารคาม,1,0c044088-618b-49af-a291-fb28ffe9e0f8,11,พรรคเศรษฐกิจ,#FFA000,0,0,0.0
b6875d9f-9f3c-4120-a0fc-388147ff344d,8,นายสมคิด สินไธสง,31,บุรีรัมย์,5,a62aca08-91b7-4f3f-ba8f-cb9e884a3799,42,พรรคกล้าธรรม,#5D4037,0,0,0.0
b6a2e443-675b-48b1-ac72-940b77085624,8,นายสงกรานต์ แรงกลาง,16,ลพบุรี,4,1116011c-1ef3-4cca-a186-c1b9f7984ede,46,พรรคประชาชน,#F57C00,0,0,0.0
b87010fd-3582-46c7-8b44-4296e4bfd9be,8,นางเบญญาภา ทองคำ,30,นครราชสีมา,7,7255d2d0-1f49-4fd8-adad-7acfea2d5126,56,พรรคเพื่อบ้านเมือง,#1565C0,0,0,0.0
b9ec87e1-a90f-445e-88d8-76a41d908d34,8,นายสมชัย ฉัตรพัฒนศิริ,30,นครราชสีมา,16,03347cbc-6089-474c-a3f6-484ae981c9a6,43,พรรคพลังประชารัฐ,#1565C0,0,0,0.0
ba87ffa3-f7b7-4858-9f7c-d718ad7e9fad,8,นายไพรัตน์ สำเภาทอง,11,สมุทรปราการ,4,339fa187-133c-4766-a6c2-36d1b32cda8f,23,พรรคปวงชนไทย,#827717,0,0,0.0
bb19c172-a1b9-45f1-8c1a-9aa228f9d640,8,นายณัฐพล ชวนกระโทก,30,นครราชสีมา,10,03347cbc-6089-474c-a3f6-484ae981c9a6,43,พรรคพลังประชารัฐ,#1565C0,0,0,0.0
bd68e137-2c60-4e7e-83ae-3de85791f3f9,8,นายประสงค์ กันพล,44,มหาสารคาม,4,03347cbc-6089-474c-a3f6-484ae981c9a6,43,พรรคพลังประชารัฐ,#1565C0,0,0,0.0
bef2a243-5899-4b39-bb11-53f7d96ac1f3,8,นายสนธิ แสงชมภู,32,สุรินทร์,4,0c044088-618b-49af-a291-fb28ffe9e0f8,11,พรรคเศรษฐกิจ,#FFA000,0,0,0.0
bfda6d77-784c-4624-b651-1940dd4054e0,8,นายอิทธิพัทธ์ ภักดีเนติพันธุ์,31,บุรีรัมย์,1,0c044088-618b-49af-a291-fb28ffe9e0f8,11,พรรคเศรษฐกิจ,#FFA000,0,0,0.0
bfe754a2-f90f-4330-aa1f-7e84f1d1779a,8,นายสรเชษฐ์ โพธิรุกข์,44,มหาสารคาม,6,3caedce0-9faa-47a0-8afc-d5f4fff86578,28,พรรคไทยก้าวหน้า,#0288D1,0,0,0.0
c06b5009-b223-4ec1-8b67-d2eabc601a2b,8,นางธัญญาภรณ์ กุลนอก,30,นครราชสีมา,6,1116011c-1ef3-4cca-a186-c1b9f7984ede,46,พรรคประชาชน,#F57C00,0,0,0.0
c14cdc7d-bbca-43fc-a400-7358c4dacd62,8,นายชาญณรงค์เดช อยู่สุข,34,อุบลราชธานี,7,965b4b93-c01e-4a2b-a987-577f2b99ebb4,49,พรรคไทยก้าวใหม่,#1E88E5,0,0,0.0
c2711d17-d6c8-4d33-ba6c-429e0889248d,8,นางสาวสรชา วีรชาติวัฒนา,11,สมุทรปราการ,3,d7155f6d-736d-42c0-8bc0-00ee6e1970dc,27,พรรคประชาธิปัตย์,#0066B3,0,0,0.0
c46ff261-42d6-4fe2-beb1-576f35064405,8,นายธนกร ไชยกุล,35,ยโสธร,3,03347cbc-6089-474c-a3f6-484ae981c9a6,43,พรรคพลังประชารัฐ,#1565C0,0,0,0.0
c53194ee-d4a5-4443-bd21-24b3fb07bf46,8,นายชาคริต กุลวงศ์,39,หนองบัวลำภู,3,d1964fe3-2dd0-43d5-a190-77fbfaf586b2,8,พรรคประชาธิปไตยใหม่,#1976D2,0,0,0.0
c7343a4c-e5f0-4c22-aea1-0d57249d14e0,8,นายเบสท์ วงศ์ไพโรจน์กุล,10,กรุงเทพมหานคร,27,cb1b6cf2-41fa-49b1-a060-01acf13edc81,48,พรรคไทยสร้างไทย,#00ACC1,0,0,0.0
c89babc4-be4e-49bb-bbc9-17ee887d5bd6,8,นายธนัยรัชต์ ศรีโชติ,57,เชียงราย,1,339fa187-133c-4766-a6c2-36d1b32cda8f,23,พรรคปวงชนไทย,#827717,0,0,0.0
c8f81b90-21a1-4d5d-9bcd-8dd4ef15c5b5,8,นางสาวสันต์นิสา รัตนโกเศศ,21,ระยอง,4,965b4b93-c01e-4a2b-a987-577f2b99ebb4,49,พรรคไทยก้าวใหม่,#1E88E5,0,0,0.0
c9780330-0342-42f1-95dc-abc86c85e635,8,นายรุจิระ อัคราพิริยพงศ์,10,กรุงเทพมหานคร,4,cb1b6cf2-41fa-49b1-a060-01acf13edc81,48,พรรคไทยสร้างไทย,#00ACC1,0,10,0.0
c9c7f535-ea48-49e3-9dff-2744e6780b90,8,นางสาวนงรัตน์ จันทะมา,27,สระแก้ว,3,965b4b93-c01e-4a2b-a987-577f2b99ebb4,49,พรรคไทยก้าวใหม่,#1E88E5,0,0,0.0
cd41a1cb-cac9-4496-8bff-e8f8fdcec4c6,8,นายอิทธิศักดิ์ ปาทาน,31,บุรีรัมย์,10,a62aca08-91b7-4f3f-ba8f-cb9e884a3799,42,พรรคกล้าธรรม,#5D4037,0,0,0.0
cd5fc5dc-3a2d-471e-a074-5405e5fddc01,8,นายทองสุข บำรุงนอก,67,เพชรบูรณ์,5,03347cbc-6089-474c-a3f6-484ae981c9a6,43,พรรคพลังประชารัฐ,#1565C0,0,0,0.0
cd9e8c9e-0165-46f9-ad07-3687d2bceb79,8,นายไพบูลย์ เกิดโสภา,10,กรุงเทพมหานคร,30,2ee17641-917b-4ea0-8c19-da383e03e915,44,พรรคโอกาสใหม่,#26C6DA,0,0,0.0
ce68dd48-6915-4d84-9bb8-420bbc8ca19f,8,นายอนันตรักษ์ เพ็ชรหิน,83,ภูเก็ต,1,115da917-bf32-4e96-a2ae-b7818d0909ee,6,พรรครวมไทยสร้างชาติ,#FF6D00,0,0,0.0
d08436d5-e79c-46ab-be45-074bc713fe7d,8,นายบัณทัต ฤทธิบุตร,30,นครราชสีมา,12,54706125-9661-467d-a8af-78994d14b116,35,พรรครักชาติ,#B71C1C,0,0,0.0
d0c8a02a-e1b1-47e9-a438-ad2a3adbdf7b,8,นายพนพ เกษามา,13,ปทุมธานี,8,d7155f6d-736d-42c0-8bc0-00ee6e1970dc,27,พรรคประชาธิปัตย์,#0066B3,0,0,0.0
d2255d6b-59ea-48f4-b22e-d831e72d53cc,8,นายสตราลิน จอมประมาณ,41,อุดรธานี,3,0c044088-618b-49af-a291-fb28ffe9e0f8,11,พรรคเศรษฐกิจ,#FFA000,0,0,0.0
d369cf2d-95ff-4fac-9414-ffed19e77f59,8,นายปกร มหาโยธา,73,นครปฐม,3,0c044088-618b-49af-a291-fb28ffe9e0f8,11,พรรคเศรษฐกิจ,#FFA000,0,0,0.0
d3a833ab-ba37-499d-b1f1-7a9c87958ece,8,นายอดิกานต์ วิทยศักดิ์,67,เพชรบูรณ์,3,339fa187-133c-4766-a6c2-36d1b32cda8f,23,พรรคปวงชนไทย,#827717,0,0,0.0
d4284f06-0fc5-4999-aa20-c57b96ae7df4,8,นายวัชระ ไชยชำนิ,84,สุราษฎร์ธานี,1,bdd306a2-80c7-4d7b-a7ff-8dc1ec9fcc76,10,พรรคทางเลือกใหม่,#00838F,0,0,0.0
d568a6c0-6a0c-4414-9a14-ac3669f26901,8,นายวัชรพงศ์ ปิโย,57,เชียงราย,4,2ee17641-917b-4ea0-8c19-da383e03e915,44,พรรคโอกาสใหม่,#26C6DA,0,0,0.0
d57ef8c6-6ed3-4cad-982a-5a387986d2e4,8,นายทันสมัย สุขบรรเทิง,32,สุรินทร์,3,115da917-bf32-4e96-a2ae-b7818d0909ee,6,พรรครวมไทยสร้างชาติ,#FF6D00,0,0,0.0
d6af43c0-d293-4f2e-b298-3a261fdffca4,8,นายอภินันท์ หวันประวัติ,74,สมุทรสาคร,4,d7155f6d-736d-42c0-8bc0-00ee6e1970dc,27,พรรคประชาธิปัตย์,#0066B3,0,0,0.0
d7762091-fe85-4765-8810-549e92c236dc,8,นายโสภณ โกชุม,50,เชียงใหม่,4,a62aca08-91b7-4f3f-ba8f-cb9e884a3799,42,พรรคกล้าธรรม,#5D4037,0,0,0.0
d7fa7a8d-52c7-4449-9630-97f0fdfe813b,8,นางทิพา ปวีณาเสถียร,52,ลำปาง,1,1116011c-1ef3-4cca-a186-c1b9f7984ede,46,พรรคประชาชน,#F57C00,0,0,0.0
d90331d5-e95d-480c-92ab-58ec0ad926c8,8,นายกฤษณพงศ์ สอนน้อย,67,เพชรบูรณ์,1,0c044088-618b-49af-a291-fb28ffe9e0f8,11,พรรคเศรษฐกิจ,#FFA000,0,0,0.0
d93622b8-e081-45e0-964f-7b3219585d5c,8,ดาบตำรวจไมตรี วาที,42,เลย,1,0c044088-618b-49af-a291-fb28ffe9e0f8,11,พรรคเศรษฐกิจ,#FFA000,0,0,0.0
d9990f07-a787-4127-a2ff-2982afe9d68b,8,นายกำธร สร้อยพรรณา,71,กาญจนบุรี,1,115da917-bf32-4e96-a2ae-b7818d0909ee,6,พรรครวมไทยสร้างชาติ,#FF6D00,0,0,0.0
d9a41f75-3309-4a6b-9528-0a80f220b351,8,นายพิชัย น้ำกระจาย,45,ร้อยเอ็ด,6,a62aca08-91b7-4f3f-ba8f-cb9e884a3799,42,พรรคกล้าธรรม,#5D4037,0,0,0.0
db4634be-09f9-4d52-918c-246807d06663,8,นางวริยา พรหมนา,43,หนองคาย,1,e465555e-0460-4f1b-8354-402c827008f1,50,พรรคประชาอาสาชาติ,#512DA8,0,0,0.0
dc45fa5b-dd72-4bf6-a368-c94aa1243f62,8,นายกุลธวัช สาลี,33,ศรีสะเกษ,1,115da917-bf32-4e96-a2ae-b7818d0909ee,6,พรรครวมไทยสร้างชาติ,#FF6D00,0,0,0.0
de0abde9-eae6-4042-a211-3360daa7e116,8,นายทนงศิลป์ วจีสิงห์,47,สกลนคร,3,a62aca08-91b7-4f3f-ba8f-cb9e884a3799,42,พรรคกล้าธรรม,#5D4037,0,0,0.0
de540f0b-b276-49a0-abb1-c2103af11ab3,8,นางสาวรังรอง เข็มทอง,11,สมุทรปราการ,5,2ee17641-917b-4ea0-8c19-da383e03e915,44,พรรคโอกาสใหม่,#26C6DA,0,0,0.0
deaa4d00-14f4-4048-8a24-b141305a243e,8,นางรัศมี โพธะศรี,46,กาฬสินธุ์,5,0c044088-618b-49af-a291-fb28ffe9e0f8,11,พรรคเศรษฐกิจ,#FFA000,0,0,0.0
e23e21de-87c7-4c6b-a424-0c9e83fd89d3,8,นายวรสิงฆ์ บับพาน,49,มุกดาหาร,2,bdd306a2-80c7-4d7b-a7ff-8dc1ec9fcc76,10,พรรคทางเลือกใหม่,#00838F,0,0,0.0
e2b8d315-d5f3-4319-8a67-03a03a13d894,8,นางสาวศิริขวัญ นิลกรรณ์,10,กรุงเทพมหานคร,29,d7155f6d-736d-42c0-8bc0-00ee6e1970dc,27,พรรคประชาธิปัตย์,#0066B3,0,0,0.0
e47966d3-0991-4678-90f4-1fb5fe18d3f3,8,ร้อยตำรวจเอกสมพงค์ ทองบริบูรณ์,90,สงขลา,7,0c044088-618b-49af-a291-fb28ffe9e0f8,11,พรรคเศรษฐกิจ,#FFA000,0,0,0.0
e4bc4e3a-61fc-495f-91d0-bdfa323ac66d,8,นายฟาวาดคาน เที่ยงธรรม,10,กรุงเทพมหานคร,18,54706125-9661-467d-a8af-78994d14b116,35,พรรครักชาติ,#B71C1C,0,0,0.0
e5bfd634-fdca-4bd4-afce-90e1cd4b87af,8,นายวาสิทธิ์ พวงสวัสดิ์,33,ศรีสะเกษ,4,339fa187-133c-4766-a6c2-36d1b32cda8f,23,พรรคปวงชนไทย,#827717,0,0,0.0
e6519012-d247-49a1-8a9d-b1ee70802750,8,นายเทพปัญชา ทุมโยมา,38,บึงกาฬ,2,965b4b93-c01e-4a2b-a987-577f2b99ebb4,49,พรรคไทยก้าวใหม่,#1E88E5,0,0,0.0
e7fdfa8c-bb6d-4095-ade2-f91147c9cb32,8,นายเนติธร ช่วยหาร,40,ขอนแก่น,1,f9cadd57-8256-49aa-9386-0da392b19fc2,29,พรรคไทยภักดี,#D32F2F,0,0,0.0
e83b3e86-9fd7-47e6-81d0-c7b78c658c32,8,นายอภิชัย สิริสุข,31,บุรีรัมย์,6,cb1b6cf2-41fa-49b1-a060-01acf13edc81,48,พรรคไทยสร้างไทย,#00ACC1,0,0,0.0
e8a53891-5edd-4969-8f0a-c59ed4e43ac9,8,ดาบตำรวจสิทธิชัย ทองมูล,35,ยโสธร,2,03347cbc-6089-474c-a3f6-484ae981c9a6,43,พรรคพลังประชารัฐ,#1565C0,0,0,0.0
e9767a52-5001-40f1-b000-06a9fb6c8cd1,8,นายบัณจงศักดิ์ วงศ์รัตนวรรณ,50,เชียงใหม่,6,2d8a1c84-0bc8-4377-965d-c020a0097c27,9,พรรคเพื่อไทย,#E4002B,0,0,0.0
ea39b89b-f2bf-4616-a9ba-d99fa9cac505,8,นายธนัฐ จันทร์มาลา,47,สกลนคร,6,0c044088-618b-49af-a291-fb28ffe9e0f8,11,พรรคเศรษฐกิจ,#FFA000,0,0,0.0
ec4ec5e0-3ed7-4e65-89ab-6e29eb1e59d6,8,นายอิศม์เดช ฤาชา,40,ขอนแก่น,2,f9cadd57-8256-49aa-9386-0da392b19fc2,29,พรรคไทยภักดี,#D32F2F,0,9,0.0
eef7f4c6-ec7c-4822-834c-62889d32a62e,8,นายทศพร แซ่ซิ้น,80,นครศรีธรรมราช,2,0c044088-618b-49af-a291-fb28ffe9e0f8,11,พรรคเศรษฐกิจ,#FFA000,0,0,0.0
ef471ecb-5bf3-4b4b-a122-65fa2a584f5a,8,นายธงชัย ชัยธสุวรรณ,60,นครสวรรค์,3,d1964fe3-2dd0-43d5-a190-77fbfaf586b2,8,พรรคประชาธิปไตยใหม่,#1976D2,0,0,0.0
f15bafc2-0092-476b-90c9-26eadee4d6aa,8,นายอัฒพล สถิตสวรรยา,72,สุพรรณบุรี,1,f9cadd57-8256-49aa-9386-0da392b19fc2,29,พรรคไทยภักดี,#D32F2F,0,0,0.0
f16d7e3b-406b-4419-a3f3-298d10c484eb,8,นายบุญเลิศ พงษ์พิศ,48,นครพนม,1,d7155f6d-736d-42c0-8bc0-00ee6e1970dc,27,พรรคประชาธิปัตย์,#0066B3,0,0,0.0
f3f77688-5065-4499-8094-cb7ba7a0cd14,8,นายพิเชษฐ สุขแก้ว,93,พัทลุง,2,03347cbc-6089-474c-a3f6-484ae981c9a6,43,พรรคพลังประชารัฐ,#1565C0,0,0,0.0
f56cdabb-3b02-48f9-aa9d-04096c736134,8,นายวิชิต ม่อมพะเนาว์,47,สกลนคร,2,0c044088-618b-49af-a291-fb28ffe9e0f8,11,พรรคเศรษฐกิจ,#FFA000,0,0,0.0
f6060e50-b246-4fa6-8794-b70a8abd2c5d,8,นายเกริกหิรัญ แปลกประเสริฐ,12,นนทบุรี,6,0c044088-618b-49af-a291-fb28ffe9e0f8,11,พรรคเศรษฐกิจ,#FFA000,0,0,0.0
f747dbca-2abd-4bda-9d04-8fcc98a49775,8,นายเทวฤทธิ์ เชี่ยวชาญคีรี,63,ตาก,3,d7155f6d-736d-42c0-8bc0-00ee6e1970dc,27,พรรคประชาธิปัตย์,#0066B3,0,0,0.0
f7837cb9-b2a2-44f8-ade3-cf74781a8cd9,8,นายวรวิช กมลโชติรส,10,กรุงเทพมหานคร,6,54706125-9661-467d-a8af-78994d14b116,35,พรรครักชาติ,#B71C1C,0,0,0.0
f98a9f7e-4363-4599-911f-d8c49f0985f6,8,นายมาณัษฐ์ จตุระบุล,12,นนทบุรี,7,0c044088-618b-49af-a291-fb28ffe9e0f8,11,พรรคเศรษฐกิจ,#FFA000,0,0,0.0
fbbd6797-a0ba-415a-8c36-92c548feb4b4,8,นายยงยุทธ สุวรรณบุตร,11,สมุทรปราการ,2,2d8a1c84-0bc8-4377-965d-c020a0097c27,9,พรรคเพื่อไทย,#E4002B,0,0,0.0
feece819-df1f-4e9b-8e84-3bacdd260f50,8,นางสาวภัสริน รามวงศ์,10,กรุงเทพมหานคร,7,1116011c-1ef3-4cca-a186-c1b9f7984ede,46,พรรคประชาชน,#F57C00,0,0,0.0
006d475a-6aa7-46a9-904a-39860c20a580,9,นายปิ่น แจ้งชะไว,10,กรุงเทพมหานคร,28,54706125-9661-467d-a8af-78994d14b116,35,พรรครักชาติ,#B71C1C,0,0,0.0
01d35d03-f3fb-4025-9b21-322b10733434,9,นางกานดาพร พิเลิศ,32,สุรินทร์,3,339fa187-133c-4766-a6c2-36d1b32cda8f,23,พรรคปวงชนไทย,#827717,0,0,0.0
028093b0-3287-4dd9-b2c7-e274329f0fce,9,นางสาวณัฐิดา เตาเฟ็ส,10,กรุงเทพมหานคร,17,965b4b93-c01e-4a2b-a987-577f2b99ebb4,49,พรรคไทยก้าวใหม่,#1E88E5,0,0,0.0
02a7e989-d3ba-485b-b7ea-e5f15336d0e3,9,นายศิริพงษ์ อรุณเดชาชัย,40,ขอนแก่น,8,013c219e-e197-416d-84ea-00ba9c35465e,37,พรรคภูมิใจไทย,#3949AB,0,0,0.0
03029970-4943-4e22-987a-011585f7130a,9,นายสมพงษ์ มณีรัตน์,48,นครพนม,2,339fa187-133c-4766-a6c2-36d1b32cda8f,23,พรรคปวงชนไทย,#827717,0,0,0.0
074e04cf-f8cf-4146-b45b-7b9ac2124374,9,ร.ต.สง่า เหลืองอร่าม,41,อุดรธานี,1,7ffe2115-72d1-4d71-9962-03ff61afc67c,31,พรรคประชากรไทย,#00695C,0,0,0.0
0814aa2a-621a-4bf3-80b6-3cce07437400,9,นางสาวสรัณณรัตน์ ศุภอัครโภคิน,11,สมุทรปราการ,2,115da917-bf32-4e96-a2ae-b7818d0909ee,6,พรรครวมไทยสร้างชาติ,#FF6D00,0,0,0.0
08338644-9cf4-4180-b6aa-f486d510aba5,9,นายศรายุทธ ศรีนิเวศน์,74,สมุทรสาคร,4,03347cbc-6089-474c-a3f6-484ae981c9a6,43,พรรคพลังประชารัฐ,#1565C0,0,0,0.0
099d9665-0831-4b61-a753-73b1bddd025d,9,นายชินวัตร ปัญญาปิติโสภณ,30,นครราชสีมา,3,0c044088-618b-49af-a291-fb28ffe9e0f8,11,พรรคเศรษฐกิจ,#FFA000,0,0,0.0
09fd8b94-61c2-4b31-bfa2-66915fb214f1,9,นายฮาซัน วันนุ,10,กรุงเทพมหานคร,18,115da917-bf32-4e96-a2ae-b7818d0909ee,6,พรรครวมไทยสร้างชาติ,#FF6D00,0,0,0.0
0b0f3e32-9d17-4d73-8aa6-9fc9e7637e61,9,นางสาวกาญจนา ภวัครานนท์,10,กรุงเทพมหานคร,19,013c219e-e197-416d-84ea-00ba9c35465e,37,พรรคภูมิใจไทย,#3949AB,0,2,0.0
0c75cb61-cf64-4e79-a305-374ba6b14dda,9,นายก้องเกียรติ มาทา,52,ลำปาง,1,115da917-bf32-4e96-a2ae-b7818d0909ee,6,พรรครวมไทยสร้างชาติ,#FF6D00,0,0,0.0
0e099981-219c-4a9b-a987-b28cff6dd31a,9,นายชนินทร์ คะอังกุ,46,กาฬสินธุ์,4,a62aca08-91b7-4f3f-ba8f-cb9e884a3799,42,พรรคกล้าธรรม,#5D4037,0,0,0.0
0ec4288d-bea5-4593-8d8f-2c833bd4e745,9,นายปรีชา ฉอสุวรรณชาติ,12,นนทบุรี,7,115da917-bf32-4e96-a2ae-b7818d0909ee,6,พรรครวมไทยสร้างชาติ,#FF6D00,0,0,0.0
0f24c452-4929-4f1a-87e9-9f1b45f8e7f2,9,นายฐิติพัฒณ์ จันทร์แก้ว,10,กรุงเทพมหานคร,13,54706125-9661-467d-a8af-78994d14b116,35,พรรครักชาติ,#B71C1C,0,4,0.0
0f4d7da7-ee1c-4461-87e5-6cd6a9b49046,9,นางรชาภา อัศวธาวาทิน,20,ชลบุรี,1,cb1b6cf2-41fa-49b1-a060-01acf13edc81,48,พรรคไทยสร้างไทย,#00ACC1,0,0,0.0
1397f186-50ee-4da3-a35f-183426b1b947,9,นางสาวธัญญา เกษาวงศ์,30,นครราชสีมา,6,339fa187-133c-4766-a6c2-36d1b32cda8f,23,พรรคปวงชนไทย,#827717,0,0,0.0
1411e7f7-f717-4282-86a3-694382a664c2,9,นายศุข ศักดิ์ณรงค์เดช,10,กรุงเทพมหานคร,5,a62aca08-91b7-4f3f-ba8f-cb9e884a3799,42,พรรคกล้าธรรม,#5D4037,0,0,0.0
1521da82-231c-4ee6-960a-d29bdc9fe476,9,นายศักดิ์ปรินทร์ เกษมธนพัฒน์,13,ปทุมธานี,3,0c044088-618b-49af-a291-fb28ffe9e0f8,11,พรรคเศรษฐกิจ,#FFA000,0,0,0.0
1731ac98-dcf0-4559-8687-1c8adf864219,9,นายธนภาค บุ้งจันทร์,67,เพชรบูรณ์,4,0c044088-618b-49af-a291-fb28ffe9e0f8,11,พรรคเศรษฐกิจ,#FFA000,0,0,0.0
192cec78-5edb-4c70-af84-484cd883922c,9,นายดลเดช แก้วใส,34,อุบลราชธานี,8,d7155f6d-736d-42c0-8bc0-00ee6e1970dc,27,พรรคประชาธิปัตย์,#0066B3,0,0,0.0
19d690e0-0bda-474f-84ab-95a08fe17345,9,นายวงศ์วิศว์ ผลลอย,67,เพชรบูรณ์,2,03347cbc-6089-474c-a3f6-484ae981c9a6,43,พรรคพลังประชารัฐ,#1565C0,0,0,0.0
1a302cd2-aad0-4837-bae4-90b0e5ec982e,9,ผู้ช่วยศาสตราจารย์วสันต์ ภู่รัสมี,10,กรุงเทพมหานคร,16,2ee17641-917b-4ea0-8c19-da383e03e915,44,พรรคโอกาสใหม่,#26C6DA,0,0,0.0
1bf578e7-bf10-4e0b-a70c-200ec77f797b,9,นายโสนิ สุวรรณี,37,อำนาจเจริญ,1,7255d2d0-1f49-4fd8-adad-7acfea2d5126,56,พรรคเพื่อบ้านเมือง,#1565C0,0,0,0.0
1c1a3bc3-7ca7-43cf-97cc-27c028d21932,9,นายปัณณทัต มากผล,16,ลพบุรี,2,03347cbc-6089-474c-a3f6-484ae981c9a6,43,พรรคพลังประชารัฐ,#1565C0,0,0,0.0
1cc627f9-3720-4838-b79b-075c200d0fa1,9,นายเอิบ พงบุหงอ,12,นนทบุรี,3,d7155f6d-736d-42c0-8bc0-00ee6e1970dc,27,พรรคประชาธิปัตย์,#0066B3,0,0,0.0
1ce0f2be-e029-4eb8-97a8-2888f6b5dafc,9,นางสาวณัฏฐศศิ ประทีปะวณิช,40,ขอนแก่น,2,03347cbc-6089-474c-a3f6-484ae981c9a6,43,พรรคพลังประชารัฐ,#1565C0,0,2,0.0
1e0f0461-ef04-476a-a6cd-bf3eaf17c2ec,9,นายบุญชู จันทร์สุวรรณ,72,สุพรรณบุรี,1,a62aca08-91b7-4f3f-ba8f-cb9e884a3799,42,พรรคกล้าธรรม,#5D4037,0,0,0.0
1fbf0b01-e6ac-4584-a59a-ddda02e35cca,9,นายชินชัย แก้วเรือน,51,ลำพูน,2,03347cbc-6089-474c-a3f6-484ae981c9a6,43,พรรคพลังประชารัฐ,#1565C0,0,0,0.0
1fd13f4d-66ad-447f-9cbe-45c76d1ebfdf,9,นายสุริยา บุญนาคค้า,51,ลำพูน,1,bcdcd19b-d619-47dd-8535-fafb6bc6f4d8,12,พรรคเสรีรวมไทย,#C62828,0,0,0.0
2017876a-7405-4ee5-9de3-16921c20c75f,9,นายจิรจิตติ์ นามจันดี,40,ขอนแก่น,5,965b4b93-c01e-4a2b-a987-577f2b99ebb4,49,พรรคไทยก้าวใหม่,#1E88E5,0,0,0.0
212604fa-2512-4bca-b95f-a405fbec666c,9,นางสาวสมบูรณ์วรรณ ตรีสินธุ์ไชย,12,นนทบุรี,2,03347cbc-6089-474c-a3f6-484ae981c9a6,43,พรรคพลังประชารัฐ,#1565C0,0,0,0.0
255a0baa-fec7-45cd-8479-4420169dff72,9,พันโทสาธิต หงษ์ทอง,10,กรุงเทพมหานคร,31,0c044088-618b-49af-a291-fb28ffe9e0f8,11,พรรคเศรษฐกิจ,#FFA000,0,0,0.0
256b5469-5d51-44b3-8f67-d2849c786fc2,9,นางเกษา พลข้อ,47,สกลนคร,5,0c044088-618b-49af-a291-fb28ffe9e0f8,11,พรรคเศรษฐกิจ,#FFA000,0,0,0.0
27840d0a-cd3e-4952-a906-34b2c78bbc1b,9,นายกฤษณุชัย บุญทรัพย์ทวีชัย,19,สระบุรี,2,0c044088-618b-49af-a291-fb28ffe9e0f8,11,พรรคเศรษฐกิจ,#FFA000,0,0,0.0
27d04a3a-e6bc-476f-9791-f18d525ac137,9,นายวันทา สมร่าง,31,บุรีรัมย์,10,7ffe2115-72d1-4d71-9962-03ff61afc67c,31,พรรคประชากรไทย,#00695C,0,0,0.0
2837e39e-ad29-4f43-8f5b-e64ed7acc435,9,นายศุภลักษณ์ สายยงค์,13,ปทุมธานี,5,d1964fe3-2dd0-43d5-a190-77fbfaf586b2,8,พรรคประชาธิปไตยใหม่,#1976D2,0,0,0.0
297f28e6-bd42-4134-8ba4-8df5520d20c1,9,นายภูรวิช บูลยะธนิน,84,สุราษฎร์ธานี,2,115da917-bf32-4e96-a2ae-b7818d0909ee,6,พรรครวมไทยสร้างชาติ,#FF6D00,0,0,0.0
29c9f5b2-6f86-42d6-bb15-c409ce5e6c36,9,นางสาวอรธิยา สวัสดี,74,สมุทรสาคร,1,03347cbc-6089-474c-a3f6-484ae981c9a6,43,พรรคพลังประชารัฐ,#1565C0,0,0,0.0
29ece4a0-f21d-4523-a00a-b8ab4b4b1d7a,9,นายสมพงษ์ แช่มรัมย์,31,บุรีรัมย์,7,7ffe2115-72d1-4d71-9962-03ff61afc67c,31,พรรคประชากรไทย,#00695C,0,0,0.0
2c7722b6-48d2-4fe5-9593-ec2f36ba3345,9,นายสุหลี ศรีแสง,30,นครราชสีมา,7,0c044088-618b-49af-a291-fb28ffe9e0f8,11,พรรคเศรษฐกิจ,#FFA000,0,0,0.0
2d9e2aec-9e89-4d71-bd14-03413a6f8875,9,นายจักรพงศ์ อินทลบ,47,สกลนคร,7,0c044088-618b-49af-a291-fb28ffe9e0f8,11,พรรคเศรษฐกิจ,#FFA000,0,0,0.0
2f3144d9-f9e6-4335-886f-b6dba3ddf083,9,พลตรีดนัย ดิษาภิรมย์,10,กรุงเทพมหานคร,6,cb1b6cf2-41fa-49b1-a060-01acf13edc81,48,พรรคไทยสร้างไทย,#00ACC1,0,0,0.0
2f782a14-deef-412a-84dd-9a37382f4373,9,นายเทพฤทธิ์ ภาษี,11,สมุทรปราการ,8,1116011c-1ef3-4cca-a186-c1b9f7984ede,46,พรรคประชาชน,#F57C00,0,0,0.0
3016e2e0-019b-42a7-b998-8b9e49b00e41,9,พลโทวัลลภ ถนัดเดินข่าว,12,นนทบุรี,4,03347cbc-6089-474c-a3f6-484ae981c9a6,43,พรรคพลังประชารัฐ,#1565C0,0,0,0.0
30c835b9-4586-4531-bbfe-64bf5f4e2ac9,9,นายจอน องกระโทก,30,นครราชสีมา,9,0c044088-618b-49af-a291-fb28ffe9e0f8,11,พรรคเศรษฐกิจ,#FFA000,0,0,0.0
3580376f-fe0d-4522-bc5f-86b9d2e8a35b,9,นายฐีรทรัพย์ อภิญญาภรณ์,10,กรุงเทพมหานคร,14,cb1b6cf2-41fa-49b1-a060-01acf13edc81,48,พรรคไทยสร้างไทย,#00ACC1,0,0,0.0
3cd5eb81-111e-4a66-a27f-3b48a0795551,9,นายก้องเกียรติ วงศ์นิยม,30,นครราชสีมา,1,013c219e-e197-416d-84ea-00ba9c35465e,37,พรรคภูมิใจไทย,#3949AB,0,0,0.0
3d64e818-e6c0-4afb-8507-985ba2407608,9,นายชัยชนะ รัตนชัยฤทธิ์,45,ร้อยเอ็ด,4,115da917-bf32-4e96-a2ae-b7818d0909ee,6,พรรครวมไทยสร้างชาติ,#FF6D00,0,0,0.0
3d90ea1e-076c-4b6b-ae72-c3619745acff,9,นายณรงค์ชัย ธารณา,10,กรุงเทพมหานคร,29,115da917-bf32-4e96-a2ae-b7818d0909ee,6,พรรครวมไทยสร้างชาติ,#FF6D00,0,0,0.0
3d958894-01da-42fc-8548-d94d3a70aa66,9,นายรุ่งโรจน์ ศรีคันธร,47,สกลนคร,3,54c9efd2-2cd9-487a-91f7-1251aae30c2d,36,พรรคไทยพร้อม,#0097A7,0,0,0.0
3d975b58-c245-400c-b5db-56c0dc368f0d,9,นายพีธพงศ์ เสนียุติธรรม,20,ชลบุรี,7,0c044088-618b-49af-a291-fb28ffe9e0f8,11,พรรคเศรษฐกิจ,#FFA000,0,0,0.0
3fa221b6-9efa-4543-bb69-a4a7a519fc41,9,นายธนาภัทร แก้วอรุณ,45,ร้อยเอ็ด,3,0c044088-618b-49af-a291-fb28ffe9e0f8,11,พรรคเศรษฐกิจ,#FFA000,0,0,0.0
4395bd87-1807-454a-976e-955d0ff5f811,9,พ.ต.อ.ชัยสิทธิ์ ภความนตรี,44,มหาสารคาม,1,03347cbc-6089-474c-a3f6-484ae981c9a6,43,พรรคพลังประชารัฐ,#1565C0,0,0,0.0
46076bed-4e2c-4495-bc22-ae8f37ecf7bf,9,นางกนกนุช กลิ่นสังข์,10,กรุงเทพมหานคร,10,2ee17641-917b-4ea0-8c19-da383e03e915,44,พรรคโอกาสใหม่,#26C6DA,0,0,0.0
467db254-312f-4e90-a64c-fccd84a02986,9,นายสหวิช อภิชัยวิศรุตกุล,53,อุตรดิตถ์,2,013c219e-e197-416d-84ea-00ba9c35465e,37,พรรคภูมิใจไทย,#3949AB,0,0,0.0
480bea12-0619-4d24-8cec-16ee2c8f9dab,9,นายวัทธิกร หรุ่นศิริ,10,กรุงเทพมหานคร,9,115da917-bf32-4e96-a2ae-b7818d0909ee,6,พรรครวมไทยสร้างชาติ,#FF6D00,0,7,0.0
4cd8c82c-6734-492a-8c5a-8baa6a34675d,9,ว่าที่ร้อยตำรวจเอกวิรัตน์ บุญเชิด,80,นครศรีธรรมราช,6,f9cadd57-8256-49aa-9386-0da392b19fc2,29,พรรคไทยภักดี,#D32F2F,0,0,0.0
4d94a2de-3535-472a-a677-e41e435cd849,9,นายสิทธิพงศ์ ชูวงค์,80,นครศรีธรรมราช,2,b376f463-00b4-4a94-886c-fdbc533100e9,19,พรรคสังคมประชาธิปไตยไทย,#E53935,0,0,0.0
4e31a5b5-fddb-44ad-ad4a-607f2ecc8a65,9,นายกาจ ทุมสิทธิ์,31,บุรีรัมย์,2,0c044088-618b-49af-a291-fb28ffe9e0f8,11,พรรคเศรษฐกิจ,#FFA000,0,0,0.0
4e89108a-bc08-4634-8383-3607ef0df373,9,นายวัฒนา เซ่งไพเราะ,10,กรุงเทพมหานคร,23,03347cbc-6089-474c-a3f6-484ae981c9a6,43,พรรคพลังประชารัฐ,#1565C0,0,0,0.0
4f2e042d-b74e-451b-8304-751a84f82870,9,นายเอกธิปป์ ตนประเสริฐ,77,ประจวบคีรีขันธ์,2,d7155f6d-736d-42c0-8bc0-00ee6e1970dc,27,พรรคประชาธิปัตย์,#0066B3,0,0,0.0
551d669c-eaff-4abb-88ff-384cb8c3f354,9,นางกุลธิภัสร์ ธนวีรชุติวัฒน์,10,กรุงเทพมหานคร,2,965b4b93-c01e-4a2b-a987-577f2b99ebb4,49,พรรคไทยก้าวใหม่,#1E88E5,0,0,0.0
5b546fba-c8d3-4b03-8e4d-540db901e386,9,นายชิตพล เชี่ยวอุดมทรัพย์,11,สมุทรปราการ,3,03347cbc-6089-474c-a3f6-484ae981c9a6,43,พรรคพลังประชารัฐ,#1565C0,0,0,0.0
5d96261d-a9de-4c45-9ce5-b6da06d48c79,9,นางนิธิกาน พงทองถวิล,30,นครราชสีมา,11,0c044088-618b-49af-a291-fb28ffe9e0f8,11,พรรคเศรษฐกิจ,#FFA000,0,0,0.0
5d9ec6b9-8948-4e37-b9ce-617550c215f6,9,นายนิธิวิทย์ เกียรติสยมภู,50,เชียงใหม่,1,115da917-bf32-4e96-a2ae-b7818d0909ee,6,พรรครวมไทยสร้างชาติ,#FF6D00,0,10,0.0
5df1accb-ef2d-423e-a1c4-c98990e4889b,9,นายเจริญชัย คำแฝง,34,อุบลราชธานี,2,0c044088-618b-49af-a291-fb28ffe9e0f8,11,พรรคเศรษฐกิจ,#FFA000,0,0,0.0
5f4e0587-d45a-4c03-868d-f3ea7efe772c,9,นายสุทิน คำนาดี,46,กาฬสินธุ์,2,bdd306a2-80c7-4d7b-a7ff-8dc1ec9fcc76,10,พรรคทางเลือกใหม่,#00838F,0,0,0.0
614fef78-33b9-4017-aa1c-61e3435caf66,9,นายเกษมศักดิ์ อัครเพศ,36,ชัยภูมิ,1,bdd306a2-80c7-4d7b-a7ff-8dc1ec9fcc76,10,พรรคทางเลือกใหม่,#00838F,0,0,0.0
627ca8d0-84ec-4de4-8506-009a97448d8e,9,นายธนชัย สินธุไพร,45,ร้อยเอ็ด,8,013c219e-e197-416d-84ea-00ba9c35465e,37,พรรคภูมิใจไทย,#3949AB,0,0,0.0
62ba5022-1fa0-4d2c-9177-27ca4eb2f943,9,นายหวังจันทร์ ยิ้มวิไล,10,กรุงเทพมหานคร,20,2ee17641-917b-4ea0-8c19-da383e03e915,44,พรรคโอกาสใหม่,#26C6DA,0,0,0.0
64771261-ae85-47ca-8760-b3e7aa42ad52,9,นายมิตร อนุวรรณ,34,อุบลราชธานี,3,bdd306a2-80c7-4d7b-a7ff-8dc1ec9fcc76,10,พรรคทางเลือกใหม่,#00838F,0,0,0.0
65d499d9-dafb-4cae-8da8-3edc201240fc,9,ว่าที่ร้อยตรีหญิงปภัสราวรรณ ม่วงไหม,10,กรุงเทพมหานคร,4,a62aca08-91b7-4f3f-ba8f-cb9e884a3799,42,พรรคกล้าธรรม,#5D4037,0,7,0.0
66547ccc-077d-4dbc-b62b-2fc1f6af4692,9,นายธนพล อิ่มอ้น,63,ตาก,1,3e7b1adf-ab5f-4206-ba04-6cff9bf02f9c,57,พรรคพลังไทยรักชาติ,#AD1457,0,0,0.0
66de79a0-9b81-4cfe-8b2b-74322f3d164f,9,นางจิรารักษ์ ห้องจำปา,38,บึงกาฬ,2,115da917-bf32-4e96-a2ae-b7818d0909ee,6,พรรครวมไทยสร้างชาติ,#FF6D00,0,0,0.0
6b625219-a735-48c4-ace5-cd6f96eef064,9,นายธวัชชวิน โกพัฒน์ตา,11,สมุทรปราการ,6,03347cbc-6089-474c-a3f6-484ae981c9a6,43,พรรคพลังประชารัฐ,#1565C0,0,0,0.0
6db1ff78-ddb3-4431-8f46-340d94f46bec,9,นายกุลธร แก้ววิเศษ,44,มหาสารคาม,3,0c044088-618b-49af-a291-fb28ffe9e0f8,11,พรรคเศรษฐกิจ,#FFA000,0,0,0.0
70135ba9-9b72-413c-8653-f3d147e21e8a,9,นายศิริพงศ์ ทวีวงศ์,27,สระแก้ว,2,0c044088-618b-49af-a291-fb28ffe9e0f8,11,พรรคเศรษฐกิจ,#FFA000,0,0,0.0
711f8eaa-d98c-40bb-9182-82f585e4704a,9,นายโพธิธวัช พัฒนาพงษ์ไชย,32,สุรินทร์,4,1116011c-1ef3-4cca-a186-c1b9f7984ede,46,พรรคประชาชน,#F57C00,0,0,0.0
722b8672-ebbf-42cc-bea3-38c97f419836,9,นางสาวธนาภา อัครมะหะเวทน์,10,กรุงเทพมหานคร,11,7ffe2115-72d1-4d71-9962-03ff61afc67c,31,พรรคประชากรไทย,#00695C,0,0,0.0
72aae18b-de48-449d-9f4f-5be9e3e33344,9,นายจักร์กวินทร์ ภู่สวาสดิ์,10,กรุงเทพมหานคร,8,cb1b6cf2-41fa-49b1-a060-01acf13edc81,48,พรรคไทยสร้างไทย,#00ACC1,0,11,0.0
72c85307-3361-440d-aec2-15ecfdb1ae11,9,นายปฐมรัตน์ ขวนขวายทรัพย์,14,พระนครศรีอยุธยา,2,0c044088-618b-49af-a291-fb28ffe9e0f8,11,พรรคเศรษฐกิจ,#FFA000,0,0,0.0
72f7429b-499a-4a12-89fe-2c68eefa6b2a,9,นายประกาศิต ปัญญาใส,41,อุดรธานี,6,0c044088-618b-49af-a291-fb28ffe9e0f8,11,พรรคเศรษฐกิจ,#FFA000,0,0,0.0
73ba058a-0ece-4d0d-b3b5-a8613ba11882,9,นายพิเชษฐ์ ภูแก้ว,32,สุรินทร์,2,115da917-bf32-4e96-a2ae-b7818d0909ee,6,พรรครวมไทยสร้างชาติ,#FF6D00,0,0,0.0
779985b1-5adb-4f4b-87a8-bfe64d6af8a5,9,นายชำนาญ สุขเกษม,66,พิจิตร,1,c10044e9-2d3c-4481-b323-a9aef1851236,13,พรรครวมพลังประชาชน,#00ACC1,0,0,0.0
7a0c1882-a197-4f47-a5f6-a5e1871ed016,9,นายบุญเสริม หัทยานนท์,80,นครศรีธรรมราช,4,7255d2d0-1f49-4fd8-adad-7acfea2d5126,56,พรรคเพื่อบ้านเมือง,#1565C0,0,0,0.0
7a454b69-0c1b-434b-aa65-1ff8ff8e5d4f,9,นายอดิเรก ดวงจันนี,36,ชัยภูมิ,7,d1964fe3-2dd0-43d5-a190-77fbfaf586b2,8,พรรคประชาธิปไตยใหม่,#1976D2,0,0,0.0
7afbbadb-0095-4c65-8fa2-29dc7547a047,9,นายปิยะพงษ์ เหมะ,11,สมุทรปราการ,5,2d8a1c84-0bc8-4377-965d-c020a0097c27,9,พรรคเพื่อไทย,#E4002B,0,0,0.0
7b7f5a8e-360b-4daf-853b-7ab223ca4fb8,9,นายสมชิด กันธะยา,50,เชียงใหม่,5,1116011c-1ef3-4cca-a186-c1b9f7984ede,46,พรรคประชาชน,#F57C00,0,0,0.0
7c46e5d3-dfa7-4f55-970d-19c734859219,9,นางสาวมินทร์ชิสา มณีนนทเศรษฐ์,10,กรุงเทพมหานคร,21,a62aca08-91b7-4f3f-ba8f-cb9e884a3799,42,พรรคกล้าธรรม,#5D4037,0,0,0.0
7ce10359-61cf-43f6-91a8-688014fb430f,9,นายอุบลศักดิ์ บัวหลวงงาม,16,ลพบุรี,1,2d8a1c84-0bc8-4377-965d-c020a0097c27,9,พรรคเพื่อไทย,#E4002B,0,0,0.0
7d3fb549-d175-40fd-ba42-d4fc58b4c218,9,นายสายชล เคหะธรรม,33,ศรีสะเกษ,2,c10044e9-2d3c-4481-b323-a9aef1851236,13,พรรครวมพลังประชาชน,#00ACC1,0,0,0.0
7de48903-fa04-4755-84b8-b6fe455ec59b,9,นายสิงห์มณี กุบแก้ว,35,ยโสธร,2,0c044088-618b-49af-a291-fb28ffe9e0f8,11,พรรคเศรษฐกิจ,#FFA000,0,0,0.0
7f2be31f-c9fd-4bd7-93a9-cc37baa8a5b0,9,นายอธิวัฒน์ อำนาจสกุลเกียรติ,22,จันทบุรี,1,0c044088-618b-49af-a291-fb28ffe9e0f8,11,พรรคเศรษฐกิจ,#FFA000,0,0,0.0
8008de47-53b0-4f1f-980b-46740c11d4ce,9,นางสาวฉวี ปิ่นหอม,33,ศรีสะเกษ,1,339fa187-133c-4766-a6c2-36d1b32cda8f,23,พรรคปวงชนไทย,#827717,0,0,0.0
82099759-8fcf-45ea-8550-789cb06cfd58,9,นายภูชิต อุ่นเที่ยว,41,อุดรธานี,8,a62aca08-91b7-4f3f-ba8f-cb9e884a3799,42,พรรคกล้าธรรม,#5D4037,0,0,0.0
820b83fb-80cf-4bee-b6c4-ebf7ade2a48b,9,นายปฏิพัทธ์ เมืองสุวรรณ์,80,นครศรีธรรมราช,3,bd8d9f14-f757-41fb-8f37-d6128d9d012d,7,พรรคพลวัต,#EF6C00,0,0,0.0
82ebbd8c-3733-4d9e-a0ae-808bab379f24,9,นายเศรษฐวัฒน์ ศิริโกมุท,44,มหาสารคาม,5,54c9efd2-2cd9-487a-91f7-1251aae30c2d,36,พรรคไทยพร้อม,#0097A7,0,0,0.0
85f327b0-90c9-4795-be9a-3b984c2accfe,9,นายกัณฑ์ชาติ มนต์กันภัย,10,กรุงเทพมหานคร,22,965b4b93-c01e-4a2b-a987-577f2b99ebb4,49,พรรคไทยก้าวใหม่,#1E88E5,0,0,0.0
862cc48c-2f9f-47c1-b099-119b1c9514cc,9,นางสาวนพวรรณ หัวใจมั่น,10,กรุงเทพมหานคร,12,03347cbc-6089-474c-a3f6-484ae981c9a6,43,พรรคพลังประชารัฐ,#1565C0,0,0,0.0
864077b3-63a5-437b-8c43-68a9b686138e,9,นางสาวพิมนกาลล์ ธีร์ก้านพลูกลาง,30,นครราชสีมา,5,03347cbc-6089-474c-a3f6-484ae981c9a6,43,พรรคพลังประชารัฐ,#1565C0,0,0,0.0
86c7f8f0-ca9b-48ef-aec3-e8687b26c9c3,9,นายพิชิตชัย พาชาติ,27,สระแก้ว,1,0c044088-618b-49af-a291-fb28ffe9e0f8,11,พรรคเศรษฐกิจ,#FFA000,0,0,0.0
899b89fc-0b7c-413b-bed9-d7e9ba86ceac,9,นางสาวขวัญหทัย ชุมแวงวาปี,39,หนองบัวลำภู,3,0c044088-618b-49af-a291-fb28ffe9e0f8,11,พรรคเศรษฐกิจ,#FFA000,0,0,0.0
89c0070b-dd8b-454b-b9e1-750b4823a504,9,นายนิติกร คงทอง,20,ชลบุรี,6,b6a2dc38-6f7d-4865-a6e0-a1b60a2edf32,30,พรรคแรงงานสร้างชาติ,#1976D2,0,0,0.0
8abb1af4-88a6-46fd-a28b-095dd043fcfd,9,นายสนม อุ่นสำโรง,31,บุรีรัมย์,6,7ffe2115-72d1-4d71-9962-03ff61afc67c,31,พรรคประชากรไทย,#00695C,0,0,0.0
8bc3cd8f-6a06-4cab-858a-c0475178ab21,9,ส.อ.ชัยวัน ราชชมภู,47,สกลนคร,4,0c044088-618b-49af-a291-fb28ffe9e0f8,11,พรรคเศรษฐกิจ,#FFA000,0,0,0.0
8ddff385-7333-4e48-94b8-d35aebfd2c6e,9,นายประไพย์ ศรีลาชัย,33,ศรีสะเกษ,5,7ffe2115-72d1-4d71-9962-03ff61afc67c,31,พรรคประชากรไทย,#00695C,0,0,0.0
8e9b1e69-e668-486b-bb33-6785f8c932b3,9,พันตำรวจเอกอิทธิกร อุ่นประกอ,40,ขอนแก่น,1,03347cbc-6089-474c-a3f6-484ae981c9a6,43,พรรคพลังประชารัฐ,#1565C0,0,0,0.0
8fc8ee6b-c41a-453d-b72a-4c53e6bc89d8,9,นายมนัส พรหมเพศ,80,นครศรีธรรมราช,5,0c044088-618b-49af-a291-fb28ffe9e0f8,11,พรรคเศรษฐกิจ,#FFA000,0,0,0.0
91c33f08-06ab-4efb-b09b-faa6da5af7f4,9,นายยาโกรคาน ปาทาน,46,กาฬสินธุ์,1,bdd306a2-80c7-4d7b-a7ff-8dc1ec9fcc76,10,พรรคทางเลือกใหม่,#00838F,0,0,0.0
94a9edbf-2521-4cf8-a2d6-e176e0f926a5,9,นายทรงยศ บุญบำรุงชัย,10,กรุงเทพมหานคร,27,115da917-bf32-4e96-a2ae-b7818d0909ee,6,พรรครวมไทยสร้างชาติ,#FF6D00,0,0,0.0
951dcf31-2444-4bea-853f-eee6f2ab4b31,9,นายชาญวิทยายุทธ์ อินทร์แก้ว,50,เชียงใหม่,7,7ffe2115-72d1-4d71-9962-03ff61afc67c,31,พรรคประชากรไทย,#00695C,0,0,0.0
9a6e6402-e009-4305-a6dc-497e4f841434,9,นายทวีศักดิ์ ปะหุปะไพ,44,มหาสารคาม,2,d1964fe3-2dd0-43d5-a190-77fbfaf586b2,8,พรรคประชาธิปไตยใหม่,#1976D2,0,0,0.0
9cd7f8a6-62bb-4299-8ca0-8dba5eab93f6,9,นายปภพพล เติมธีรกิจ,10,กรุงเทพมหานคร,30,965b4b93-c01e-4a2b-a987-577f2b99ebb4,49,พรรคไทยก้าวใหม่,#1E88E5,0,0,0.0
9cef6120-b5d9-4e17-bec7-cd8a4f65469a,9,นายชนะศักดิ์ รุ่งเสถียร,20,ชลบุรี,8,bcdcd19b-d619-47dd-8535-fafb6bc6f4d8,12,พรรคเสรีรวมไทย,#C62828,0,0,0.0
a17a6123-08a5-4927-a6cd-8f0668c666e4,9,นายกิติพงษ์ สิทธินาม,32,สุรินทร์,5,b6a2dc38-6f7d-4865-a6e0-a1b60a2edf32,30,พรรคแรงงานสร้างชาติ,#1976D2,0,0,0.0
a381474b-228c-453e-828a-5a950d1be9f2,9,นายบัญชา มาตย์วังแสง,48,นครพนม,4,54c9efd2-2cd9-487a-91f7-1251aae30c2d,36,พรรคไทยพร้อม,#0097A7,0,0,0.0
a53af245-5bd9-42e4-b00b-7caa34c648f7,9,นายกิตติศักดิ์ ฮาบพนม,47,สกลนคร,6,54c9efd2-2cd9-487a-91f7-1251aae30c2d,36,พรรคไทยพร้อม,#0097A7,0,0,0.0
a5c079da-92fc-4481-989e-e3da89b7d784,9,นายวิชัย ปัญญา,36,ชัยภูมิ,5,aec0c4f2-be03-4a06-a205-b00971871173,1,พรรคไทยทรัพย์ทวี,#FFB300,0,0,0.0
a634eb6b-c67b-4909-962e-0de3879909cf,9,นายชาติชาย เทือกเทียน,71,กาญจนบุรี,2,339fa187-133c-4766-a6c2-36d1b32cda8f,23,พรรคปวงชนไทย,#827717,0,0,0.0
a6f04d1a-96ed-4e38-921b-c358bd281a45,9,นายภคพล ขาวพัฒนวรรณ,73,นครปฐม,5,7255d2d0-1f49-4fd8-adad-7acfea2d5126,56,พรรคเพื่อบ้านเมือง,#1565C0,0,0,0.0
a7da0488-0604-4cf1-8513-55d1eed1b24b,9,นายดาบชัย ทัดสา,48,นครพนม,1,0c044088-618b-49af-a291-fb28ffe9e0f8,11,พรรคเศรษฐกิจ,#FFA000,0,0,0.0
a9324e77-9a1b-4c05-bc14-3388e65d2212,9,นายสายัณห์ หล้าบุดดา,33,ศรีสะเกษ,4,7ffe2115-72d1-4d71-9962-03ff61afc67c,31,พรรคประชากรไทย,#00695C,0,0,0.0
aa745196-14a8-42ab-bc8c-73b9e5b98a5b,9,นายจุฬา ศรีบุตตะ,46,กาฬสินธุ์,6,03347cbc-6089-474c-a3f6-484ae981c9a6,43,พรรคพลังประชารัฐ,#1565C0,0,0,0.0
aa8005da-959a-4160-beb1-fcff6e52bc38,9,นายเสฐียรพงษ์ สำแดงสุข,10,กรุงเทพมหานคร,26,a62aca08-91b7-4f3f-ba8f-cb9e884a3799,42,พรรคกล้าธรรม,#5D4037,0,0,0.0
acc01e02-51fa-4ce0-8870-827648dccb36,9,นายสรวีย์ ศุภปณิตา,13,ปทุมธานี,6,0c044088-618b-49af-a291-fb28ffe9e0f8,11,พรรคเศรษฐกิจ,#FFA000,0,0,0.0
b4603b46-0b36-4599-affb-5a6dd5fe1c9d,9,นายกฤษติศักดิ์ พูลสวัสดิ์,10,กรุงเทพมหานคร,24,0c044088-618b-49af-a291-fb28ffe9e0f8,11,พรรคเศรษฐกิจ,#FFA000,0,0,0.0
b4def11a-e6b8-494f-ae59-54575cc51a6f,9,นายพเยาว์ เนียะแก้ว,73,นครปฐม,6,013c219e-e197-416d-84ea-00ba9c35465e,37,พรรคภูมิใจไทย,#3949AB,0,0,0.0
b54c9fe6-8c2b-4ee0-80c5-d9f0218b4da9,9,ร้อยตำรวจตรีสมบูรณ์ ยงยุทธ,49,มุกดาหาร,1,d1964fe3-2dd0-43d5-a190-77fbfaf586b2,8,พรรคประชาธิปไตยใหม่,#1976D2,0,0,0.0
b58f9f45-bfcf-4ab7-811a-7d7e7164d80c,9,นางสาวฐิตยากร พรโรจนากูร,10,กรุงเทพมหานคร,15,d7155f6d-736d-42c0-8bc0-00ee6e1970dc,27,พรรคประชาธิปัตย์,#0066B3,0,0,0.0
b69ffec4-3b75-4516-b8b0-5ecf28f20cbb,9,นายภาสกร สิทธิหาโคตร,44,มหาสารคาม,6,0c044088-618b-49af-a291-fb28ffe9e0f8,11,พรรคเศรษฐกิจ,#FFA000,0,0,0.0
b7b38307-74e4-4b27-88ba-525955397806,9,นายจรัญ อิสระบัณฑิตกุล,62,กำแพงเพชร,3,03347cbc-6089-474c-a3f6-484ae981c9a6,43,พรรคพลังประชารัฐ,#1565C0,0,0,0.0
b8ad1361-adee-41b6-b9ad-c923a14f8105,9,นางสาวอรัญญา ใจมั่น,41,อุดรธานี,7,03347cbc-6089-474c-a3f6-484ae981c9a6,43,พรรคพลังประชารัฐ,#1565C0,0,0,0.0
b9f6ad26-af45-4f33-bf28-efc8e0ba4e26,9,พลเรือตรีนพดล บงกชกาญจน์,20,ชลบุรี,10,d7155f6d-736d-42c0-8bc0-00ee6e1970dc,27,พรรคประชาธิปัตย์,#0066B3,0,0,0.0
be4d4fad-afa5-4390-a368-a945b87bad6b,9,นางบุษบา แสนสีหา,40,ขอนแก่น,4,f9cadd57-8256-49aa-9386-0da392b19fc2,29,พรรคไทยภักดี,#D32F2F,0,0,0.0
c0b3c289-9d04-407c-a4bc-3ada28272d69,9,นายอุดม พรมยกบัตร์,30,นครราชสีมา,2,0c044088-618b-49af-a291-fb28ffe9e0f8,11,พรรคเศรษฐกิจ,#FFA000,0,0,0.0
c0d68147-31fc-459e-b15e-68a635eac062,9,นายอลงกต สงพัฒน์แก้ว,11,สมุทรปราการ,7,0c044088-618b-49af-a291-fb28ffe9e0f8,11,พรรคเศรษฐกิจ,#FFA000,0,0,0.0
c6d6aee1-caab-4987-870c-4d746528b748,9,นายณัฐพงษ์ สุปริยศิลป์,55,น่าน,3,2d8a1c84-0bc8-4377-965d-c020a0097c27,9,พรรคเพื่อไทย,#E4002B,0,0,0.0
c6f5cbe2-aa69-418a-8514-dd8091580a01,9,นายศิธา วงศ์วรพรรณ,84,สุราษฎร์ธานี,1,0c044088-618b-49af-a291-fb28ffe9e0f8,11,พรรคเศรษฐกิจ,#FFA000,0,0,0.0
c7110744-085c-4218-b170-fe6f9d22fb42,9,นางสาวกัญญาวีร์ จารุสัมพันธ์กนก,10,กรุงเทพมหานคร,32,115da917-bf32-4e96-a2ae-b7818d0909ee,6,พรรครวมไทยสร้างชาติ,#FF6D00,0,0,0.0
c926673b-0be4-4366-a78b-f4defd1ce3a4,9,นายบุญเลิศ ประสิทธิ์นอก,30,นครราชสีมา,16,7255d2d0-1f49-4fd8-adad-7acfea2d5126,56,พรรคเพื่อบ้านเมือง,#1565C0,0,0,0.0
ca16b1f6-63ef-4aa6-b9a5-921f440990e4,9,นายสุวิศิษฏ์ พงศ์ภรณ์ปภาณ,12,นนทบุรี,5,115da917-bf32-4e96-a2ae-b7818d0909ee,6,พรรครวมไทยสร้างชาติ,#FF6D00,0,0,0.0
cc0295f6-451a-4614-bef5-857ee325c79a,9,นายชมภู โสมกูล,30,นครราชสีมา,15,0c044088-618b-49af-a291-fb28ffe9e0f8,11,พรรคเศรษฐกิจ,#FFA000,0,0,0.0
cd7c85b5-486a-47d7-bd82-d438e0c387c1,9,นายธนกร ศรีโกตะเพ็ชร,32,สุรินทร์,6,339fa187-133c-4766-a6c2-36d1b32cda8f,23,พรรคปวงชนไทย,#827717,0,0,0.0
cdde989b-6893-44d7-a980-f780fdad16ea,9,ร้อยตรีพงศภัค จุลพันธ์,93,พัทลุง,3,0c044088-618b-49af-a291-fb28ffe9e0f8,11,พรรคเศรษฐกิจ,#FFA000,0,0,0.0
cf2e1d66-d97e-40ae-97f8-257168f5a4ad,9,นายปรีชา กาญจนบัตร,20,ชลบุรี,5,d7155f6d-736d-42c0-8bc0-00ee6e1970dc,27,พรรคประชาธิปัตย์,#0066B3,0,0,0.0
cf499cb7-f9b7-46b4-80aa-f30f16eb91db,9,นายชัยอนันต์ สิริเบญสานนท์,13,ปทุมธานี,2,a62aca08-91b7-4f3f-ba8f-cb9e884a3799,42,พรรคกล้าธรรม,#5D4037,0,0,0.0
d0b27443-6f5c-4a17-9add-d07d30ac967c,9,นายทวี ขาวผ่อง,46,กาฬสินธุ์,5,1116011c-1ef3-4cca-a186-c1b9f7984ede,46,พรรคประชาชน,#F57C00,0,0,0.0
d0c42c6c-cb60-416b-9b8f-ef4c1bf5179e,9,นายเอกธนัช เจริญรูป,13,ปทุมธานี,7,965b4b93-c01e-4a2b-a987-577f2b99ebb4,49,พรรคไทยก้าวใหม่,#1E88E5,0,0,0.0
d0fd640c-8294-4359-8ef4-4c1f82a5b977,9,นายเอกนิสิต ศรีแก้ว,57,เชียงราย,1,bd8d9f14-f757-41fb-8f37-d6128d9d012d,7,พรรคพลวัต,#EF6C00,0,0,0.0
d1684d3d-3572-4da5-b7ca-411039de9915,9,นางสาวญาตาวี เซ็นเชาวนิช,10,กรุงเทพมหานคร,25,bd8d9f14-f757-41fb-8f37-d6128d9d012d,7,พรรคพลวัต,#EF6C00,0,0,0.0
d3e772bf-b62b-49a6-af98-8f6ca14f131f,9,นายทวีจิตร พัฒน์ชนะ,19,สระบุรี,1,2d8a1c84-0bc8-4377-965d-c020a0097c27,9,พรรคเพื่อไทย,#E4002B,0,0,0.0
d46adb3e-f579-407e-8505-f1f400ec94af,9,นายจรยุทธ จตุรพรประสิทธิ์,10,กรุงเทพมหานคร,3,1116011c-1ef3-4cca-a186-c1b9f7984ede,46,พรรคประชาชน,#F57C00,0,0,0.0
d48c0052-9f73-4f83-9857-00d6b1b4ec65,9,นางสาวนำโชค งามสง่า,41,อุดรธานี,5,0c044088-618b-49af-a291-fb28ffe9e0f8,11,พรรคเศรษฐกิจ,#FFA000,0,0,0.0
d52e0ec6-32a4-4163-b092-b71218106c04,9,นายบุญญามี วงค์ศรีดา,47,สกลนคร,1,bdd306a2-80c7-4d7b-a7ff-8dc1ec9fcc76,10,พรรคทางเลือกใหม่,#00838F,0,0,0.0
d606c2ac-9435-4089-a763-9ce70cb10b13,9,นายสมจิตร ช่วยพันธ์,33,ศรีสะเกษ,3,0c044088-618b-49af-a291-fb28ffe9e0f8,11,พรรคเศรษฐกิจ,#FFA000,0,0,0.0
d76177f8-5f4b-4d4d-bc3f-75757328fb08,9,นางประเสริฐศรี ฮ้อแสงชัย,13,ปทุมธานี,4,03347cbc-6089-474c-a3f6-484ae981c9a6,43,พรรคพลังประชารัฐ,#1565C0,0,0,0.0
d77c370d-3fe3-4200-9d7c-25fb3bdfa668,9,นายตะวัน ตุ้มวอน,50,เชียงใหม่,2,0c044088-618b-49af-a291-fb28ffe9e0f8,11,พรรคเศรษฐกิจ,#FFA000,0,0,0.0
d7fcaddc-61cb-4892-b7b3-a0abee5aaa74,9,นางสาวอรทัย บัวศรี,57,เชียงราย,7,7ffe2115-72d1-4d71-9962-03ff61afc67c,31,พรรคประชากรไทย,#00695C,0,0,0.0
d84b9ee7-edfc-42c0-a001-80c665013009,9,นางสาวฌาญาณนันท์ สุริยา,50,เชียงใหม่,8,2ee17641-917b-4ea0-8c19-da383e03e915,44,พรรคโอกาสใหม่,#26C6DA,0,0,0.0
d9030b3b-45d4-4248-83a4-472446117560,9,นายธนบดี อินทวีโร,12,นนทบุรี,1,bcdcd19b-d619-47dd-8535-fafb6bc6f4d8,12,พรรคเสรีรวมไทย,#C62828,0,11,0.0
da7a8bdd-2f2d-4a2e-baef-6b2a73392f41,9,นายจีระศักดิ์ โอนสันเทียะ,30,นครราชสีมา,4,965b4b93-c01e-4a2b-a987-577f2b99ebb4,49,พรรคไทยก้าวใหม่,#1E88E5,0,0,0.0
daf86976-7b55-41a9-9d3a-a3c802e3be60,9,ร้อยตำรวจเอกวัฒนรักษ์ อำนรรฆสรเดช,10,กรุงเทพมหานคร,7,03347cbc-6089-474c-a3f6-484ae981c9a6,43,พรรคพลังประชารัฐ,#1565C0,0,0,0.0
dc06e81e-89d2-403a-a390-1ab3498bc417,9,สิบเอกธวัช จูอินทร์,71,กาญจนบุรี,1,339fa187-133c-4766-a6c2-36d1b32cda8f,23,พรรคปวงชนไทย,#827717,0,0,0.0
dcc2d4e5-af73-4c6b-9b5d-1d89fecefd04,9,นางธนวันต์ ทองคำ,31,บุรีรัมย์,8,7ffe2115-72d1-4d71-9962-03ff61afc67c,31,พรรคประชากรไทย,#00695C,0,0,0.0
dda857ad-3f21-4882-bf1f-bb6beb386ad9,9,พันโทธีร์วัฒน์ เตชะบุญ,55,น่าน,2,0c044088-618b-49af-a291-fb28ffe9e0f8,11,พรรคเศรษฐกิจ,#FFA000,0,0,0.0
de71cf5b-fc0e-4056-a62d-bbabaaeb6e31,9,นายกฤษณ์ สุริยผล,10,กรุงเทพมหานคร,33,a62aca08-91b7-4f3f-ba8f-cb9e884a3799,42,พรรคกล้าธรรม,#5D4037,0,0,0.0
df43b9a3-da02-4537-a927-37de5491ee1f,9,นายประกอบ อ่ำปลอด,90,สงขลา,2,115da917-bf32-4e96-a2ae-b7818d0909ee,6,พรรครวมไทยสร้างชาติ,#FF6D00,0,0,0.0
e2de183f-6648-4162-b57f-284a871ccb22,9,นายภักดี โพธิ์แก้ว,20,ชลบุรี,2,0c044088-618b-49af-a291-fb28ffe9e0f8,11,พรรคเศรษฐกิจ,#FFA000,0,0,0.0
e34dd48d-5f31-48df-a4ec-c2b3cc050ce7,9,นายธนกฤต การบูรณ์,50,เชียงใหม่,4,c126e4e4-be85-44e6-bf3e-f9331b9f91a9,24,พรรควิชชั่นใหม่,#7CB342,0,0,0.0
e8c7a7c8-1ec0-4fa0-b9a9-a4eadf06b8a1,9,นายอัศวิน นันทะแสง,41,อุดรธานี,4,bd8d9f14-f757-41fb-8f37-d6128d9d012d,7,พรรคพลวัต,#EF6C00,0,0,0.0
e9a654c5-fae3-4670-8fd0-65a657a1ca44,9,นายณัฐชโนดม แห่งวงศ์งาม,12,นนทบุรี,8,7ffe2115-72d1-4d71-9962-03ff61afc67c,31,พรรคประชากรไทย,#00695C,0,0,0.0
e9cb3584-8a93-4b32-9306-ae53e576a1d4,9,นางสาวนก รักพินิจ,31,บุรีรัมย์,5,0c044088-618b-49af-a291-fb28ffe9e0f8,11,พรรคเศรษฐกิจ,#FFA000,0,0,0.0
ea287954-df4b-4da6-a8f2-c2b96bfadcc7,9,นายเอนก สนามทอง,16,ลพบุรี,3,0c044088-618b-49af-a291-fb28ffe9e0f8,11,พรรคเศรษฐกิจ,#FFA000,0,0,0.0
ea2d5126-31b7-463c-bde0-74c0c925d768,9,นายชัยยงค์ ถียัง,41,อุดรธานี,2,d1964fe3-2dd0-43d5-a190-77fbfaf586b2,8,พรรคประชาธิปไตยใหม่,#1976D2,0,0,0.0
ed0abe75-b38f-464c-aa8c-852b660b7ea6,9,พันตำรวจเอกประเสริฐศักดิ์ ศรีไชย,33,ศรีสะเกษ,6,0c044088-618b-49af-a291-fb28ffe9e0f8,11,พรรคเศรษฐกิจ,#FFA000,0,0,0.0
ed715caf-87d6-41bd-90c6-6e19dc2fe7c2,9,นายชยานันท์ เกตุเมฆ,39,หนองบัวลำภู,1,a62aca08-91b7-4f3f-ba8f-cb9e884a3799,42,พรรคกล้าธรรม,#5D4037,0,0,0.0
f1840ea5-0ac9-4336-9710-6750eacc4c32,9,นางสาวพิมพ์พรรณ พึ่งบุญ,11,สมุทรปราการ,4,013c219e-e197-416d-84ea-00ba9c35465e,37,พรรคภูมิใจไทย,#3949AB,0,0,0.0
f1f444b1-d35a-40ca-a77e-7fe1768d10f9,9,นายกิตติศักดิ์ ชมจันทร์,48,นครพนม,3,d7155f6d-736d-42c0-8bc0-00ee6e1970dc,27,พรรคประชาธิปัตย์,#0066B3,0,0,0.0
f2db106b-0215-4413-9500-db260e2051c7,9,นางนุชนาถ จารุวงษ์เสถียร,33,ศรีสะเกษ,9,a62aca08-91b7-4f3f-ba8f-cb9e884a3799,42,พรรคกล้าธรรม,#5D4037,0,0,0.0
f5e803a4-8fa9-4c46-b378-5874aa4d4d50,9,นายศักดิ์สุบรรณ คันธา,50,เชียงใหม่,3,d7155f6d-736d-42c0-8bc0-00ee6e1970dc,27,พรรคประชาธิปัตย์,#0066B3,0,0,0.0
f784f564-8bae-4d75-a2f6-567c153deb42,9,นายศักดิ์สิทธิ์ สิงห์สุนีย์,40,ขอนแก่น,9,7ffe2115-72d1-4d71-9962-03ff61afc67c,31,พรรคประชากรไทย,#00695C,0,0,0.0
f992e650-ece8-4026-9bd8-7d3c42fd6ca9,9,นายพีรวุฒิ พิมพ์สมฤดี,10,กรุงเทพมหานคร,1,d7155f6d-736d-42c0-8bc0-00ee6e1970dc,27,พรรคประชาธิปัตย์,#0066B3,0,0,0.0
f9ccc007-c304-4db8-ba5b-39d7442a6e57,9,นายแสวง สีหามาตย์,31,บุรีรัมย์,9,115da917-bf32-4e96-a2ae-b7818d0909ee,6,พรรครวมไทยสร้างชาติ,#FF6D00,0,0,0.0
fa373afa-670a-43d7-9772-aefdade2063a,9,นายสัมพันธ์ ภูแป้ง,46,กาฬสินธุ์,3,d7155f6d-736d-42c0-8bc0-00ee6e1970dc,27,พรรคประชาธิปัตย์,#0066B3,0,0,0.0
fa75c2cf-ea6d-4d9d-8c8b-400e81c5edfd,9,นายอดุลย์ ศรีภูมิสวัสดิ์,22,จันทบุรี,3,54706125-9661-467d-a8af-78994d14b116,35,พรรครักชาติ,#B71C1C,0,0,0.0
faa103d1-beba-4e27-b8b8-44f17e097f91,9,นายสาโรช เบญจาสินสวัสดิ์,73,นครปฐม,3,3e7b1adf-ab5f-4206-ba04-6cff9bf02f9c,57,พรรคพลังไทยรักชาติ,#AD1457,0,0,0.0
fae126b6-a9bd-4ef1-88a7-1097ece19404,9,พันโทประยุทธ กุตตะนันท์,55,น่าน,1,bdd306a2-80c7-4d7b-a7ff-8dc1ec9fcc76,10,พรรคทางเลือกใหม่,#00838F,0,0,0.0
fae7dbec-7689-40c6-afda-7fef37779b65,9,นางสาวณัฐนันท์ พรมนิล,39,หนองบัวลำภู,2,0c044088-618b-49af-a291-fb28ffe9e0f8,11,พรรคเศรษฐกิจ,#FFA000,0,0,0.0
fcf94f56-bf36-4b22-b164-be5d261d1fe4,9,นายสาคร ปราบพาล,41,อุดรธานี,3,03347cbc-6089-474c-a3f6-484ae981c9a6,43,พรรคพลังประชารัฐ,#1565C0,0,0,0.0
001a0332-f053-4001-9102-976ca982429e,10,นางสาวแจ่มใจ ประสมสัตว์,34,อุบลราชธานี,8,bdd306a2-80c7-4d7b-a7ff-8dc1ec9fcc76,10,พรรคทางเลือกใหม่,#00838F,0,0,0.0
01ed0d3b-377f-4ad5-8346-71b3afaa5410,10,นายสามารถ คุ้มทรงธรรม,10,กรุงเทพมหานคร,27,965b4b93-c01e-4a2b-a987-577f2b99ebb4,49,พรรคไทยก้าวใหม่,#1E88E5,0,0,0.0
024001ce-e928-425c-8adf-099aa8370034,10,นายวีรวุธ รักเที่ยง,10,กรุงเทพมหานคร,17,1116011c-1ef3-4cca-a186-c1b9f7984ede,46,พรรคประชาชน,#F57C00,0,0,0.0
02b17442-3dcd-462a-879c-3e7a77a4cab9,10,นายวิละ อุดม,10,กรุงเทพมหานคร,32,bdd306a2-80c7-4d7b-a7ff-8dc1ec9fcc76,10,พรรคทางเลือกใหม่,#00838F,0,0,0.0
0664d0a2-4fc5-4e2b-80a1-f46287005344,10,นายธัชชัย คมขำ,34,อุบลราชธานี,2,965b4b93-c01e-4a2b-a987-577f2b99ebb4,49,พรรคไทยก้าวใหม่,#1E88E5,0,0,0.0
06ef2a2b-ab08-4d78-9b1a-fe7b608c6731,10,นายชัยยันต์ ผลสุวรรณ์,13,ปทุมธานี,5,013c219e-e197-416d-84ea-00ba9c35465e,37,พรรคภูมิใจไทย,#3949AB,0,0,0.0
08b9ef98-1311-4477-9e32-71eab915c4dc,10,นายบุญรุ่ง เต๋งจงดี,10,กรุงเทพมหานคร,25,2ee17641-917b-4ea0-8c19-da383e03e915,44,พรรคโอกาสใหม่,#26C6DA,0,0,0.0
0a61079e-fba8-4627-918b-86a884a08a6e,10,นายไสว เกื้ออนันต์,46,กาฬสินธุ์,1,7ffe2115-72d1-4d71-9962-03ff61afc67c,31,พรรคประชากรไทย,#00695C,0,0,0.0
0c04ce37-6d70-4626-816a-8c9b6ae4174d,10,นางสุภาพร ทองเจริญ,44,มหาสารคาม,5,bdd306a2-80c7-4d7b-a7ff-8dc1ec9fcc76,10,พรรคทางเลือกใหม่,#00838F,0,0,0.0
0f32df19-71ac-47c4-8e88-91247711681f,10,เรือโทขุนณรงค์ นวลแก้ว,30,นครราชสีมา,16,0c044088-618b-49af-a291-fb28ffe9e0f8,11,พรรคเศรษฐกิจ,#FFA000,0,0,0.0
10f54e69-ddf1-4805-9c5a-e2d627330338,10,พลโทสิทธิชัย คัตตะพันธ์,16,ลพบุรี,1,2ee17641-917b-4ea0-8c19-da383e03e915,44,พรรคโอกาสใหม่,#26C6DA,0,0,0.0
11cb3495-7319-406a-b34a-8e2da5f0d4e3,10,นางสุมาลี เครือผือ,32,สุรินทร์,4,115da917-bf32-4e96-a2ae-b7818d0909ee,6,พรรครวมไทยสร้างชาติ,#FF6D00,0,0,0.0
13dcf789-5e68-4957-99cb-415bf73e0df4,10,นายจำเนียร โฉมงาม,67,เพชรบูรณ์,2,0c044088-618b-49af-a291-fb28ffe9e0f8,11,พรรคเศรษฐกิจ,#FFA000,0,0,0.0
18285a73-37f4-4ebb-a984-c8c7b1394d9a,10,นายนครชัย โพธิ์ขาว,33,ศรีสะเกษ,3,7ffe2115-72d1-4d71-9962-03ff61afc67c,31,พรรคประชากรไทย,#00695C,0,0,0.0
1ba7357f-cb6f-48fb-a012-adad3c7727e7,10,นางสาวณอร จิรกรภิรมย์,10,กรุงเทพมหานคร,15,965b4b93-c01e-4a2b-a987-577f2b99ebb4,49,พรรคไทยก้าวใหม่,#1E88E5,0,0,0.0
1bddb293-1e71-4a64-8e13-8a3e5ff703de,10,นายพลวัฒน์ จันทะเอ,13,ปทุมธานี,6,bcdcd19b-d619-47dd-8535-fafb6bc6f4d8,12,พรรคเสรีรวมไทย,#C62828,0,0,0.0
1e9b29d5-3343-462a-aade-c508990601c5,10,นางสาวเปมิกา หงส์อาจ,11,สมุทรปราการ,3,f9cadd57-8256-49aa-9386-0da392b19fc2,29,พรรคไทยภักดี,#D32F2F,0,0,0.0
2494cc57-cbf6-458b-8f38-761eda0be291,10,นายบุญยงค์ สดสอาด,55,น่าน,1,0c044088-618b-49af-a291-fb28ffe9e0f8,11,พรรคเศรษฐกิจ,#FFA000,0,0,0.0
24e46ffd-49f1-4ddb-99b1-74bcf4ce34f9,10,นายวัลลภ แป้นทอง,74,สมุทรสาคร,4,aec0c4f2-be03-4a06-a205-b00971871173,1,พรรคไทยทรัพย์ทวี,#FFB300,0,0,0.0
2774778e-aedc-40de-8683-01ac53108720,10,นายปราโมทย์ พันธุเกตุ,12,นนทบุรี,2,115da917-bf32-4e96-a2ae-b7818d0909ee,6,พรรครวมไทยสร้างชาติ,#FF6D00,0,0,0.0
2d992b32-55e1-42ae-904b-5b4ced861266,10,นายชณทัต รินน์นพคุณ,10,กรุงเทพมหานคร,22,a62aca08-91b7-4f3f-ba8f-cb9e884a3799,42,พรรคกล้าธรรม,#5D4037,0,0,0.0
324dd5f6-b226-419f-b6f4-65e26fe4ccde,10,นายไชยอนันต์ ขวัญกิจไพศาล,20,ชลบุรี,5,f9cadd57-8256-49aa-9386-0da392b19fc2,29,พรรคไทยภักดี,#D32F2F,0,0,0.0
33d14b88-2906-4d97-816c-db4fa9d68c66,10,นายชุติ ปลื้มรุ่งเรือง,10,กรุงเทพมหานคร,2,54706125-9661-467d-a8af-78994d14b116,35,พรรครักชาติ,#B71C1C,0,0,0.0
33f70825-69a4-403a-8515-a46ebf13bd40,10,นางสุชามนต์ เครือเครา,36,ชัยภูมิ,7,aec0c4f2-be03-4a06-a205-b00971871173,1,พรรคไทยทรัพย์ทวี,#FFB300,0,0,0.0
34344e41-e279-457b-ab83-cf068d347f34,10,นางสาวอรชพร คงวุฒิปัญญา,10,กรุงเทพมหานคร,30,2d8a1c84-0bc8-4377-965d-c020a0097c27,9,พรรคเพื่อไทย,#E4002B,0,0,0.0
34982897-50eb-4208-ab28-3df9a37378a2,10,นายญาณพัฒน์ พันอ้น,50,เชียงใหม่,1,965b4b93-c01e-4a2b-a987-577f2b99ebb4,49,พรรคไทยก้าวใหม่,#1E88E5,0,9,0.0
39fe5032-70c0-4cda-bb7d-190be12199c1,10,นายกิติศักดิ์ พิมดา,44,มหาสารคาม,3,bdd306a2-80c7-4d7b-a7ff-8dc1ec9fcc76,10,พรรคทางเลือกใหม่,#00838F,0,0,0.0
3a27bf09-c664-4322-a29a-e9ad6983e964,10,นายอิทธิพล คงพสิษฐ์พร,12,นนทบุรี,3,03347cbc-6089-474c-a3f6-484ae981c9a6,43,พรรคพลังประชารัฐ,#1565C0,0,0,0.0
3ab3e176-1443-419a-b9e0-66b30688fe6f,10,นายนพดล กาญจนรักษ์,80,นครศรีธรรมราช,2,965b4b93-c01e-4a2b-a987-577f2b99ebb4,49,พรรคไทยก้าวใหม่,#1E88E5,0,0,0.0
3e6038f6-c1a6-475f-b65b-2adb5f5c7568,10,นายอุทัย อุทธาธรณ์,33,ศรีสะเกษ,4,03347cbc-6089-474c-a3f6-484ae981c9a6,43,พรรคพลังประชารัฐ,#1565C0,0,0,0.0
4370d27b-3f5d-47df-a92f-8ba15fb1b6d7,10,นางวรา เทพกิจ,41,อุดรธานี,4,d7155f6d-736d-42c0-8bc0-00ee6e1970dc,27,พรรคประชาธิปัตย์,#0066B3,0,0,0.0
4b039cc0-1219-44d0-a19e-9259128b9dee,10,นายกฤษฎา ศรีสุชาติ,41,อุดรธานี,7,0c044088-618b-49af-a291-fb28ffe9e0f8,11,พรรคเศรษฐกิจ,#FFA000,0,0,0.0
4d515949-092b-4bfd-bd64-43da6bbf1eba,10,พันเอกศรัณย์ แสนพรหม,50,เชียงใหม่,4,115da917-bf32-4e96-a2ae-b7818d0909ee,6,พรรครวมไทยสร้างชาติ,#FF6D00,0,0,0.0
4d9c477a-25bb-4647-a8ff-98cfcee00699,10,นายรัตนมงคล เลิศทวีวิทย์,10,กรุงเทพมหานคร,9,a62aca08-91b7-4f3f-ba8f-cb9e884a3799,42,พรรคกล้าธรรม,#5D4037,0,8,0.0
4e6ffe65-e883-437a-beab-7661a8d58119,10,นายทวีชัย พงศาทองโฉม,12,นนทบุรี,5,e89089ab-9e07-4933-ab7c-28f2e65bed81,20,พรรคฟิวชัน,#AB47BC,0,0,0.0
4f7b2133-dc59-4b9c-88b1-66c8fb213f20,10,นายอรรทิตย์ฌาณ คูหาเรืองรอง,10,กรุงเทพมหานคร,33,013c219e-e197-416d-84ea-00ba9c35465e,37,พรรคภูมิใจไทย,#3949AB,0,0,0.0
4fe89f00-dcc4-49fe-a664-fb1b3d2f7f05,10,นายปรีชาชัย พิพรรธน์ธนาดุล,10,กรุงเทพมหานคร,14,115da917-bf32-4e96-a2ae-b7818d0909ee,6,พรรครวมไทยสร้างชาติ,#FF6D00,0,0,0.0
537ed10e-5b45-4f7b-b2ee-c6f6d0b9907a,10,นายนาวา ชิดชอบ,32,สุรินทร์,2,339fa187-133c-4766-a6c2-36d1b32cda8f,23,พรรคปวงชนไทย,#827717,0,0,0.0
54ed14f2-55e4-4ff3-b66d-134244f72974,10,นายศักดิ์ชัย ราชาวงค์,45,ร้อยเอ็ด,8,bcdcd19b-d619-47dd-8535-fafb6bc6f4d8,12,พรรคเสรีรวมไทย,#C62828,0,0,0.0
55e871b3-4d6a-493c-ac1f-5bf12abff42c,10,นายสมบัติ ใจแจ่ม,51,ลำพูน,1,c126e4e4-be85-44e6-bf3e-f9331b9f91a9,24,พรรควิชชั่นใหม่,#7CB342,0,0,0.0
55ecabb4-cb64-4dfd-94a9-fede2ff3c517,10,นางดารุณี วงศ์คำพระ,41,อุดรธานี,5,7255d2d0-1f49-4fd8-adad-7acfea2d5126,56,พรรคเพื่อบ้านเมือง,#1565C0,0,0,0.0
5c455f70-6cab-4ac5-a2bf-e921b9669d20,10,นางจินตนา ไชยชมภู,50,เชียงใหม่,5,30f1cea0-4fc2-4fcf-86f0-96000cf188b5,22,พรรคก้าวอิสระ,#7B1FA2,0,0,0.0
604f9a7a-1690-4711-9ade-b1bed752137a,10,นายอรุณ โปธิตา,50,เชียงใหม่,3,bd8d9f14-f757-41fb-8f37-d6128d9d012d,7,พรรคพลวัต,#EF6C00,0,0,0.0
63fe7db0-dbe0-4af4-95b7-3f2ca8f71681,10,นายโชติพิพัฒน์ เตชะโสภณมณี,10,กรุงเทพมหานคร,26,013c219e-e197-416d-84ea-00ba9c35465e,37,พรรคภูมิใจไทย,#3949AB,0,0,0.0
64e10a37-f387-4e37-8fbe-c1d56b33fce0,10,นางสาวณัฐปัณฑ์ ดาวเรือง,12,นนทบุรี,4,115da917-bf32-4e96-a2ae-b7818d0909ee,6,พรรครวมไทยสร้างชาติ,#FF6D00,0,0,0.0
6988c098-e27e-4b0e-b13b-ade1b5405a43,10,นายสัมฤทธิ์ คำรังษี,55,น่าน,3,115da917-bf32-4e96-a2ae-b7818d0909ee,6,พรรครวมไทยสร้างชาติ,#FF6D00,0,0,0.0
69c0faec-0ba4-4888-9bc2-69f34e1e2910,10,นายโสภา พลดงนอก,30,นครราชสีมา,4,0c044088-618b-49af-a291-fb28ffe9e0f8,11,พรรคเศรษฐกิจ,#FFA000,0,0,0.0
69f4f61e-2487-49a3-af54-c0bb5dafdd12,10,นายณัชธพงศ์ ชมเชย,73,นครปฐม,6,7255d2d0-1f49-4fd8-adad-7acfea2d5126,56,พรรคเพื่อบ้านเมือง,#1565C0,0,0,0.0
6a09a076-13ef-438b-b7c8-4b025bc8817f,10,นายกิติศักดิ์ จำปา,48,นครพนม,2,bdd306a2-80c7-4d7b-a7ff-8dc1ec9fcc76,10,พรรคทางเลือกใหม่,#00838F,0,0,0.0
713d8567-4ed0-4a00-8082-4288ca4559a3,10,นางสาวดวงกมล อดุลย์เศรณี,10,กรุงเทพมหานคร,3,bd8d9f14-f757-41fb-8f37-d6128d9d012d,7,พรรคพลวัต,#EF6C00,0,0,0.0
74afe948-83b8-44ae-a91b-98c10d8de1df,10,นายไชยสนิท พานาดา,47,สกลนคร,1,7255d2d0-1f49-4fd8-adad-7acfea2d5126,56,พรรคเพื่อบ้านเมือง,#1565C0,0,0,0.0
75e9aeff-b3e6-4113-876b-6f9f81e19fbf,10,พ.ต.อ.ดร.วิชัย วิชยานฤพล,90,สงขลา,2,965b4b93-c01e-4a2b-a987-577f2b99ebb4,49,พรรคไทยก้าวใหม่,#1E88E5,0,0,0.0
7851493e-4688-43dd-855a-b0eb80bb3c7a,10,นางสาวขวัญชนก เจริญธนาธิป,33,ศรีสะเกษ,2,965b4b93-c01e-4a2b-a987-577f2b99ebb4,49,พรรคไทยก้าวใหม่,#1E88E5,0,0,0.0
785824b6-2046-4fc4-94bb-0a9f82a80383,10,นายชูถิ่น จำเริญเจือ,46,กาฬสินธุ์,4,7ffe2115-72d1-4d71-9962-03ff61afc67c,31,พรรคประชากรไทย,#00695C,0,0,0.0
7bcc14ce-02a9-4366-9277-7b6076be48b6,10,นางเยาวลักษณ์ คำศรี,41,อุดรธานี,2,7ffe2115-72d1-4d71-9962-03ff61afc67c,31,พรรคประชากรไทย,#00695C,0,0,0.0
7eac1d25-e97c-4bda-913f-c59c87d38efb,10,นายสุระ แก้วอนันต์,31,บุรีรัมย์,8,d1964fe3-2dd0-43d5-a190-77fbfaf586b2,8,พรรคประชาธิปไตยใหม่,#1976D2,0,0,0.0
8096cc01-d940-4e47-8603-9557b53f8e6a,10,นายมงคล ไตรพาน,20,ชลบุรี,7,b376f463-00b4-4a94-886c-fdbc533100e9,19,พรรคสังคมประชาธิปไตยไทย,#E53935,0,0,0.0
80fe38a8-8a15-4491-8902-43c206960bd0,10,นางสุภาวดี บางใหญ่,10,กรุงเทพมหานคร,21,115da917-bf32-4e96-a2ae-b7818d0909ee,6,พรรครวมไทยสร้างชาติ,#FF6D00,0,0,0.0
82e0d4f8-6dc0-4267-b309-bd825062c8f8,10,นายอภิชิต เสมศรี,11,สมุทรปราการ,4,bdd306a2-80c7-4d7b-a7ff-8dc1ec9fcc76,10,พรรคทางเลือกใหม่,#00838F,0,0,0.0
82ee3083-9083-40ce-96bd-d01e4384a573,10,นายอนันท์ อาบสุวรรณ,30,นครราชสีมา,1,115da917-bf32-4e96-a2ae-b7818d0909ee,6,พรรครวมไทยสร้างชาติ,#FF6D00,0,0,0.0
86a5a588-9571-48e5-95cd-4a87fd5f8852,10,นายปิยชัย โชติมาวณิช,36,ชัยภูมิ,5,0c044088-618b-49af-a291-fb28ffe9e0f8,11,พรรคเศรษฐกิจ,#FFA000,0,0,0.0
87f3b7c3-576d-4600-bfa1-17380067ff0c,10,นางสาวพิมพ์กาญจน์ กีรติวิราปกรณ์,10,กรุงเทพมหานคร,16,1116011c-1ef3-4cca-a186-c1b9f7984ede,46,พรรคประชาชน,#F57C00,0,0,0.0
885516e4-c0b8-4d0b-a8e8-6ceec5dedbc7,10,นายวีรยุทธ ประกอบการ,10,กรุงเทพมหานคร,1,339fa187-133c-4766-a6c2-36d1b32cda8f,23,พรรคปวงชนไทย,#827717,0,0,0.0
895dafb5-ff38-4749-ab22-8e133276da7b,10,นายบุญเรือง เขื่อนตีนกง,39,หนองบัวลำภู,1,965b4b93-c01e-4a2b-a987-577f2b99ebb4,49,พรรคไทยก้าวใหม่,#1E88E5,0,0,0.0
89b217cb-244f-4519-91ae-3c280a1675e7,10,นายรณรงค์ ชารีคง,44,มหาสารคาม,1,d1964fe3-2dd0-43d5-a190-77fbfaf586b2,8,พรรคประชาธิปไตยใหม่,#1976D2,0,0,0.0
8c6e7db5-6b93-4a7d-ab7f-06d5b9bb3695,10,นางสาววรัญญา เพียรสดับ,46,กาฬสินธุ์,6,7255d2d0-1f49-4fd8-adad-7acfea2d5126,56,พรรคเพื่อบ้านเมือง,#1565C0,0,0,0.0
8c838a1b-ca36-43ea-8c05-10f8984770c9,10,นางสาวสุภาภรณ์ ไชยโคตร,10,กรุงเทพมหานคร,24,cb1b6cf2-41fa-49b1-a060-01acf13edc81,48,พรรคไทยสร้างไทย,#00ACC1,0,0,0.0
91cd8675-e6a3-4492-900a-4c2c0ffe5471,10,นายพงศพัศ กันทา,50,เชียงใหม่,8,7ffe2115-72d1-4d71-9962-03ff61afc67c,31,พรรคประชากรไทย,#00695C,0,0,0.0
92d9ade5-1b20-49e4-b20a-72c7741b363c,10,นายนฤชิต จารุรัชกุล,33,ศรีสะเกษ,9,2d8a1c84-0bc8-4377-965d-c020a0097c27,9,พรรคเพื่อไทย,#E4002B,0,0,0.0
93b26c20-7471-402e-8e9a-dee624137edc,10,นายกชพล จิตต์มั่นการ,10,กรุงเทพมหานคร,6,bd8d9f14-f757-41fb-8f37-d6128d9d012d,7,พรรคพลวัต,#EF6C00,0,0,0.0
95c7bd61-332d-4bfe-ac20-43cd64d22115,10,นายธวัชชัย ทรงพัฒนาศิลป์,11,สมุทรปราการ,5,d7155f6d-736d-42c0-8bc0-00ee6e1970dc,27,พรรคประชาธิปัตย์,#0066B3,0,0,0.0
9d109034-2c5e-4893-bb7e-7134d7982f03,10,นายฐิติ วิรทัศนุสรณ์,10,กรุงเทพมหานคร,23,c126e4e4-be85-44e6-bf3e-f9331b9f91a9,24,พรรควิชชั่นใหม่,#7CB342,0,0,0.0
9fd27dd9-e502-439b-8eea-d626b9bd96cf,10,นายนันทิน พานิชกุล,12,นนทบุรี,1,d7155f6d-736d-42c0-8bc0-00ee6e1970dc,27,พรรคประชาธิปัตย์,#0066B3,0,9,0.0
a52298f7-fce4-4bee-864d-b9a90a2dce6f,10,นายนรเศรษฐ์ ศรีเงิน,40,ขอนแก่น,1,7ffe2115-72d1-4d71-9962-03ff61afc67c,31,พรรคประชากรไทย,#00695C,0,0,0.0
a578c432-5a0c-4af4-bafc-11d9b226f6dc,10,นายปิยะพล เหมันต์,10,กรุงเทพมหานคร,20,a62aca08-91b7-4f3f-ba8f-cb9e884a3799,42,พรรคกล้าธรรม,#5D4037,0,0,0.0
a954a634-4e5a-407f-adba-5a6d6dabc325,10,นายศักดิ์ชัย คำขวา,40,ขอนแก่น,5,bdd306a2-80c7-4d7b-a7ff-8dc1ec9fcc76,10,พรรคทางเลือกใหม่,#00838F,0,0,0.0
aa04b169-ce16-4b9f-a5e4-edc188a881d9,10,นายณัฐวิน โฉมศรี,51,ลำพูน,2,c126e4e4-be85-44e6-bf3e-f9331b9f91a9,24,พรรควิชชั่นใหม่,#7CB342,0,0,0.0
af3ebe58-e5de-4b41-b70d-936d0613f635,10,นางคำพันธ์ เม็นไธสงค์,46,กาฬสินธุ์,3,d1964fe3-2dd0-43d5-a190-77fbfaf586b2,8,พรรคประชาธิปไตยใหม่,#1976D2,0,0,0.0
b286288a-8a81-4033-a59d-49402ee556dc,10,นาวาอากาศเอก (พิเศษ)นที คชทิน,10,กรุงเทพมหานคร,11,bd8d9f14-f757-41fb-8f37-d6128d9d012d,7,พรรคพลวัต,#EF6C00,0,0,0.0
b3404cc8-db97-46ea-a33d-7e4e67b67d90,10,นายทนงศักดิ์ ปิ่นถาวร,11,สมุทรปราการ,8,d7155f6d-736d-42c0-8bc0-00ee6e1970dc,27,พรรคประชาธิปัตย์,#0066B3,0,0,0.0
b347650c-8307-45e5-a63f-9708a48cdec2,10,นางสาวสุธาพร บำรุงยา,20,ชลบุรี,8,cb1b6cf2-41fa-49b1-a060-01acf13edc81,48,พรรคไทยสร้างไทย,#00ACC1,0,0,0.0
b4313207-33e9-4e85-b739-dd27a31df1c6,10,ว่าที่ร้อยตรีหญิงภัทราวดี นาคงาม,10,กรุงเทพมหานคร,10,bd8d9f14-f757-41fb-8f37-d6128d9d012d,7,พรรคพลวัต,#EF6C00,0,0,0.0
b7eb4a65-e446-472e-81d7-587cd92622de,10,นายพุฒิพัฒน์ ธีรสกุลสิทธิ์,10,กรุงเทพมหานคร,12,339fa187-133c-4766-a6c2-36d1b32cda8f,23,พรรคปวงชนไทย,#827717,0,0,0.0
bb7cbf9e-f6bf-4fae-896f-fcf7da8d8a71,10,นางสาวสุกัญญา ชาลีวงษ์,48,นครพนม,1,115da917-bf32-4e96-a2ae-b7818d0909ee,6,พรรครวมไทยสร้างชาติ,#FF6D00,0,0,0.0
bb7f52d2-1c31-4186-b347-ce3520654257,10,นายเรวัตร คงชาติ,10,กรุงเทพมหานคร,7,965b4b93-c01e-4a2b-a987-577f2b99ebb4,49,พรรคไทยก้าวใหม่,#1E88E5,0,0,0.0
bf6d3d34-f647-41bb-ad1a-34ca9b0bf2a8,10,นายปริวรรต ศรีอัศวิน,30,นครราชสีมา,2,54706125-9661-467d-a8af-78994d14b116,35,พรรครักชาติ,#B71C1C,0,0,0.0
c0a888e7-53a9-4828-88d6-f11144f94036,10,นายชัยชนะ กิ่งหว้ากลาง,31,บุรีรัมย์,6,0c044088-618b-49af-a291-fb28ffe9e0f8,11,พรรคเศรษฐกิจ,#FFA000,0,0,0.0
c0fa043e-1262-44c2-8245-68a30837abda,10,นายเกียรติศักดิ์ วรรณพาด,45,ร้อยเอ็ด,4,bd8d9f14-f757-41fb-8f37-d6128d9d012d,7,พรรคพลวัต,#EF6C00,0,0,0.0
c3b755c2-a57a-46c6-9bbf-133a287c3fd5,10,นายประเสริฐ คเณสุข,50,เชียงใหม่,2,c126e4e4-be85-44e6-bf3e-f9331b9f91a9,24,พรรควิชชั่นใหม่,#7CB342,0,0,0.0
c3f45d50-5a84-4bd2-abae-f24a496471ed,10,นายถวิล รัตตะมณี,10,กรุงเทพมหานคร,5,2ee17641-917b-4ea0-8c19-da383e03e915,44,พรรคโอกาสใหม่,#26C6DA,0,0,0.0
c5849be5-ca5f-4032-a0d4-aa2ad6ce609e,10,นายสุนทร ปัญญาสิทธิ์,38,บึงกาฬ,2,d1964fe3-2dd0-43d5-a190-77fbfaf586b2,8,พรรคประชาธิปไตยใหม่,#1976D2,0,0,0.0
c597204b-1261-46de-8300-4fbe77e2e7ea,10,นายธัชกฤช หอละเอียด,71,กาญจนบุรี,1,bce2afcf-33ee-486e-a735-e6db4d3b930f,16,พรรคพลังเพื่อไทย,#B71C1C,0,0,0.0
c79af5fe-7560-4f90-beec-76a982fc8b8d,10,นายชนาวีร์ ชีววัฒนรัตน์,11,สมุทรปราการ,6,115da917-bf32-4e96-a2ae-b7818d0909ee,6,พรรครวมไทยสร้างชาติ,#FF6D00,0,0,0.0
c8862d1e-d983-417c-a235-70cbdfc840a9,10,นางสาวสุธาพร จีนสุข,12,นนทบุรี,8,bdd306a2-80c7-4d7b-a7ff-8dc1ec9fcc76,10,พรรคทางเลือกใหม่,#00838F,0,0,0.0
caf3b2ee-7cb4-4517-b2fb-5ccab55cdef3,10,นายประเคน โอดพิมพ์,40,ขอนแก่น,4,bdd306a2-80c7-4d7b-a7ff-8dc1ec9fcc76,10,พรรคทางเลือกใหม่,#00838F,0,0,0.0
d07c4bbc-9856-4e71-99c6-ae54877035ae,10,นายชัยทัศน์ อัดโดดดร,46,กาฬสินธุ์,2,03347cbc-6089-474c-a3f6-484ae981c9a6,43,พรรคพลังประชารัฐ,#1565C0,0,0,0.0
d136788a-a629-4324-8e99-113781fc1196,10,นายสมพร โชคชัยชาญวุฒิ,20,ชลบุรี,6,f95e95f3-572e-4c2f-8327-d51e9815a598,26,พรรคคลองไทย,#0277BD,0,0,0.0
d1602b2b-f96f-4e15-ac8f-8fb7000e5e08,10,นายชินกร ขวัญเมือง,49,มุกดาหาร,1,0c044088-618b-49af-a291-fb28ffe9e0f8,11,พรรคเศรษฐกิจ,#FFA000,0,0,0.0
d18a38a7-77eb-4552-910d-4c46640e1107,10,นายทนงศักดิ์ ศรีทองจันทร์,57,เชียงราย,7,0c044088-618b-49af-a291-fb28ffe9e0f8,11,พรรคเศรษฐกิจ,#FFA000,0,0,0.0
d225ed07-df40-490b-a494-4f19ac39f9f2,10,ร้อยตำรวจเอกเธียรสิน จิตพงค์ศรี,11,สมุทรปราการ,2,0c044088-618b-49af-a291-fb28ffe9e0f8,11,พรรคเศรษฐกิจ,#FFA000,0,0,0.0
d38cf19c-1e13-4427-9714-c2c02d260247,10,นางวาสนา ดอกเข็ม,39,หนองบัวลำภู,2,d1964fe3-2dd0-43d5-a190-77fbfaf586b2,8,พรรคประชาธิปไตยใหม่,#1976D2,0,0,0.0
d3ce9045-8603-4af2-bf4c-dc7e9ae0a2ac,10,นายทวีคิด อุปกา,46,กาฬสินธุ์,5,d1964fe3-2dd0-43d5-a190-77fbfaf586b2,8,พรรคประชาธิปไตยใหม่,#1976D2,0,0,0.0
d77f12fd-ad5a-449a-80de-d9735a7b9757,10,นายวันชัย ลือมงคล,36,ชัยภูมิ,1,0c044088-618b-49af-a291-fb28ffe9e0f8,11,พรรคเศรษฐกิจ,#FFA000,0,0,0.0
dc10e97d-69fe-4d21-ac80-e82ef471b9ac,10,นางสาวนัฐธันยพร ภวิตรารัตนศิริ,67,เพชรบูรณ์,4,339fa187-133c-4766-a6c2-36d1b32cda8f,23,พรรคปวงชนไทย,#827717,0,0,0.0
dce75dad-734a-4bea-b97a-4d38f3665c4e,10,นายบุญเกียรติ วิศาลโกศล,10,กรุงเทพมหานคร,4,0c044088-618b-49af-a291-fb28ffe9e0f8,11,พรรคเศรษฐกิจ,#FFA000,0,13,0.0
e052bbe9-8c7d-45c4-ba9e-ca4f864bd944,10,นายธีรัจชัย พันธุมาศ,10,กรุงเทพมหานคร,18,1116011c-1ef3-4cca-a186-c1b9f7984ede,46,พรรคประชาชน,#F57C00,0,0,0.0
e21a8329-0740-4602-9c57-52c7f719f4b7,10,นางสาวจินตนา กลั่นแก้ว,32,สุรินทร์,5,f37e9d3e-7bd9-4c83-a960-a6a05547c5b4,34,พรรคสร้างอนาคตไทย,#00897B,0,0,0.0
e46f3de9-80e8-4a12-b5da-ae897e288ead,10,นายนิยม ทรัพย์สิรินาวิน,10,กรุงเทพมหานคร,19,0c044088-618b-49af-a291-fb28ffe9e0f8,11,พรรคเศรษฐกิจ,#FFA000,0,12,0.0
e549d830-e431-4b38-beb4-4030671dc21b,10,นายภานุวัฒน์ ผาสุข,20,ชลบุรี,10,0c044088-618b-49af-a291-fb28ffe9e0f8,11,พรรคเศรษฐกิจ,#FFA000,0,0,0.0
ea9ab896-2958-4eca-ab4d-e34573456dc1,10,นายนพดล สุวรรณชมภู,41,อุดรธานี,8,115da917-bf32-4e96-a2ae-b7818d0909ee,6,พรรครวมไทยสร้างชาติ,#FF6D00,0,0,0.0
eb8c3b81-1ba4-4880-9e6a-6f1e054cc7c2,10,นางสาวณัฐพร ฝาระมี,48,นครพนม,4,03347cbc-6089-474c-a3f6-484ae981c9a6,43,พรรคพลังประชารัฐ,#1565C0,0,0,0.0
f11e0f0f-105c-4e42-bc10-504efda34ae5,10,นายพร้อมพล ธรรมจินดา,10,กรุงเทพมหานคร,28,d7155f6d-736d-42c0-8bc0-00ee6e1970dc,27,พรรคประชาธิปัตย์,#0066B3,0,0,0.0
f28f41a0-5777-4e25-8241-07297116bc24,10,นายอำนาจธรรม ฮามคำไพ,44,มหาสารคาม,2,0c044088-618b-49af-a291-fb28ffe9e0f8,11,พรรคเศรษฐกิจ,#FFA000,0,0,0.0
f6bb904d-22ae-4f36-a3c3-179d54ca1c2a,10,นายณัฏฐ์ โอ้จินดา,30,นครราชสีมา,6,965b4b93-c01e-4a2b-a987-577f2b99ebb4,49,พรรคไทยก้าวใหม่,#1E88E5,0,0,0.0
fb0826d6-ed9b-4345-b464-e29d393a7aa5,10,นางสาวสุวีรา เติมรุ่งเรืองเลิศ,10,กรุงเทพมหานคร,8,54706125-9661-467d-a8af-78994d14b116,35,พรรครักชาติ,#B71C1C,0,16,0.0
fb08886a-067d-48a7-a464-8cde783d3926,10,นายเตชสิทธิ์ ดนตรีรักษ์,10,กรุงเทพมหานคร,13,a62aca08-91b7-4f3f-ba8f-cb9e884a3799,42,พรรคกล้าธรรม,#5D4037,0,16,0.0
fbcae264-a6af-4d99-ab24-22fe90f16f34,10,พันตำรวจโทหญิงรักตาภา วงษ์ยอด,10,กรุงเทพมหานคร,31,a62aca08-91b7-4f3f-ba8f-cb9e884a3799,42,พรรคกล้าธรรม,#5D4037,0,0,0.0
fd25de0d-5228-404c-b879-146648ea8cf9,10,นายธนิสสร กาสาวพานิชย์,10,กรุงเทพมหานคร,29,54706125-9661-467d-a8af-78994d14b116,35,พรรครักชาติ,#B71C1C,0,0,0.0
00557590-4d5e-4db9-a4f9-228311bfe851,11,นายเกรียงศักดิ์ ศรีวงษ์ราช,67,เพชรบูรณ์,4,03347cbc-6089-474c-a3f6-484ae981c9a6,43,พรรคพลังประชารัฐ,#1565C0,0,0,0.0
069c0068-033a-4c66-84a3-0fcc875115b6,11,นางดุษฎี เจริญสุข,12,นนทบุรี,4,bec5b9e5-11e6-4962-9188-94040fcf3bd1,53,พรรคไทยพิทักษ์ธรรม,#5E35B1,0,0,0.0
06bd2770-a791-4b21-9a17-2aed40a19967,11,นายเจษฎา เลิศธนสาร,10,กรุงเทพมหานคร,2,d7155f6d-736d-42c0-8bc0-00ee6e1970dc,27,พรรคประชาธิปัตย์,#0066B3,0,0,0.0
08bc0546-45b0-4505-8961-78b0a71ddac0,11,นายวรพรต สมบัติมล,46,กาฬสินธุ์,5,bdd306a2-80c7-4d7b-a7ff-8dc1ec9fcc76,10,พรรคทางเลือกใหม่,#00838F,0,0,0.0
0b9ec867-cb44-492d-a614-3c3af8b36f24,11,พันโทพีรพงศ์ บัวเทศ,10,กรุงเทพมหานคร,9,c10044e9-2d3c-4481-b323-a9aef1851236,13,พรรครวมพลังประชาชน,#00ACC1,0,3,0.0
0fdbfa06-32e7-4caa-9f35-856d1002604f,11,นายบัญชา บัณฑิตเสน,44,มหาสารคาม,2,54c9efd2-2cd9-487a-91f7-1251aae30c2d,36,พรรคไทยพร้อม,#0097A7,0,0,0.0
10a994b0-b97b-4df0-b983-6c6ef46e3e84,11,นายภาณุวิชญ์ สายหมอก,50,เชียงใหม่,2,965b4b93-c01e-4a2b-a987-577f2b99ebb4,49,พรรคไทยก้าวใหม่,#1E88E5,0,0,0.0
123ed16b-0b68-4142-92cd-1b3ba29500da,11,ร้อยตำรวจตรีเสน่ห์ ชัยทร,10,กรุงเทพมหานคร,7,e89089ab-9e07-4933-ab7c-28f2e65bed81,20,พรรคฟิวชัน,#AB47BC,0,0,0.0
16b2eb51-b5bc-421c-8d54-9d847fc393be,11,นายศุภวัฒน์ กุลสังคหะ,12,นนทบุรี,3,bcdcd19b-d619-47dd-8535-fafb6bc6f4d8,12,พรรคเสรีรวมไทย,#C62828,0,0,0.0
17a01a79-954d-4bb3-84ef-edcd951141fc,11,นางสาวณัฐกัญญ์ภา อภิญญ์มณีณัฐ,10,กรุงเทพมหานคร,18,cb1b6cf2-41fa-49b1-a060-01acf13edc81,48,พรรคไทยสร้างไทย,#00ACC1,0,0,0.0
1944e9f6-110f-43fb-b0b9-87bf676128ff,11,นางอรุณณี งามจิตสุวรรณ,36,ชัยภูมิ,7,0c044088-618b-49af-a291-fb28ffe9e0f8,11,พรรคเศรษฐกิจ,#FFA000,0,0,0.0
1b3906c8-bff6-4b1c-b86f-64b8f1f28f1b,11,นางสาวธีรัตม์ ด้วยโชติ,46,กาฬสินธุ์,4,d1964fe3-2dd0-43d5-a190-77fbfaf586b2,8,พรรคประชาธิปไตยใหม่,#1976D2,0,0,0.0
1edb8a64-8020-4bc2-a8b6-2a6f76cfa6c5,11,นางสาวธีรรัตน์ สำเร็จวาณิชย์,10,กรุงเทพมหานคร,20,2d8a1c84-0bc8-4377-965d-c020a0097c27,9,พรรคเพื่อไทย,#E4002B,0,0,0.0
22fdc2c2-e157-4085-8160-e24f62e093b1,11,นายทรงวุฒิ จันทร์อำนวยโชค,10,กรุงเทพมหานคร,24,965b4b93-c01e-4a2b-a987-577f2b99ebb4,49,พรรคไทยก้าวใหม่,#1E88E5,0,0,0.0
23b50097-85fc-4dca-b9dd-9adba294789e,11,นายวิชิต วราศิริกุล,10,กรุงเทพมหานคร,25,fc22ff6d-da02-4cb6-86a7-b768c78bc19a,15,พรรคอนาคตไทย,#FF7043,0,0,0.0
2badb709-e53e-4883-bc51-a1b091d83b76,11,นายศิริศักดิ์ อัตดาวีย์,10,กรุงเทพมหานคร,17,03347cbc-6089-474c-a3f6-484ae981c9a6,43,พรรคพลังประชารัฐ,#1565C0,0,0,0.0
2bf6199b-5cb7-4bc8-a036-09a1c5d2e964,11,นายกฤษฎ์ เครือเจริญพร,10,กรุงเทพมหานคร,13,115da917-bf32-4e96-a2ae-b7818d0909ee,6,พรรครวมไทยสร้างชาติ,#FF6D00,0,6,0.0
2dbe0e31-ddf9-47a0-a945-f1755127fc86,11,นายมานิตย์ พรหมการีย์กุล,11,สมุทรปราการ,2,339fa187-133c-4766-a6c2-36d1b32cda8f,23,พรรคปวงชนไทย,#827717,0,0,0.0
3177e6c6-40d8-4905-afdf-27f5c6051a22,11,นายรวินท์ ชอบใช้,10,กรุงเทพมหานคร,28,2ee17641-917b-4ea0-8c19-da383e03e915,44,พรรคโอกาสใหม่,#26C6DA,0,0,0.0
31fb6650-f4cb-442c-aa40-7bcdb7a47f02,11,นายสรยุทธ ลิขิตอาภากุล,10,กรุงเทพมหานคร,4,54706125-9661-467d-a8af-78994d14b116,35,พรรครักชาติ,#B71C1C,0,2,0.0
32a02ca8-c2e8-4ccf-9005-9bffc827ccec,11,นายละออง วงค์ดวงตา,41,อุดรธานี,4,7255d2d0-1f49-4fd8-adad-7acfea2d5126,56,พรรคเพื่อบ้านเมือง,#1565C0,0,0,0.0
36401578-e190-49ad-8404-f0005ab61726,11,นายมานิตย์ ทองประชาญ,10,กรุงเทพมหานคร,5,0c044088-618b-49af-a291-fb28ffe9e0f8,11,พรรคเศรษฐกิจ,#FFA000,0,0,0.0
414edb71-85b8-4d9c-9744-4baa9b62feb7,11,นายเท่าพิภพ ลิ้มจิตรกร,10,กรุงเทพมหานคร,33,1116011c-1ef3-4cca-a186-c1b9f7984ede,46,พรรคประชาชน,#F57C00,0,0,0.0
4a21f0d8-14ff-4047-bcbf-cb197507de5b,11,นายวิชยุตม์ รอดศิลป์,12,นนทบุรี,1,e89089ab-9e07-4933-ab7c-28f2e65bed81,20,พรรคฟิวชัน,#AB47BC,0,5,0.0
522e09ff-647a-49f3-b54b-33af51052f97,11,นางสุวารี ยืนยง,32,สุรินทร์,4,339fa187-133c-4766-a6c2-36d1b32cda8f,23,พรรคปวงชนไทย,#827717,0,0,0.0
52b1316c-3394-4b6c-8517-932737139538,11,นางสาวอรพินทร์ เพชรทัต,10,กรุงเทพมหานคร,6,2ee17641-917b-4ea0-8c19-da383e03e915,44,พรรคโอกาสใหม่,#26C6DA,0,0,0.0
5436c13d-9b16-42b0-8d59-c8a6cfe1e2ed,11,นายวุฒิพงษ์ ราชโยธา,39,หนองบัวลำภู,2,965b4b93-c01e-4a2b-a987-577f2b99ebb4,49,พรรคไทยก้าวใหม่,#1E88E5,0,0,0.0
553823f0-8093-4f87-a816-edc41d3447c6,11,นายทองคำ บุญประทุม,39,หนองบัวลำภู,1,d1964fe3-2dd0-43d5-a190-77fbfaf586b2,8,พรรคประชาธิปไตยใหม่,#1976D2,0,0,0.0
58ade5e8-a4b0-4b4f-a321-71838b9131ed,11,พลตรีสุชิน บุญญานันต์,10,กรุงเทพมหานคร,26,0c044088-618b-49af-a291-fb28ffe9e0f8,11,พรรคเศรษฐกิจ,#FFA000,0,0,0.0
5e5767f9-1f04-4709-988d-0515f9f2415c,11,นายวิษณุ วราโชติเศรษฐ์,10,กรุงเทพมหานคร,8,0c044088-618b-49af-a291-fb28ffe9e0f8,11,พรรคเศรษฐกิจ,#FFA000,0,10,0.0
64131825-6a78-4601-92b1-3c61f5bfd51f,11,นายกิตติ รัตนแสง,44,มหาสารคาม,5,d1964fe3-2dd0-43d5-a190-77fbfaf586b2,8,พรรคประชาธิปไตยใหม่,#1976D2,0,0,0.0
6b1921dc-bd18-4daa-92b1-960b858b29bf,11,พลตรีเกียรติคุณ ขำศิริ,10,กรุงเทพมหานคร,31,cb1b6cf2-41fa-49b1-a060-01acf13edc81,48,พรรคไทยสร้างไทย,#00ACC1,0,0,0.0
6c76b8f1-4e72-4cbe-9101-5b3cfb6b4a40,11,นายพีรพัฒน์ สุทัศนทรวง,10,กรุงเทพมหานคร,21,f9cadd57-8256-49aa-9386-0da392b19fc2,29,พรรคไทยภักดี,#D32F2F,0,0,0.0
6d360197-b25f-44ab-8ab2-9e67897bd17a,11,นายอภิสิทธิ์ ธานี,33,ศรีสะเกษ,2,bdd306a2-80c7-4d7b-a7ff-8dc1ec9fcc76,10,พรรคทางเลือกใหม่,#00838F,0,0,0.0
6e21fae7-ae91-4caa-8c70-68f51177c294,11,นายภูสวัสดิ์ สุขเลี้ยง,50,เชียงใหม่,8,115da917-bf32-4e96-a2ae-b7818d0909ee,6,พรรครวมไทยสร้างชาติ,#FF6D00,0,0,0.0
6ffb98a1-3907-40af-b331-db423674d54b,11,นายกัณน์พัฒศ์ ศักดิ์ธนบดี,10,กรุงเทพมหานคร,27,0c044088-618b-49af-a291-fb28ffe9e0f8,11,พรรคเศรษฐกิจ,#FFA000,0,0,0.0
71ddabc4-6145-4764-8484-2f17306f3161,11,ว่าที่ร้อยตรีเทวิน พิมพ์พันธุ์,10,กรุงเทพมหานคร,11,fc22ff6d-da02-4cb6-86a7-b768c78bc19a,15,พรรคอนาคตไทย,#FF7043,0,0,0.0
7489621a-7087-4efc-a002-5d45249024b2,11,นายพิเชษฐ์ ไทยนิยม,10,กรุงเทพมหานคร,1,cb1b6cf2-41fa-49b1-a060-01acf13edc81,48,พรรคไทยสร้างไทย,#00ACC1,0,0,0.0
74fef3b4-01c0-4906-8113-9ffa29426d90,11,นายประเสริฐ บุญชัยสุข,30,นครราชสีมา,1,2d8a1c84-0bc8-4377-965d-c020a0097c27,9,พรรคเพื่อไทย,#E4002B,0,0,0.0
8099e26e-694c-4c00-b798-49c3aa8d9cc5,11,นายบุญฤทธิ์ มูลเฟย,50,เชียงใหม่,4,7ffe2115-72d1-4d71-9962-03ff61afc67c,31,พรรคประชากรไทย,#00695C,0,0,0.0
82658395-86db-4e26-8785-627194b78aa0,11,นายกันต์ณกฤต ยูนิพันธ์,10,กรุงเทพมหานคร,3,115da917-bf32-4e96-a2ae-b7818d0909ee,6,พรรครวมไทยสร้างชาติ,#FF6D00,0,0,0.0
83d22ac7-ac16-459e-9915-2e1045e135f4,11,นายสุริยา พรหมดี,48,นครพนม,4,cb1b6cf2-41fa-49b1-a060-01acf13edc81,48,พรรคไทยสร้างไทย,#00ACC1,0,0,0.0
871d8408-7783-488c-a892-c046c3d47959,11,นายกวีวงศ์ อยู่วิจิตร,10,กรุงเทพมหานคร,23,2d8a1c84-0bc8-4377-965d-c020a0097c27,9,พรรคเพื่อไทย,#E4002B,0,0,0.0
8b1cc275-f505-417f-88d6-2d5c9816f982,11,นายประกาศ ขุนศรี,30,นครราชสีมา,6,7255d2d0-1f49-4fd8-adad-7acfea2d5126,56,พรรคเพื่อบ้านเมือง,#1565C0,0,0,0.0
8e0f90f9-da31-4732-9815-81d835b5bcd9,11,นายธีร์วริศ ธรรมนารักษ์,12,นนทบุรี,8,e89089ab-9e07-4933-ab7c-28f2e65bed81,20,พรรคฟิวชัน,#AB47BC,0,0,0.0
8e787483-dad4-4276-b19f-b53b86457306,11,นายวิรัช นิลวดี,20,ชลบุรี,6,03347cbc-6089-474c-a3f6-484ae981c9a6,43,พรรคพลังประชารัฐ,#1565C0,0,0,0.0
92863cb1-f285-4cf8-b930-710a8f00d6ab,11,นายกิตติพงศ์ ท่าพิกุล,10,กรุงเทพมหานคร,15,03347cbc-6089-474c-a3f6-484ae981c9a6,43,พรรคพลังประชารัฐ,#1565C0,0,0,0.0
932d6d4a-8efe-4c89-86fa-905fa5cf5cf3,11,ร.ต.ต.มณฑล โพธิ์คาย,10,กรุงเทพมหานคร,22,03347cbc-6089-474c-a3f6-484ae981c9a6,43,พรรคพลังประชารัฐ,#1565C0,0,0,0.0
995ecbf3-effa-479a-b986-4c239dac5922,11,นายอิสระพงศ์ เจริญวรายุทธ,50,เชียงใหม่,1,54706125-9661-467d-a8af-78994d14b116,35,พรรครักชาติ,#B71C1C,0,11,0.0
9b20e8ac-dfbf-45f2-aff2-9ac83ca838e6,11,นายณัฐพล พรมวิชา,49,มุกดาหาร,1,115da917-bf32-4e96-a2ae-b7818d0909ee,6,พรรครวมไทยสร้างชาติ,#FF6D00,0,0,0.0
a1bfbdbb-55ac-4dd7-9b9a-b868a1a1c69a,11,นายประมวล พานมาตย์,44,มหาสารคาม,3,7ffe2115-72d1-4d71-9962-03ff61afc67c,31,พรรคประชากรไทย,#00695C,0,0,0.0
a2749513-3900-47e9-96b8-1b5a55dc94b4,11,นายผดุง หน่องพงษ์,13,ปทุมธานี,5,03347cbc-6089-474c-a3f6-484ae981c9a6,43,พรรคพลังประชารัฐ,#1565C0,0,0,0.0
a2e8ea3f-7cd9-4216-bb1f-7c38336ca809,11,นางสาวจินตนา ภูหญ้าแพรด,46,กาฬสินธุ์,3,965b4b93-c01e-4a2b-a987-577f2b99ebb4,49,พรรคไทยก้าวใหม่,#1E88E5,0,0,0.0
abe55623-6004-41ad-9641-21f0f53c6aad,11,นางสาวพกาวรรณ ทิมดี,12,นนทบุรี,2,f9cadd57-8256-49aa-9386-0da392b19fc2,29,พรรคไทยภักดี,#D32F2F,0,0,0.0
b85466b3-0b69-47d9-805c-84fee7ccbf2e,11,นายธนูชยานันท์ ปั้นบริสุทธิ์,10,กรุงเทพมหานคร,30,bcdcd19b-d619-47dd-8535-fafb6bc6f4d8,12,พรรคเสรีรวมไทย,#C62828,0,0,0.0
b9248a52-d38a-4cc6-bcaa-1dc90a6424f6,11,นายดิษยะฤทธิ์ รู้ดี,10,กรุงเทพมหานคร,10,a62aca08-91b7-4f3f-ba8f-cb9e884a3799,42,พรรคกล้าธรรม,#5D4037,0,0,0.0
c1081804-a790-4fde-ac0d-da2689e4751b,11,นางสาวกานต์ วนาดรวรวิศาล,10,กรุงเทพมหานคร,19,d7155f6d-736d-42c0-8bc0-00ee6e1970dc,27,พรรคประชาธิปัตย์,#0066B3,0,10,0.0
c814e30b-9f4d-4ae0-a75d-0184c1085d6b,11,นายธนาวุฒิ รัศมีฉาย,10,กรุงเทพมหานคร,29,bd8d9f14-f757-41fb-8f37-d6128d9d012d,7,พรรคพลวัต,#EF6C00,0,0,0.0
ca3d4838-1a10-4bc3-94f4-c225c0c1b270,11,นายวัฒนชัย ติธรรม,38,บึงกาฬ,2,03347cbc-6089-474c-a3f6-484ae981c9a6,43,พรรคพลังประชารัฐ,#1565C0,0,0,0.0
cbc5de9f-eb12-42ed-9cde-fd3587525926,11,นางสาวสาวิตรี ไชยสัตย์,46,กาฬสินธุ์,1,7255d2d0-1f49-4fd8-adad-7acfea2d5126,56,พรรคเพื่อบ้านเมือง,#1565C0,0,0,0.0
cc459902-0733-4deb-a952-110796fa5463,11,นายปารเมศ เอี่ยมศิลา,10,กรุงเทพมหานคร,32,a62aca08-91b7-4f3f-ba8f-cb9e884a3799,42,พรรคกล้าธรรม,#5D4037,0,0,0.0
cda727c4-c00d-4967-8fc9-0e7a1aba11b7,11,นายสาธิต ทวีผล,16,ลพบุรี,1,1116011c-1ef3-4cca-a186-c1b9f7984ede,46,พรรคประชาชน,#F57C00,0,0,0.0
d33fa1f7-b7b0-466d-b192-83283fb552b1,11,นายชัยนิวัฒน์ ไชยสา,40,ขอนแก่น,4,115da917-bf32-4e96-a2ae-b7818d0909ee,6,พรรครวมไทยสร้างชาติ,#FF6D00,0,0,0.0
d7b04f3d-73b8-4a02-8330-0f92c04e3311,11,นางจิตรา สุจารี,50,เชียงใหม่,3,7ffe2115-72d1-4d71-9962-03ff61afc67c,31,พรรคประชากรไทย,#00695C,0,0,0.0
da807257-74c6-4d35-885f-6b77946f4c23,11,นางสาวอาภา กลิ่นหอม,10,กรุงเทพมหานคร,14,f9cadd57-8256-49aa-9386-0da392b19fc2,29,พรรคไทยภักดี,#D32F2F,0,0,0.0
e2161d5f-36ed-498e-aa92-b049af784473,11,นายจงเจริญ เอกทวีกุล,36,ชัยภูมิ,5,7ffe2115-72d1-4d71-9962-03ff61afc67c,31,พรรคประชากรไทย,#00695C,0,0,0.0
e43f18a9-b215-45f1-bdda-1e7881b66f30,11,นายธนกฤต ธนิศราพงศ์,10,กรุงเทพมหานคร,12,115da917-bf32-4e96-a2ae-b7818d0909ee,6,พรรครวมไทยสร้างชาติ,#FF6D00,0,0,0.0
ea908125-90dd-4d83-a14a-72ecb20afcc8,11,นางสาวนิตยา มีศรี,11,สมุทรปราการ,5,1116011c-1ef3-4cca-a186-c1b9f7984ede,46,พรรคประชาชน,#F57C00,0,0,0.0
eb66be73-c31a-4da9-9e5f-b7108aca06c5,11,นายภาคิณ ภูกิจสิริกุล,10,กรุงเทพมหานคร,16,965b4b93-c01e-4a2b-a987-577f2b99ebb4,49,พรรคไทยก้าวใหม่,#1E88E5,0,0,0.0
f6fd8d16-18fd-4e25-88d0-22eb68de9c21,11,นายสนิธ สังขะพงษ์,32,สุรินทร์,5,339fa187-133c-4766-a6c2-36d1b32cda8f,23,พรรคปวงชนไทย,#827717,0,0,0.0
f92f31be-78a4-4882-97d8-45050e085d6a,11,นางฉัฐฐ์คณากร ภักดี,50,เชียงใหม่,5,7ffe2115-72d1-4d71-9962-03ff61afc67c,31,พรรคประชากรไทย,#00695C,0,0,0.0
fd36ebf4-51bb-4800-8b37-4ef02b1936ef,11,นางเบญจวรรณ์ จารุเพ็ญพูนผล,11,สมุทรปราการ,4,03347cbc-6089-474c-a3f6-484ae981c9a6,43,พรรคพลังประชารัฐ,#1565C0,0,0,0.0
01428c55-9762-4207-8076-b78af9f1ce2d,12,นางสาววาสนา แสนบุญศิริ,46,กาฬสินธุ์,4,7255d2d0-1f49-4fd8-adad-7acfea2d5126,56,พรรคเพื่อบ้านเมือง,#1565C0,0,0,0.0
0334527f-ef13-4476-839b-042448d19e3e,12,นายรนภัทร นิธิโชติการ,10,กรุงเทพมหานคร,10,965b4b93-c01e-4a2b-a987-577f2b99ebb4,49,พรรคไทยก้าวใหม่,#1E88E5,0,0,0.0
06a438ac-b146-4d3f-9946-8efe10fc7f8c,12,นายแทนคุณ จิตต์อิสระ,10,กรุงเทพมหานคร,1,2ee17641-917b-4ea0-8c19-da383e03e915,44,พรรคโอกาสใหม่,#26C6DA,0,0,0.0
06eb9de1-e984-4d30-bdb5-ae06039e7c37,12,นายสาโรช ต่อเทียนชัย,10,กรุงเทพมหานคร,3,013c219e-e197-416d-84ea-00ba9c35465e,37,พรรคภูมิใจไทย,#3949AB,0,0,0.0
0f86f357-b8a1-4773-8641-f953fac0f6ab,12,นายปราโมทย์ เทียนทอง,13,ปทุมธานี,5,c10044e9-2d3c-4481-b323-a9aef1851236,13,พรรครวมพลังประชาชน,#00ACC1,0,0,0.0
199984ce-f419-44cd-bd6e-a335bea76c64,12,นายวิษณุ ทิพย์วงศ์,10,กรุงเทพมหานคร,24,d1964fe3-2dd0-43d5-a190-77fbfaf586b2,8,พรรคประชาธิปไตยใหม่,#1976D2,0,0,0.0
2402d825-85f2-48a0-abfa-73c77ec80d8a,12,นายนพพล ปุรณะชัยคีรี,10,กรุงเทพมหานคร,9,7255d2d0-1f49-4fd8-adad-7acfea2d5126,56,พรรคเพื่อบ้านเมือง,#1565C0,0,5,0.0
27f7dc84-f465-4894-9de0-07fc83b1173b,12,นายนิกม์ แสงศิรินาวิน,10,กรุงเทพมหานคร,2,03347cbc-6089-474c-a3f6-484ae981c9a6,43,พรรคพลังประชารัฐ,#1565C0,0,0,0.0
2daa71bc-21dc-4676-b9a9-3f82209b6e17,12,นายนนธนัตถ์ บุนนาค,10,กรุงเทพมหานคร,5,d7155f6d-736d-42c0-8bc0-00ee6e1970dc,27,พรรคประชาธิปัตย์,#0066B3,0,0,0.0
31d24573-60ed-44e1-9bc5-47ee2c55a568,12,นายธนาชัย จิรัตถิติกุล,12,นนทบุรี,2,e89089ab-9e07-4933-ab7c-28f2e65bed81,20,พรรคฟิวชัน,#AB47BC,0,0,0.0
33027a1b-3468-48cd-a235-03a545ddc7a1,12,นายวีรภัทร์ พันธุ์หาญ,10,กรุงเทพมหานคร,20,115da917-bf32-4e96-a2ae-b7818d0909ee,6,พรรครวมไทยสร้างชาติ,#FF6D00,0,0,0.0
3427f91e-fb87-4e24-b66e-6101a4e915d2,12,นางสาวสุธิดารา สาสาย,10,กรุงเทพมหานคร,19,54706125-9661-467d-a8af-78994d14b116,35,พรรครักชาติ,#B71C1C,0,4,0.0
37061325-2d49-410f-a8e3-143d40e6b1a4,12,นายสกลภัทร ประยูรรัตน์,10,กรุงเทพมหานคร,4,115da917-bf32-4e96-a2ae-b7818d0909ee,6,พรรครวมไทยสร้างชาติ,#FF6D00,0,4,0.0
48146917-b479-486a-8d75-37b60106fa80,12,นางสาวอรณิช ชัยขัน,50,เชียงใหม่,5,7255d2d0-1f49-4fd8-adad-7acfea2d5126,56,พรรคเพื่อบ้านเมือง,#1565C0,0,0,0.0
4a2de7b0-8ec0-490d-a9c0-b59a804b1251,12,นางสาวศิวพร ตุลวรรธนะ,50,เชียงใหม่,2,7ffe2115-72d1-4d71-9962-03ff61afc67c,31,พรรคประชากรไทย,#00695C,0,0,0.0
4e3849f1-cc1c-4473-a091-e13547a23c86,12,นางภัควรินทร์ อติธัญญารัศมิ์,10,กรุงเทพมหานคร,26,d1964fe3-2dd0-43d5-a190-77fbfaf586b2,8,พรรคประชาธิปไตยใหม่,#1976D2,0,0,0.0
7552f127-93bf-4c22-bb2a-57e123f6b952,12,นายอนันตเดช ธนวิภารัตน์,10,กรุงเทพมหานคร,33,bcdcd19b-d619-47dd-8535-fafb6bc6f4d8,12,พรรคเสรีรวมไทย,#C62828,0,0,0.0
76a1a20a-f098-415b-85c9-7e1cf3e5f50d,12,นายนพดลชัย ประภัสสิริ,10,กรุงเทพมหานคร,17,a62aca08-91b7-4f3f-ba8f-cb9e884a3799,42,พรรคกล้าธรรม,#5D4037,0,0,0.0
770be2e6-56fa-4fa1-8627-49c84d6dfe3e,12,นายอนุสรณ์ ธรรมใจ,10,กรุงเทพมหานคร,31,1116011c-1ef3-4cca-a186-c1b9f7984ede,46,พรรคประชาชน,#F57C00,0,0,0.0
7ea40716-eca9-4e36-bedf-7f1f051d5d9b,12,นายธนธรรม เจิดรังษี,10,กรุงเทพมหานคร,11,0c044088-618b-49af-a291-fb28ffe9e0f8,11,พรรคเศรษฐกิจ,#FFA000,0,0,0.0
81c5740e-cbe0-4ee9-8bb7-7f4445a3df08,12,นางชนิดาภา สนิมทอง,10,กรุงเทพมหานคร,14,339fa187-133c-4766-a6c2-36d1b32cda8f,23,พรรคปวงชนไทย,#827717,0,0,0.0
8307b6cf-f556-4b6a-8286-83f88d8fb632,12,นางสาวอรญา อุษณะอำไพพงษ์,10,กรุงเทพมหานคร,29,d1964fe3-2dd0-43d5-a190-77fbfaf586b2,8,พรรคประชาธิปไตยใหม่,#1976D2,0,0,0.0
83c1e336-4b93-4d12-8f57-2320640307f9,12,นายไพฑูรย์ ลิขิตบรรจง,10,กรุงเทพมหานคร,28,339fa187-133c-4766-a6c2-36d1b32cda8f,23,พรรคปวงชนไทย,#827717,0,0,0.0
91d7aede-bf2a-4921-9b95-180898a5a3b9,12,นางสาวรุ่งรุจี สารครศรี,46,กาฬสินธุ์,3,7255d2d0-1f49-4fd8-adad-7acfea2d5126,56,พรรคเพื่อบ้านเมือง,#1565C0,0,0,0.0
98341ac6-21ca-4fa6-a955-008c1416ed91,12,นายไชยยศ ศรีสกุล,10,กรุงเทพมหานคร,8,bd8d9f14-f757-41fb-8f37-d6128d9d012d,7,พรรคพลวัต,#EF6C00,0,13,0.0
a3219b70-0fa9-4c89-a4da-63daf7968e11,12,นายอนุรักษ์ ปวงคำ,10,กรุงเทพมหานคร,32,54706125-9661-467d-a8af-78994d14b116,35,พรรครักชาติ,#B71C1C,0,0,0.0
a3fbfd2d-1a7a-45f2-a352-08daf83e752f,12,นายคณพล พงศ์พิทยา,10,กรุงเทพมหานคร,30,d7155f6d-736d-42c0-8bc0-00ee6e1970dc,27,พรรคประชาธิปัตย์,#0066B3,0,0,0.0
a56a9bfd-c338-4cc9-b801-429eb3658061,12,นายวิรัล ทองเมืองหลวง,10,กรุงเทพมหานคร,22,0c044088-618b-49af-a291-fb28ffe9e0f8,11,พรรคเศรษฐกิจ,#FFA000,0,0,0.0
a6688735-69c1-432a-a470-05304f15fd61,12,นางสาวพรประภาวรรณ มูลฉวี,39,หนองบัวลำภู,1,df277b91-9f1d-449c-be32-3f8235ff1f26,55,พรรคไทยรวมไทย,#C2185B,0,0,0.0
a6d820f0-4527-41bf-82ec-1c18d288a031,12,นายสุวัจชัย พิมพ์สุภาพร,10,กรุงเทพมหานคร,15,cb1b6cf2-41fa-49b1-a060-01acf13edc81,48,พรรคไทยสร้างไทย,#00ACC1,0,0,0.0
af9a6300-8f48-472d-b278-0cd099d93ca3,12,นายอนุราช ไชยตะวงค์,41,อุดรธานี,4,bec5b9e5-11e6-4962-9188-94040fcf3bd1,53,พรรคไทยพิทักษ์ธรรม,#5E35B1,0,0,0.0
b1a6a033-20ae-4215-a918-986787adf819,12,นายกรกฤชอรรถ ภูกิตติวรโชติ,30,นครราชสีมา,1,339fa187-133c-4766-a6c2-36d1b32cda8f,23,พรรคปวงชนไทย,#827717,0,0,0.0
b243ffcc-ecbe-4f1c-962d-5c12d0c847d7,12,นางสาวสิริพรโชค พฤทธเมธวิสุทธิ์,10,กรุงเทพมหานคร,27,7255d2d0-1f49-4fd8-adad-7acfea2d5126,56,พรรคเพื่อบ้านเมือง,#1565C0,0,0,0.0
b2630ca8-d865-43bd-8559-7ac519afa23a,12,นายศานต์ภิสิทธิ์ ปัญญาทิพย์,50,เชียงใหม่,8,7255d2d0-1f49-4fd8-adad-7acfea2d5126,56,พรรคเพื่อบ้านเมือง,#1565C0,0,0,0.0
b445901f-cb8a-42de-8496-ec979f8b93e9,12,นายเวโรฒ มาตยศิริ,10,กรุงเทพมหานคร,21,fc22ff6d-da02-4cb6-86a7-b768c78bc19a,15,พรรคอนาคตไทย,#FF7043,0,0,0.0
b8a094da-5053-41ab-8c0e-b7af598ca804,12,นายพรชัย อรรถปรียางกูร,50,เชียงใหม่,3,30f1cea0-4fc2-4fcf-86f0-96000cf188b5,22,พรรคก้าวอิสระ,#7B1FA2,0,0,0.0
c84e3ee4-ad06-4352-bb76-461c6da6d2f5,12,นางสาวพวงประกา ชมภูทอง,10,กรุงเทพมหานคร,18,f7b4da92-1d4f-4f3f-ab31-25eb36d1a8ad,51,พรรคพร้อม,#26A69A,0,0,0.0
cda81e50-47e3-4ca0-8f4d-e65ab7f4d612,12,นายภูร์ผา ไทยแท้,10,กรุงเทพมหานคร,12,2d8a1c84-0bc8-4377-965d-c020a0097c27,9,พรรคเพื่อไทย,#E4002B,0,0,0.0
cdb88cbf-008b-4f3d-83e3-6b63f96c4454,12,นายชาญชัย ชัยมงคล,50,เชียงใหม่,4,965b4b93-c01e-4a2b-a987-577f2b99ebb4,49,พรรคไทยก้าวใหม่,#1E88E5,0,0,0.0
cdffefa9-9e74-45b7-96b9-adda35d66a17,12,นายสมมาศ นัยวิกุล,30,นครราชสีมา,6,0c044088-618b-49af-a291-fb28ffe9e0f8,11,พรรคเศรษฐกิจ,#FFA000,0,0,0.0
d11653a4-9ac1-4f27-a49c-3dd80fa07c58,12,นางสาวณัฐธัญรดี ปรีณาภาชัยสิริ,20,ชลบุรี,6,cb1b6cf2-41fa-49b1-a060-01acf13edc81,48,พรรคไทยสร้างไทย,#00ACC1,0,0,0.0
d5e048bd-c27e-4d57-a7c0-7bb05c5fbc81,12,นายเจนวิทย์ สิริญาณสรณ์,10,กรุงเทพมหานคร,6,d1964fe3-2dd0-43d5-a190-77fbfaf586b2,8,พรรคประชาธิปไตยใหม่,#1976D2,0,0,0.0
d811f9ed-9df0-4113-9b48-cab79ebfa7aa,12,นางสาวปราณี ธรรมนิยม,10,กรุงเทพมหานคร,25,115da917-bf32-4e96-a2ae-b7818d0909ee,6,พรรครวมไทยสร้างชาติ,#FF6D00,0,0,0.0
d90bcef3-e3e5-47f3-9453-c990d6da50e8,12,นายฤทธี กิจพิพิธ,10,กรุงเทพมหานคร,16,cb1b6cf2-41fa-49b1-a060-01acf13edc81,48,พรรคไทยสร้างไทย,#00ACC1,0,0,0.0
df2e3393-d121-448c-bf50-3f335b91f107,12,นายณพวุฒิ จุลไสย,10,กรุงเทพมหานคร,7,2ee17641-917b-4ea0-8c19-da383e03e915,44,พรรคโอกาสใหม่,#26C6DA,0,0,0.0
e4a328c7-efa7-4099-a48d-155ffe73c0d4,12,นายสมบัติ มหาโคตร,10,กรุงเทพมหานคร,13,03347cbc-6089-474c-a3f6-484ae981c9a6,43,พรรคพลังประชารัฐ,#1565C0,0,15,0.0
e8fb5e12-d150-4ae2-9dfd-6fbd6c6cbf7a,12,ว่าที่ร้อยเอกจอห์นนพดล วศินสุนทร,50,เชียงใหม่,1,bcdcd19b-d619-47dd-8535-fafb6bc6f4d8,12,พรรคเสรีรวมไทย,#C62828,0,12,0.0
e9f65b1b-f195-45b5-8367-8f2c2e1db990,12,นางสาวอัยรดา บำรุงรักษ์,10,กรุงเทพมหานคร,23,115da917-bf32-4e96-a2ae-b7818d0909ee,6,พรรครวมไทยสร้างชาติ,#FF6D00,0,0,0.0
093ac51d-61f0-4eca-b17d-a0d4b8095f5c,13,นายดนัย อินทรพยุง,10,กรุงเทพมหานคร,13,965b4b93-c01e-4a2b-a987-577f2b99ebb4,49,พรรคไทยก้าวใหม่,#1E88E5,0,1,0.0
09cab907-b94a-4a41-9b5f-c14b7845fd98,13,นายนันทวัชร์ กูลเกื้อศิประไพ,10,กรุงเทพมหานคร,15,c126e4e4-be85-44e6-bf3e-f9331b9f91a9,24,พรรควิชชั่นใหม่,#7CB342,0,0,0.0
110f4120-0522-4c86-bc98-10532e0c9984,13,นางสาวนิธิสนี กลิ่นพันธหิรัญ,10,กรุงเทพมหานคร,32,03347cbc-6089-474c-a3f6-484ae981c9a6,43,พรรคพลังประชารัฐ,#1565C0,0,0,0.0
18ba7132-629d-413f-9073-568ff558bc9f,13,นางสาวพรพิมล ฉิมสวัสดิ์,10,กรุงเทพมหานคร,4,2ee17641-917b-4ea0-8c19-da383e03e915,44,พรรคโอกาสใหม่,#26C6DA,0,1,0.0
1c10d35f-87ff-48a0-bb38-0b110e1207de,13,นายสุวโรจน์ กิจสมศักดิ์,10,กรุงเทพมหานคร,17,339fa187-133c-4766-a6c2-36d1b32cda8f,23,พรรคปวงชนไทย,#827717,0,0,0.0
1f29c9e9-ebbe-4fb3-8e7d-8ff4a7d26218,13,นายชยางกูร ธรรมภรณ์,20,ชลบุรี,6,0c044088-618b-49af-a291-fb28ffe9e0f8,11,พรรคเศรษฐกิจ,#FFA000,0,0,0.0
22f3a83b-8ed0-4c05-aa51-b94a892a123e,13,นางศลิษา สิงหเสนี,10,กรุงเทพมหานคร,12,013c219e-e197-416d-84ea-00ba9c35465e,37,พรรคภูมิใจไทย,#3949AB,0,0,0.0
2635717c-86bc-4507-bf23-bfa9ae23a37b,13,นายเมธี ใบโสภณ,10,กรุงเทพมหานคร,23,54706125-9661-467d-a8af-78994d14b116,35,พรรครักชาติ,#B71C1C,0,0,0.0
362720e1-2b5b-41bd-9320-859765cf26a4,13,นางสาวฐิติภัสร์ โชติเดชาชัยนันต์,10,กรุงเทพมหานคร,14,013c219e-e197-416d-84ea-00ba9c35465e,37,พรรคภูมิใจไทย,#3949AB,0,0,0.0
397ba230-f40e-489e-9ea8-937bc379f68f,13,นายเอนก มนัสซง,10,กรุงเทพมหานคร,19,bd8d9f14-f757-41fb-8f37-d6128d9d012d,7,พรรคพลวัต,#EF6C00,0,5,0.0
3be6892b-02f8-4945-83a2-5207c94f9223,13,นายฤกษ์อารี นานา,10,กรุงเทพมหานคร,8,013c219e-e197-416d-84ea-00ba9c35465e,37,พรรคภูมิใจไทย,#3949AB,0,7,0.0
3f4ab2ad-3206-4f95-bcc1-b493ca5a829b,13,พลโทมนัส แถบทอง,10,กรุงเทพมหานคร,7,0c044088-618b-49af-a291-fb28ffe9e0f8,11,พรรคเศรษฐกิจ,#FFA000,0,0,0.0
401a7b03-03f6-401d-8ef3-e595820d3e4b,13,นายขจรศักดิ์ ประดิษฐาน,10,กรุงเทพมหานคร,5,2d8a1c84-0bc8-4377-965d-c020a0097c27,9,พรรคเพื่อไทย,#E4002B,0,0,0.0
5220e9dd-7bae-4b93-861e-e36391cfcd72,13,นายธนพิสิฐ จีรวงศ์ไกรสร,10,กรุงเทพมหานคร,16,54706125-9661-467d-a8af-78994d14b116,35,พรรครักชาติ,#B71C1C,0,0,0.0
58e664be-4290-45f8-aff6-e0e0a2b83f9c,13,นางสาวชมกมล วงศ์ชุติโรจน์,10,กรุงเทพมหานคร,30,54706125-9661-467d-a8af-78994d14b116,35,พรรครักชาติ,#B71C1C,0,0,0.0
5b7cc1b0-a1d7-4340-9bc1-6433f0627737,13,นายกิตติศักดิ์โยธิน ธรรมวัตร,10,กรุงเทพมหานคร,29,c126e4e4-be85-44e6-bf3e-f9331b9f91a9,24,พรรควิชชั่นใหม่,#7CB342,0,0,0.0
5bb458b2-96ef-4715-af36-a686c5479308,13,พันตำรวจเอกทศพล โชติคุตร์,10,กรุงเทพมหานคร,31,d7155f6d-736d-42c0-8bc0-00ee6e1970dc,27,พรรคประชาธิปัตย์,#0066B3,0,0,0.0
5c52ba31-ea06-438b-94c5-2ac2325c49b0,13,นายสมหวัง อุทัศ,50,เชียงใหม่,3,bcdcd19b-d619-47dd-8535-fafb6bc6f4d8,12,พรรคเสรีรวมไทย,#C62828,0,0,0.0
61172005-fa79-47b0-8afa-f57d2c478067,13,นายรัฐศักดิ์ สุขยิ่ง,10,กรุงเทพมหานคร,20,d7155f6d-736d-42c0-8bc0-00ee6e1970dc,27,พรรคประชาธิปัตย์,#0066B3,0,0,0.0
72f42a37-ef2b-448d-9c94-3310396f0ab3,13,นายเกรียงไกร สาลีผล,10,กรุงเทพมหานคร,21,339fa187-133c-4766-a6c2-36d1b32cda8f,23,พรรคปวงชนไทย,#827717,0,0,0.0
77079cee-63f9-49cd-9ec9-7faa8dcccd71,13,นางสาวเนตรสกาว ชาหอม,10,กรุงเทพมหานคร,25,965b4b93-c01e-4a2b-a987-577f2b99ebb4,49,พรรคไทยก้าวใหม่,#1E88E5,0,0,0.0
7907f9f1-f2c2-4285-b216-9c16fcd7cdc6,13,นายสุชาติ ตามประกอบ,10,กรุงเทพมหานคร,9,d1964fe3-2dd0-43d5-a190-77fbfaf586b2,8,พรรคประชาธิปไตยใหม่,#1976D2,0,10,0.0
7b64f363-c632-4a46-bce0-850e2780f256,13,นายกิตติพศ ถนอมวรารักษ์,10,กรุงเทพมหานคร,3,54706125-9661-467d-a8af-78994d14b116,35,พรรครักชาติ,#B71C1C,0,0,0.0
8aa90b89-0674-4807-9807-548640e272da,13,นายพรเทพ ประเสริฐสุรกุล,10,กรุงเทพมหานคร,28,7255d2d0-1f49-4fd8-adad-7acfea2d5126,56,พรรคเพื่อบ้านเมือง,#1565C0,0,0,0.0
b2f134cd-9ef1-42ae-8b70-5a136047e1ad,13,นายกิตติธัช สาสนะ,10,กรุงเทพมหานคร,2,0c044088-618b-49af-a291-fb28ffe9e0f8,11,พรรคเศรษฐกิจ,#FFA000,0,0,0.0
befaa3ad-57ef-47bc-93b7-e72c9073202f,13,นายเอกภพ เหลืองประเสริฐ,10,กรุงเทพมหานคร,11,013c219e-e197-416d-84ea-00ba9c35465e,37,พรรคภูมิใจไทย,#3949AB,0,0,0.0
c5877ee5-7749-4806-b268-f6f754c4ec95,13,นายวิญญู อำนวยสมบัติ,10,กรุงเทพมหานคร,18,a62aca08-91b7-4f3f-ba8f-cb9e884a3799,42,พรรคกล้าธรรม,#5D4037,0,0,0.0
d15ac9bc-2da8-47c3-b48f-4cd72f3bb340,13,นายชาญวิทย์ อุทัยแสน,10,กรุงเทพมหานคร,24,bdd306a2-80c7-4d7b-a7ff-8dc1ec9fcc76,10,พรรคทางเลือกใหม่,#00838F,0,0,0.0
d3b1925c-bcab-4968-b1d8-bea8b900ffaf,13,นายเสรี ใจอุ่น,30,นครราชสีมา,1,a7d9474b-c0c9-400e-8f31-914573c2f1ec,58,พรรครักษ์ธรรม,#6B7280,0,0,0.0
d8f5e66e-94df-4cf6-8b8d-0230c9a8cdb2,13,นายนรเสฏฐ์ เธียรประสิทธิ์,10,กรุงเทพมหานคร,6,013c219e-e197-416d-84ea-00ba9c35465e,37,พรรคภูมิใจไทย,#3949AB,0,0,0.0
e2adefa3-15b2-4714-870f-5b4fddec25b8,13,นายปรีชา เอี่ยมอ่อน,10,กรุงเทพมหานคร,22,2ee17641-917b-4ea0-8c19-da383e03e915,44,พรรคโอกาสใหม่,#26C6DA,0,0,0.0
ea30c0db-f020-4bd1-93ac-52db6ba3bf09,13,นายธนกร คงอุดม,10,กรุงเทพมหานคร,33,115da917-bf32-4e96-a2ae-b7818d0909ee,6,พรรครวมไทยสร้างชาติ,#FF6D00,0,0,0.0
f6a01228-dd9a-4530-a748-6f2489732a94,13,นางภัทรพรรณ เหล่าสถิรวงค์,50,เชียงใหม่,4,339fa187-133c-4766-a6c2-36d1b32cda8f,23,พรรคปวงชนไทย,#827717,0,0,0.0
f7ba2a09-5afa-4578-8962-11cd32c0efd5,13,นายรณกร เชียรวิชัย,10,กรุงเทพมหานคร,10,013c219e-e197-416d-84ea-00ba9c35465e,37,พรรคภูมิใจไทย,#3949AB,0,0,0.0
fed502a3-773f-4548-9c49-3fc5a823ebb4,13,นางธัญยรัตน์ วโรอัครวัฒน์,10,กรุงเทพมหานคร,26,bec5b9e5-11e6-4962-9188-94040fcf3bd1,53,พรรคไทยพิทักษ์ธรรม,#5E35B1,0,0,0.0
ffa9a463-94b6-4d78-b86a-671e66fee9e6,13,นายเลิศชาย สุจริตกุล,10,กรุงเทพมหานคร,1,c126e4e4-be85-44e6-bf3e-f9331b9f91a9,24,พรรควิชชั่นใหม่,#7CB342,0,0,0.0
05241c01-529e-4ca6-b1e6-d2d86e27a1d0,14,นายศุภโชค มุ่งดี,10,กรุงเทพมหานคร,16,7255d2d0-1f49-4fd8-adad-7acfea2d5126,56,พรรคเพื่อบ้านเมือง,#1565C0,0,0,0.0
1039b5e9-1e0c-4289-a937-cd9d445fe0a3,14,นายพิริยะ อุไรวงค์,10,กรุงเทพมหานคร,23,0c044088-618b-49af-a291-fb28ffe9e0f8,11,พรรคเศรษฐกิจ,#FFA000,0,0,0.0
134a1dc4-0ab0-40f0-bedc-9d5ee71c38dd,14,นายณรงค์ชัย อิสริยไชย,10,กรุงเทพมหานคร,18,339fa187-133c-4766-a6c2-36d1b32cda8f,23,พรรคปวงชนไทย,#827717,0,0,0.0
197b607c-7864-45c9-81d2-cc7d8dd0447d,14,นางสาวกรกมล บุญเฉย,10,กรุงเทพมหานคร,12,0c044088-618b-49af-a291-fb28ffe9e0f8,11,พรรคเศรษฐกิจ,#FFA000,0,0,0.0
1c517729-e928-457a-bb9d-1dd42755c0be,14,นายณัฐกร มั่นจิตต์,10,กรุงเทพมหานคร,26,2ee17641-917b-4ea0-8c19-da383e03e915,44,พรรคโอกาสใหม่,#26C6DA,0,0,0.0
2b9d4592-36be-432d-ad0f-6f696a7d5ced,14,นายวิสวัส ทองธีรภาพ,10,กรุงเทพมหานคร,32,d7155f6d-736d-42c0-8bc0-00ee6e1970dc,27,พรรคประชาธิปัตย์,#0066B3,0,0,0.0
34fcce7d-f21c-497c-bb57-31032c3913be,14,นายมงคล เสมอภาพ,10,กรุงเทพมหานคร,1,d1964fe3-2dd0-43d5-a190-77fbfaf586b2,8,พรรคประชาธิปไตยใหม่,#1976D2,0,0,0.0
406dadf9-367d-48a0-8ef0-bd9dfab7264b,14,นายฐานวัฒน์ สถิตโอฬารโรจน์,10,กรุงเทพมหานคร,29,965b4b93-c01e-4a2b-a987-577f2b99ebb4,49,พรรคไทยก้าวใหม่,#1E88E5,0,0,0.0
43e3b87a-1859-48b5-ad92-b266ae6c6665,14,นายไกรศักดิ์ เสาเวียง,10,กรุงเทพมหานคร,10,cb1b6cf2-41fa-49b1-a060-01acf13edc81,48,พรรคไทยสร้างไทย,#00ACC1,0,0,0.0
538869d2-458c-4a2d-922b-774d464ec8ec,14,นางสาวทิฆัมพร อัศวสิรินิมิต,10,กรุงเทพมหานคร,13,cb1b6cf2-41fa-49b1-a060-01acf13edc81,48,พรรคไทยสร้างไทย,#00ACC1,0,7,0.0
5c7bc287-24dc-486a-a5bd-57b7e951a8b4,14,นายรัชชานนท์ พูนรัตน์,10,กรุงเทพมหานคร,30,03347cbc-6089-474c-a3f6-484ae981c9a6,43,พรรคพลังประชารัฐ,#1565C0,0,0,0.0
6317c571-4067-4610-ac06-2487d2849064,14,ร้อยตำรวจโทชลประทาน ชื่นมนต์ชัย,10,กรุงเทพมหานคร,15,7255d2d0-1f49-4fd8-adad-7acfea2d5126,56,พรรคเพื่อบ้านเมือง,#1565C0,0,0,0.0
6c84dec2-e7d0-4449-b154-271df6f28786,14,นางสาวเฌอมินทร์ สถิตโอฬารโรจน์,10,กรุงเทพมหานคร,5,339fa187-133c-4766-a6c2-36d1b32cda8f,23,พรรคปวงชนไทย,#827717,0,0,0.0
719dd25f-2436-4864-a07f-6aaf54c3443f,14,นางดรุณี นันทวิชัย,50,เชียงใหม่,3,7255d2d0-1f49-4fd8-adad-7acfea2d5126,56,พรรคเพื่อบ้านเมือง,#1565C0,0,0,0.0
75563321-03de-4f7f-803e-feee6f2f0ba1,14,นายจตุพล ยอดวงค์พะเนา,10,กรุงเทพมหานคร,20,0c044088-618b-49af-a291-fb28ffe9e0f8,11,พรรคเศรษฐกิจ,#FFA000,0,0,0.0
7db35cb1-f927-4440-a35f-ca3c81e6f0cd,14,นายเดชพนต์ ชลธาร,10,กรุงเทพมหานคร,25,c126e4e4-be85-44e6-bf3e-f9331b9f91a9,24,พรรควิชชั่นใหม่,#7CB342,0,0,0.0
82e41a6f-d744-4833-b838-04648a4b4d75,14,นางสาวรมิดา อินทะแพทย์,10,กรุงเทพมหานคร,11,d7155f6d-736d-42c0-8bc0-00ee6e1970dc,27,พรรคประชาธิปัตย์,#0066B3,0,0,0.0
94519a1b-ac71-4a70-a79d-a5054a9ef443,14,นายกิตพล เชิดชูกิจกุล,10,กรุงเทพมหานคร,21,d7155f6d-736d-42c0-8bc0-00ee6e1970dc,27,พรรคประชาธิปัตย์,#0066B3,0,0,0.0
971505fe-894a-432f-8b09-ea9fc3579ab4,14,นายก่อเกียรติ ก่อสูงศักดิ์,10,กรุงเทพมหานคร,14,1116011c-1ef3-4cca-a186-c1b9f7984ede,46,พรรคประชาชน,#F57C00,0,0,0.0
a13ba8c8-4390-4c90-8b11-11403bd70c05,14,นายปัฐน์ชนนท์ คูณธนานุวัฒน์,10,กรุงเทพมหานคร,9,2ee17641-917b-4ea0-8c19-da383e03e915,44,พรรคโอกาสใหม่,#26C6DA,0,11,0.0
a2428a65-2fe3-4f69-af39-9aaa100538fe,14,นายอัศวิน อัศวินวิจิตร,10,กรุงเทพมหานคร,6,0c044088-618b-49af-a291-fb28ffe9e0f8,11,พรรคเศรษฐกิจ,#FFA000,0,0,0.0
a3425546-3ef6-4413-93d1-629a1a2d1fc2,14,นายวราทิตย์ ตะโกจีน,10,กรุงเทพมหานคร,22,c126e4e4-be85-44e6-bf3e-f9331b9f91a9,24,พรรควิชชั่นใหม่,#7CB342,0,0,0.0
b06b7aa4-31e8-4de4-b232-8a04120f2bcb,14,นายบวรวิช รักไทย,10,กรุงเทพมหานคร,19,bdd306a2-80c7-4d7b-a7ff-8dc1ec9fcc76,10,พรรคทางเลือกใหม่,#00838F,0,9,0.0
c3cbdc4c-4e53-452e-b4a8-3c41bc14d545,14,นายชัยพร จิตรอารีย์เลิศ,10,กรุงเทพมหานคร,17,7255d2d0-1f49-4fd8-adad-7acfea2d5126,56,พรรคเพื่อบ้านเมือง,#1565C0,0,0,0.0
c511f1f2-d174-414f-b3a4-16fbdbf5ad39,14,นายอภิชาติ ศุภพันธ์,10,กรุงเทพมหานคร,33,7255d2d0-1f49-4fd8-adad-7acfea2d5126,56,พรรคเพื่อบ้านเมือง,#1565C0,0,0,0.0
d34af815-210f-4a13-9441-f2a32812d0db,14,นายชูชาติ ยิ้มงาม,10,กรุงเทพมหานคร,31,2ee17641-917b-4ea0-8c19-da383e03e915,44,พรรคโอกาสใหม่,#26C6DA,0,0,0.0
daf27d48-a6ec-4a92-aac4-ab0be4724f0e,14,นางอิสราพร นรินทร์,10,กรุงเทพมหานคร,2,f9cadd57-8256-49aa-9386-0da392b19fc2,29,พรรคไทยภักดี,#D32F2F,0,0,0.0
f10675f3-974d-4b9c-8855-1ca23174a943,14,นายระพีพัฒน์ สุเมธโชติเมธา,10,กรุงเทพมหานคร,8,d7155f6d-736d-42c0-8bc0-00ee6e1970dc,27,พรรคประชาธิปัตย์,#0066B3,0,15,0.0
f442fe4f-9acf-4cbd-950d-c745c24c6e7e,14,นางสาวปัณณรัตน์ พนิตสิรินันท์,10,กรุงเทพมหานคร,3,2ee17641-917b-4ea0-8c19-da383e03e915,44,พรรคโอกาสใหม่,#26C6DA,0,0,0.0
0387bafe-7c56-4a31-817c-cd7d6ce2dd0a,15,นางสาวศศินันท์ ธรรมนิฐินันท์,10,กรุงเทพมหานคร,11,1116011c-1ef3-4cca-a186-c1b9f7984ede,46,พรรคประชาชน,#F57C00,0,0,0.0
0fe70318-ad86-4cc1-b98b-d31d4c4a50a8,15,นายวัชรพนต์ วัฒนาอาภรณ์ชัย,10,กรุงเทพมหานคร,13,7255d2d0-1f49-4fd8-adad-7acfea2d5126,56,พรรคเพื่อบ้านเมือง,#1565C0,0,5,0.0
173c827b-0ac4-4dec-91f1-1a3fc90eacff,15,นายเลิศสุวัฒน์ วงศ์สุวรรณ,10,กรุงเทพมหานคร,2,7255d2d0-1f49-4fd8-adad-7acfea2d5126,56,พรรคเพื่อบ้านเมือง,#1565C0,0,0,0.0
2294c136-644c-4f84-b2ca-a446a46356d6,15,ว่าที่ร้อยตรีรัชภูมิ ใบเรือ,10,กรุงเทพมหานคร,16,339fa187-133c-4766-a6c2-36d1b32cda8f,23,พรรคปวงชนไทย,#827717,0,0,0.0
29a7d6f3-8608-42cb-9dde-b20bc73f8106,15,นายจิรยุทธ บุญแต่ง,10,กรุงเทพมหานคร,14,3caedce0-9faa-47a0-8afc-d5f4fff86578,28,พรรคไทยก้าวหน้า,#0288D1,0,0,0.0
33d72e88-fc4d-4ab6-81ed-2280454b701d,15,นายธัญธร ธนินวัฒนาธร,10,กรุงเทพมหานคร,30,1116011c-1ef3-4cca-a186-c1b9f7984ede,46,พรรคประชาชน,#F57C00,0,0,0.0
3c27d313-9795-4d60-95df-6399971443c8,15,นางสาวบวรลักษณ์ จงจามรีสีทอง,10,กรุงเทพมหานคร,17,0c044088-618b-49af-a291-fb28ffe9e0f8,11,พรรคเศรษฐกิจ,#FFA000,0,0,0.0
405c5496-fb6f-4068-bfd9-cf75d5071df3,15,นายสมชาย คงศิริวงค์,10,กรุงเทพมหานคร,6,e89089ab-9e07-4933-ab7c-28f2e65bed81,20,พรรคฟิวชัน,#AB47BC,0,0,0.0
46694c74-ba7f-4edf-978c-43609546bc94,15,พลอากาศตรีธงชัย เพ็งเดือน,10,กรุงเทพมหานคร,10,8ad4145b-ea4e-40f1-893f-a9d10f3d9fb4,54,พรรคความหวังใหม่,#303F9F,0,0,0.0
553508dd-98de-41e2-804a-17c07790fa49,15,นางสาวอรัญญา มณีแจ่ม,10,กรุงเทพมหานคร,8,115da917-bf32-4e96-a2ae-b7818d0909ee,6,พรรครวมไทยสร้างชาติ,#FF6D00,0,9,0.0
6d16a74a-4def-44d3-989d-c0a3a251b81f,15,นายสงกรานต์ พงษ์พันนา,10,กรุงเทพมหานคร,15,2ee17641-917b-4ea0-8c19-da383e03e915,44,พรรคโอกาสใหม่,#26C6DA,0,0,0.0
7997baa3-c5f9-4051-9b1b-7aa4b3a5acc1,15,นายอดัม ชินรัตนพิสิทธิ์,10,กรุงเทพมหานคร,1,54706125-9661-467d-a8af-78994d14b116,35,พรรครักชาติ,#B71C1C,0,0,0.0
8d858742-16ad-497c-91c5-b5d1911a5144,15,นายธนพล ศรีสุด,10,กรุงเทพมหานคร,29,339fa187-133c-4766-a6c2-36d1b32cda8f,23,พรรคปวงชนไทย,#827717,0,0,0.0
a2f35708-c7c4-47a3-a0e7-29a300802697,15,นายศิรเมศร์ สุขกุลวรเศรษฐ์,10,กรุงเทพมหานคร,31,54706125-9661-467d-a8af-78994d14b116,35,พรรครักชาติ,#B71C1C,0,0,0.0
b247ed8b-42ec-45cb-91bb-560f20621576,15,นายณัฐสุรัช หงษ์วิจิตปรีชา,10,กรุงเทพมหานคร,5,7255d2d0-1f49-4fd8-adad-7acfea2d5126,56,พรรคเพื่อบ้านเมือง,#1565C0,0,0,0.0
b74ab08a-1363-4fb0-815f-9bf000146f43,15,นายจำรัส การะเกตุ,10,กรุงเทพมหานคร,18,b6a2dc38-6f7d-4865-a6e0-a1b60a2edf32,30,พรรคแรงงานสร้างชาติ,#1976D2,0,0,0.0
d720139c-9410-416a-a58d-5bcdee0bb089,15,ว่าที่ร้อยเอกวีรพล วงษ์มะเซาะ,10,กรุงเทพมหานคร,21,cb1b6cf2-41fa-49b1-a060-01acf13edc81,48,พรรคไทยสร้างไทย,#00ACC1,0,0,0.0
f07af3b7-2bb0-4dbe-a7c4-f278d7ae2a86,15,นางสาวปวิตรา จิตตกิจ,10,กรุงเทพมหานคร,32,1116011c-1ef3-4cca-a186-c1b9f7984ede,46,พรรคประชาชน,#F57C00,0,0,0.0
fad77481-e751-4125-8526-7725c177187d,15,นายภูริวรรธก์ ใจสำราญ,10,กรุงเทพมหานคร,12,1116011c-1ef3-4cca-a186-c1b9f7984ede,46,พรรคประชาชน,#F57C00,0,0,0.0
ff24d0be-98f2-4c6a-b5b3-8f39f76d0bba,15,นายชลธาร ทรัพย์ไพบูลย์เลิศ,10,กรุงเทพมหานคร,23,1116011c-1ef3-4cca-a186-c1b9f7984ede,46,พรรคประชาชน,#F57C00,0,0,0.0
06f16f18-af6e-44fb-bb2b-cac762b06c8d,16,นายนนท์ปวิธ แก้วงาม,10,กรุงเทพมหานคร,12,a62aca08-91b7-4f3f-ba8f-cb9e884a3799,42,พรรคกล้าธรรม,#5D4037,0,0,0.0
09705918-5d19-49f1-9c06-d426a06fab7a,16,นายณัษฐพงษ์ วุฒิพงศ์เตชากิจ,10,กรุงเทพมหานคร,13,c126e4e4-be85-44e6-bf3e-f9331b9f91a9,24,พรรควิชชั่นใหม่,#7CB342,0,2,0.0
138f5a09-d00c-4dd6-bc98-c3e317f4f6ee,16,นายกิตติศักดิ์ อัศวสุขี,10,กรุงเทพมหานคร,18,bd8d9f14-f757-41fb-8f37-d6128d9d012d,7,พรรคพลวัต,#EF6C00,0,0,0.0
26fb0a62-f5fc-4b44-955a-bba5b5e93033,16,นายชนะ ยาดี,10,กรุงเทพมหานคร,11,7255d2d0-1f49-4fd8-adad-7acfea2d5126,56,พรรคเพื่อบ้านเมือง,#1565C0,0,0,0.0
270e3af2-a907-40c1-bccf-5b2606ca2424,16,นายสุรเกียรติ์ มณีแผลงเจริญชัย,10,กรุงเทพมหานคร,23,d1964fe3-2dd0-43d5-a190-77fbfaf586b2,8,พรรคประชาธิปไตยใหม่,#1976D2,0,0,0.0
2da7e33d-02de-476d-92cf-b68311fc2c40,16,นายวสันต์ ทองคำ,10,กรุงเทพมหานคร,8,c126e4e4-be85-44e6-bf3e-f9331b9f91a9,24,พรรควิชชั่นใหม่,#7CB342,0,6,0.0
63b9a4c6-c4ad-4b66-acc9-fe22078fe254,16,นายพัฒนภาส ลิ่วมโนคุณ,10,กรุงเทพมหานคร,29,03347cbc-6089-474c-a3f6-484ae981c9a6,43,พรรคพลังประชารัฐ,#1565C0,0,0,0.0
8e547d7e-4e2c-41f2-bd32-ee39a74a96f6,16,นายอริย์ธัช สายสุวรรณ์,10,กรุงเทพมหานคร,14,54706125-9661-467d-a8af-78994d14b116,35,พรรครักชาติ,#B71C1C,0,0,0.0
91f48a95-f4ff-4566-b0f2-0a5c572541d2,16,ว่าที่ร้อยตรีทรงธรรม ทรงศิริเดชบดี,10,กรุงเทพมหานคร,30,d1964fe3-2dd0-43d5-a190-77fbfaf586b2,8,พรรคประชาธิปไตยใหม่,#1976D2,0,0,0.0
a1e818f7-58ab-4b3e-85e8-883e5f399ee6,16,นายภูรินันท์ พุทธมา,10,กรุงเทพมหานคร,32,7255d2d0-1f49-4fd8-adad-7acfea2d5126,56,พรรคเพื่อบ้านเมือง,#1565C0,0,0,0.0
acecde2b-e7a5-4ff1-94ba-0f4801efbdaa,16,นางสาวจงชนก พัชรประภากร,10,กรุงเทพมหานคร,6,339fa187-133c-4766-a6c2-36d1b32cda8f,23,พรรคปวงชนไทย,#827717,0,0,0.0
b2c5636f-d59d-40e8-b970-2dfb890fd2ee,16,นายวศิน รัตตะรังสี,10,กรุงเทพมหานคร,5,c126e4e4-be85-44e6-bf3e-f9331b9f91a9,24,พรรควิชชั่นใหม่,#7CB342,0,0,0.0
b7f1d8f5-b6fe-4718-8c57-e11029d9bb79,16,นายสาธิต นีระวงศ์,10,กรุงเทพมหานคร,10,c126e4e4-be85-44e6-bf3e-f9331b9f91a9,24,พรรควิชชั่นใหม่,#7CB342,0,0,0.0
fd6c1c21-05ca-40ea-a9e5-23b169db94c4,16,นายเจษฎา แย้มสวย,10,กรุงเทพมหานคร,31,c126e4e4-be85-44e6-bf3e-f9331b9f91a9,24,พรรควิชชั่นใหม่,#7CB342,0,0,0.0
fe00c979-200e-46f0-91e7-671c3115cfc8,16,นายกานต์ กิตติอำพน,10,กรุงเทพมหานคร,1,965b4b93-c01e-4a2b-a987-577f2b99ebb4,49,พรรคไทยก้าวใหม่,#1E88E5,0,0,0.0
0e671a71-762f-4c7f-b35f-3fb4a05759ad,17,นางสาววีร์ ศรีวราธนบูลย์,10,กรุงเทพมหานคร,23,d7155f6d-736d-42c0-8bc0-00ee6e1970dc,27,พรรคประชาธิปัตย์,#0066B3,0,0,0.0
24ba1f76-5f1c-4f07-9834-cd5c66c6a856,17,นายอภิชาติ สุริโย,10,กรุงเทพมหานคร,30,f9cadd57-8256-49aa-9386-0da392b19fc2,29,พรรคไทยภักดี,#D32F2F,0,0,0.0
6a621f5a-2d54-40c4-b1be-8fe5dbf671f7,17,ว่าที่ร้อยโทจักร์ บุนนาค,10,กรุงเทพมหานคร,11,2ee17641-917b-4ea0-8c19-da383e03e915,44,พรรคโอกาสใหม่,#26C6DA,0,0,0.0
cc2dedf5-0df0-4120-9b66-7a6325a02cfa,17,นายประสงค์ ประสพโชค,10,กรุงเทพมหานคร,1,bdd306a2-80c7-4d7b-a7ff-8dc1ec9fcc76,10,พรรคทางเลือกใหม่,#00838F,0,0,0.0
d1cc782a-73f9-4514-8c07-1c90fb0bfbcc,17,นางสาวสมพิศ ภูมิงาม,10,กรุงเทพมหานคร,18,7255d2d0-1f49-4fd8-adad-7acfea2d5126,56,พรรคเพื่อบ้านเมือง,#1565C0,0,0,0.0
00ea9ae0-30e6-44db-8d6c-54c89dc2f884,18,นายภูริจิวัจน์ วชิรวณิชกิจ,10,กรุงเทพมหานคร,11,c126e4e4-be85-44e6-bf3e-f9331b9f91a9,24,พรรควิชชั่นใหม่,#7CB342,0,0,0.0
8699c839-252b-4ae8-a5e6-4332e4d8c5fc,18,นางสาววรัญญา แอนดาริส,10,กรุงเทพมหานคร,18,2ee17641-917b-4ea0-8c19-da383e03e915,44,พรรคโอกาสใหม่,#26C6DA,0,0,0.0
8dbb9d17-b3c0-45b6-b455-02ad2e2739f1,18,นายวรพงษ์ วณิชอุชโชติ,10,กรุงเทพมหานคร,30,0c044088-618b-49af-a291-fb28ffe9e0f8,11,พรรคเศรษฐกิจ,#FFA000,0,0,0.0
aaf80e20-c517-4355-8198-d28444466fc3,18,นายกิตติคุณ ชื่นแย้ม,10,กรุงเทพมหานคร,1,03347cbc-6089-474c-a3f6-484ae981c9a6,43,พรรคพลังประชารัฐ,#1565C0,0,0,0.0
cea0f208-d945-4db9-b58e-875122409697,18,นายวรเมธ หวลหอม,10,กรุงเทพมหานคร,23,f9cadd57-8256-49aa-9386-0da392b19fc2,29,พรรคไทยภักดี,#D32F2F,0,0,0.0
cecc3254-f37d-4670-b135-91bd3c8aa525,19,นายวงศ์ปกรณ์ เกษมพงศ์จรัส,10,กรุงเทพมหานคร,30,7255d2d0-1f49-4fd8-adad-7acfea2d5126,56,พรรคเพื่อบ้านเมือง,#1565C0,0,0,0.0
