id,number,title,firstName,lastName,name,photoUrl,pmCandidateRank,partyId,partyCode,partyName,partyabbreviation,partyColor
019b96e3-28ca-4714-b55a-a66a97498a6c,1,นาย,พงษ์ฐวัฒน์,เตชะเดชเรืองกุล,นายพงษ์ฐวัฒน์ เตชะเดชเรืองกุล,,,0db115a9-bb11-4fc0-9008-4acee3614999,2,พรรคเพื่อชาติไทย,,#D32F2F
03cd33a7-8927-4b55-84bc-3c5e9e33d949,1,ร้อยเอก,ธรรมนัส,พรหมเผ่า,ร้อยเอกธรรมนัส พรหมเผ่า,,1.0,a62aca08-91b7-4f3f-ba8f-cb9e884a3799,42,พรรคกล้าธรรม,,#5D4037
101d2391-55d9-49bd-8f45-1deb3a5c415f,1,นาย,ชัยวุฒิ,ธนาคมานุสรณ์,นายชัยวุฒิ ธนาคมานุสรณ์,,2.0,54706125-9661-467d-a8af-78994d14b116,35,พรรครักชาติ,,#B71C1C
13b3024d-eff7-41f7-a0f4-396f682807ac,1,ศาสตราจารย์,สุชัชวีร์,สุวรรณสวัสดิ์,ศาสตราจารย์สุชัชวีร์ สุวรรณสวัสดิ์,,1.0,965b4b93-c01e-4a2b-a987-577f2b99ebb4,49,พรรคไทยก้าวใหม่,,#1E88E5
219345c5-b839-443a-87a8-8aee0dce31f7,1,นาย,พีระพันธุ์,สาลีรัฐวิภาค,นายพีระพันธุ์ สาลีรัฐวิภาค,,1.0,115da917-bf32-4e96-a2ae-b7818d0909ee,6,พรรครวมไทยสร้างชาติ,,#FF6D00
2477218f-0513-4099-bc5a-d1d8367caae8,1,นาย,คริส,โปตระนันทน์,นายคริส โปตระนันทน์,,2.0,0c044088-618b-49af-a291-fb28ffe9e0f8,11,พรรคเศรษฐกิจ,,#FFA000
27131d6b-b4d8-451a-85a7-ecfd4b4599a4,1,นาย,อุดมเดช,รัตนเสถียร,นายอุดมเดช รัตนเสถียร,,,cb1b6cf2-41fa-49b1-a060-01acf13edc81,48,พรรคไทยสร้างไทย,,#00ACC1
29712c3d-760c-4200-9ce2-e194f4cd01aa,1,นาย,ราเชน,ตระกูลเวียง,นายราเชน ตระกูลเวียง,,1.0,bdd306a2-80c7-4d7b-a7ff-8dc1ec9fcc76,10,พรรคทางเลือกใหม่,,#00838F
2a8eb0b2-b6a8-49b1-9134-9e47044833f1,1,นาย,บุญรวี,ยมจินดา,นายบุญรวี ยมจินดา,,,e9f5dc95-0d5c-46bc-8e2c-be791faa2b27,5,พรรครวมใจไทย,,#F4511E
2be46aa9-c338-4c3b-8c23-d6ff9aca86fd,1,ว่าที่ร้อยโท,จิระเดช,พรหมนา,ว่าที่ร้อยโทจิระเดช พรหมนา,,1.0,e465555e-0460-4f1b-8354-402c827008f1,50,พรรคประชาอาสาชาติ,,#512DA8
2fbe1408-75ad-4bd7-af92-5a2d1d91da44,1,นาย,วรงค์,เดชกิจวิกรม,นายวรงค์ เดชกิจวิกรม,,1.0,f9cadd57-8256-49aa-9386-0da392b19fc2,29,พรรคไทยภักดี,,#D32F2F
309a6751-3ffd-4603-bab9-033d60fe394c,1,นาย,ยศชนัน,วงศ์สวัสดิ์,นายยศชนัน วงศ์สวัสดิ์,https://gbqmnnammihcoxshkdxd.supabase.co/storage/v1/object/public/partylist-photos/9/001.jpg,,2d8a1c84-0bc8-4377-965d-c020a0097c27,9,พรรคเพื่อไทย,,#E4002B
3414df34-899f-47aa-9642-e3fd57926dfb,1,นาย,สุรทิน,พิจารณ์,นายสุรทิน พิจารณ์,,1.0,d1964fe3-2dd0-43d5-a190-77fbfaf586b2,8,พรรคประชาธิปไตยใหม่,,#1976D2
356b937d-18db-4ed0-b0ca-a08ad5c8b868,1,นางสาว,เมธินี,ใยสุ่น,นางสาวเมธินี ใยสุ่น,,,cb222672-cb24-4115-8454-75d3a2e14c91,40,พรรคไทยธรรม,,#6D4C41
37a42b5d-fec8-4a83-8995-93360db91cfe,1,นาย,โสภณ สมประสงค์,บิวโดอิน,นายโสภณ สมประสงค์ บิวโดอิน,,1.0,df277b91-9f1d-449c-be32-3f8235ff1f26,55,พรรคไทยรวมไทย,,#C2185B
3d03394b-14b3-4712-8385-f33d2b2a0565,1,นาย,ประสพ,บุษราคัม,นายประสพ บุษราคัม,,1.0,7255d2d0-1f49-4fd8-adad-7acfea2d5126,56,พรรคเพื่อบ้านเมือง,,#1565C0
3e18cd11-9215-48c6-be2f-9c7ef779a4a7,1,นาย,อนุทิน,ชาญวีรกูล,นายอนุทิน ชาญวีรกูล,https://gbqmnnammihcoxshkdxd.supabase.co/storage/v1/object/public/partylist-photos/37/001.jpg,1.0,013c219e-e197-416d-84ea-00ba9c35465e,37,พรรคภูมิใจไทย,,#3949AB
45ff1782-4953-4ffe-b6df-fe708808348e,1,นาย,บัญชา,เดชเจริญศิริกุล,นายบัญชา เดชเจริญศิริกุล,,1.0,c20d9515-8b33-46de-b650-824c571725a1,14,พรรคท้องที่ไทย,,#795548
49f8db43-564a-485a-a57a-9b45f95a186a,1,นาย,เอกวรพงศ์,อำนวยทรัพย์,นายเอกวรพงศ์ อำนวยทรัพย์,,1.0,bce2afcf-33ee-486e-a735-e6db4d3b930f,16,พรรคพลังเพื่อไทย,,#B71C1C
576f3333-2d4d-483b-9442-16115433c6f6,1,นาย,จักรพงศ์,ชื่นดวง,นายจักรพงศ์ ชื่นดวง,,1.0,409581ea-d469-40f6-803e-7830a6418150,17,พรรคไทยชนะ,,#D84315
58d8bf35-d5a9-4fef-8f6f-013c3b7503eb,1,นาย,จตุพร,บุรุษพัฒน์,นายจตุพร บุรุษพัฒน์,,1.0,2ee17641-917b-4ea0-8c19-da383e03e915,44,พรรคโอกาสใหม่,,#26C6DA
5e46db5d-6c51-4aa2-908e-523dbd7fceb2,1,พลตำรวจเอก,ทวี,สอดส่อง,พลตำรวจเอกทวี สอดส่อง,,1.0,7f4755ca-ea3a-4023-869d-9cabba328db0,33,พรรคประชาชาติ,,#2E7D32
5ef66676-b3e3-4e22-8f1c-29865d245bae,1,นาย,ภปกชนก,ทับเที่ยง,นายภปกชนก ทับเที่ยง,,1.0,bec5b9e5-11e6-4962-9188-94040fcf3bd1,53,พรรคไทยพิทักษ์ธรรม,,#5E35B1
66307002-9a7a-414b-aa51-452e9f866581,1,พลตำรวจเอก,เสรีพิศุทธ์,เตมียเวส,พลตำรวจเอกเสรีพิศุทธ์ เตมียเวส,,1.0,bcdcd19b-d619-47dd-8535-fafb6bc6f4d8,12,พรรคเสรีรวมไทย,,#C62828
6b09b146-7ecd-4b0f-99cb-f8445765a8d5,1,นาย,วุฒิพงษ์,เหลืองอุดมชัย,นายวุฒิพงษ์ เหลืองอุดมชัย,,,f37e9d3e-7bd9-4c83-a960-a6a05547c5b4,34,พรรคสร้างอนาคตไทย,,#00897B
6c95e811-4d0a-4009-b543-7570323e6f38,1,นาย,ปรีดา,บุญเพลิง,นายปรีดา บุญเพลิง,,,228ae2e0-33d2-4c85-bef3-419928db45cc,32,พรรคครูไทยเพื่อประชาชน,,#6A1B9A
74eeba50-4515-4475-a775-b4403a6bfb42,1,นาย,คณิศร,สมมะลวน,นายคณิศร สมมะลวน,,1.0,7ffe2115-72d1-4d71-9962-03ff61afc67c,31,พรรคประชากรไทย,,#00695C
76b7b184-56f9-4c69-9f1e-8ee531bc55d0,1,นาย,ชิงชัย,มงคลธรรม,นายชิงชัย มงคลธรรม,,1.0,8ad4145b-ea4e-40f1-893f-a9d10f3d9fb4,54,พรรคความหวังใหม่,,#303F9F
80b1d3af-9384-4163-85ac-8ccbde97863b,1,นาย,มนัส,โกศล,นายมนัส โกศล,,1.0,b6a2dc38-6f7d-4865-a6e0-a1b60a2edf32,30,พรรคแรงงานสร้างชาติ,,#1976D2
85572639-49d1-4f06-9012-a210db29c19f,1,นาย,บุญยงค์,จันทร์แสง,นายบุญยงค์ จันทร์แสง,,1.0,a2917c34-67f8-4311-813f-3138fd2d9af0,47,พรรคประชาไทย,,#3949AB
8a5c129b-e9e9-4bd4-aab3-3d82e1a11331,1,นาย,กัณวีร์,สืบแสง,นายกัณวีร์ สืบแสง,,1.0,bd8d9f14-f757-41fb-8f37-d6128d9d012d,7,พรรคพลวัต,,#EF6C00
8bda1671-aaee-4f53-a254-b8df2765294e,1,นาย,ปิติพงศ์,เต็มเจริญ,นายปิติพงศ์ เต็มเจริญ,,1.0,a54ae018-5399-423a-8a14-4d5c849a79a0,45,พรรคเป็นธรรม,,#4527A0
92925217-b78d-4b87-9d75-0382aff3d282,1,นางสาว,กชพร,เวโรจน์,นางสาวกชพร เวโรจน์,,1.0,30f1cea0-4fc2-4fcf-86f0-96000cf188b5,22,พรรคก้าวอิสระ,,#7B1FA2
9b7d6f45-d4ba-4e6a-9f79-f2cb522f3bb2,1,นาย,อรุณ,คงเจริญ,นายอรุณ คงเจริญ,,,eae55266-b74d-4322-869b-c3e5aa00701f,39,พรรคกรีน,,#4CAF50
9bd8d819-efac-4e76-8933-cadb86acccf7,1,นาย,ภัครธรณ์,เทียนไชย,นายภัครธรณ์ เทียนไชย,,,03347cbc-6089-474c-a3f6-484ae981c9a6,43,พรรคพลังประชารัฐ,,#1565C0
a20e150e-b655-4190-978b-dc71b7bec851,1,นาย,สุพงษ์พิธ,รุ่งเป้า,นายสุพงษ์พิธ รุ่งเป้า,,1.0,54c9efd2-2cd9-487a-91f7-1251aae30c2d,36,พรรคไทยพร้อม,,#0097A7
a90b0f50-41dd-4e0f-bd10-b53683e3d836,1,ว่าที่ร้อยตรี,กิตติพัทธ์,เลี้ยงประเสริฐ,ว่าที่ร้อยตรีกิตติพัทธ์ เลี้ยงประเสริฐ,,1.0,e89089ab-9e07-4933-ab7c-28f2e65bed81,20,พรรคฟิวชัน,,#AB47BC
ae611e79-b5fd-4506-8af3-1d047a9a31f7,1,นาย,ระวี,มาศฉมาดล,นายระวี มาศฉมาดล,,,2b1669bf-b61b-40b2-96a4-b235fa1e1501,38,พรรคพลังธรรมใหม่,,#7B1FA2
b0db1d10-bb93-42a2-b094-048da6fd1909,1,นาย,บุณยติเลิศ,สาระ,นายบุณยติเลิศ สาระ,,1.0,22076b92-676c-49f4-aa1c-377cc1e91e71,41,พรรคแผ่นดินธรรม,,#8D6E63
b16a055c-b888-4888-a36d-b2f15cde9e81,1,นาย,อภิสิทธิ์,เวชชาชีวะ,นายอภิสิทธิ์ เวชชาชีวะ,https://gbqmnnammihcoxshkdxd.supabase.co/storage/v1/object/public/partylist-photos/27/001.jpg,1.0,d7155f6d-736d-42c0-8bc0-00ee6e1970dc,27,พรรคประชาธิปัตย์,,#0066B3
c2273f60-60ef-46e7-857a-5b9285de79c6,1,นาย,รุ่งโรจน์,ขจรพงศ์กีรติ,นายรุ่งโรจน์ ขจรพงศ์กีรติ,,,43053588-eac7-4f7a-9dcd-dba51eeceaed,18,พรรคพลังสังคมใหม่,,#00796B
c2bb49f3-d168-4c5f-a14b-433b086a3304,1,นาง,พิมไหมทอง,ศักดิพัตโภคิน,นางพิมไหมทอง ศักดิพัตโภคิน,,2.0,f7b4da92-1d4f-4f3f-ab31-25eb36d1a8ad,51,พรรคพร้อม,,#26A69A
c3c57909-0a1a-44f3-bc40-7a96eaa30d79,1,นาย,ประวัติ,เทียนขุนทด,นายประวัติ เทียนขุนทด,,,fc22ff6d-da02-4cb6-86a7-b768c78bc19a,15,พรรคอนาคตไทย,,#FF7043
c72e8814-d489-489a-bdb7-8ee1f2fafbba,1,นาย,สายัณห์,อินทรภักดิ์,นายสายัณห์ อินทรภักดิ์,,,f95e95f3-572e-4c2f-8327-d51e9815a598,26,พรรคคลองไทย,,#0277BD
c738d5eb-641c-4444-9cb9-493ec0ed6e6c,1,นาย,เอกสิทธิ์,คุณานันทกุล,นายเอกสิทธิ์ คุณานันทกุล,,1.0,339fa187-133c-4766-a6c2-36d1b32cda8f,23,พรรคปวงชนไทย,,#827717
cbabbcd1-6ce7-4304-900d-f42a95a96ae3,1,นาย,วสวรรธน์,พวงพรศรี,นายวสวรรธน์ พวงพรศรี,,,e3ad415e-cb0c-4922-adb3-4624e857d801,21,พรรคไทรวมพลัง,,#E65100
d3d4eb26-a015-409c-b76d-a9de9991a958,1,นาย,วชิร,ศุภรมย์,นายวชิร ศุภรมย์,,1.0,176cafa7-3601-4b12-9b92-e8301267096e,52,พรรคเครือข่ายชาวนาแห่งประเทศไทย,,#558B2F
db0166b5-658f-4198-a37f-be58d964a9c5,1,นาย,พิเชษฐ,สถิรชวาล,นายพิเชษฐ สถิรชวาล,,2.0,c126e4e4-be85-44e6-bf3e-f9331b9f91a9,24,พรรควิชชั่นใหม่,,#7CB342
db240b0d-b201-4296-83aa-76e1c1a972b7,1,นาย,วัชรพล,บุษมงคล,นายวัชรพล บุษมงคล,,1.0,3caedce0-9faa-47a0-8afc-d5f4fff86578,28,พรรคไทยก้าวหน้า,,#0288D1
dcfa8f17-f805-480f-bf5a-4351a1503096,1,นาย,ทวีทรัพย์,ตัดสมัย,นายทวีทรัพย์ ตัดสมัย,,,aec0c4f2-be03-4a06-a205-b00971871173,1,พรรคไทยทรัพย์ทวี,,#FFB300
df7cee80-b93b-4c2a-91d6-9c6f8461d15b,1,นาย,สาวิทย์,แก้วหวาน,นายสาวิทย์ แก้วหวาน,,,b376f463-00b4-4a94-886c-fdbc533100e9,19,พรรคสังคมประชาธิปไตยไทย,,#E53935
e2425876-20e6-46d7-a327-32a8ef66a05f,1,นาย,ปรีชา,ไข่แก้ว,นายปรีชา ไข่แก้ว,,,6102915f-e8bc-4149-8265-ec74489adf2f,4,พรรคมิติใหม่,,#039BE5
e5fa1c84-ff80-4ab4-b1dd-9a7b6ed30033,1,นาย,ณัฐพงษ์,เรืองปัญญาวุฒิ,นายณัฐพงษ์ เรืองปัญญาวุฒิ,https://gbqmnnammihcoxshkdxd.supabase.co/storage/v1/object/public/partylist-photos/46/001.jpg,1.0,1116011c-1ef3-4cca-a186-c1b9f7984ede,46,พรรคประชาชน,,#F57C00
e7823a4d-c374-4bfd-b928-24aeba702a1c,1,นาย,อภิวิชญญ์,ทิพย์รัตน์,นายอภิวิชญญ์ ทิพย์รัตน์,,3.0,c10044e9-2d3c-4481-b323-a9aef1851236,13,พรรครวมพลังประชาชน,,#00ACC1
e8024cd0-afd7-40d8-b7ae-73815afdc45c,1,นาย,ทองประเสริฐ,จันทรอัมพร,นายทองประเสริฐ จันทรอัมพร,,1.0,88d2f617-0495-4d07-8373-eec53ac2c78b,25,พรรคเพื่อชีวิตใหม่,,#43A047
f04524f6-62e9-4642-b3a3-10bf8a860f31,1,พันตำรวจเอก,นเรศร์,อินทรพรหม,พันตำรวจเอกนเรศร์ อินทรพรหม,,,3e7b1adf-ab5f-4206-ba04-6cff9bf02f9c,57,พรรคพลังไทยรักชาติ,,#AD1457
f46d3e29-0acf-493e-a14c-6b70cc7cf2fe,1,นางสาว,นวินดา,สวัสดิ์เดชดี,นางสาวนวินดา สวัสดิ์เดชดี,,3.0,3d55d7c9-f0bc-4803-b40e-090a7ea5d872,3,พรรคใหม่,,#FF5722
08d1e22c-74fa-4fe2-a6f4-879a05953b45,2,นาย,ชัชวาลล์,คงอุดม,นายชัชวาลล์ คงอุดม,,,115da917-bf32-4e96-a2ae-b7818d0909ee,6,พรรครวมไทยสร้างชาติ,,#FF6D00
0a55ca7a-09a4-4d5c-967c-8822f5a33177,2,นาย,ไพทูรย์,บางหรง,นายไพทูรย์ บางหรง,,,b376f463-00b4-4a94-886c-fdbc533100e9,19,พรรคสังคมประชาธิปไตยไทย,,#E53935
10ac32d7-79a3-4ea0-aa30-0d9da543f060,2,ว่าที่ร้อยตรี,สุธน,พิทักษ์,ว่าที่ร้อยตรีสุธน พิทักษ์,,,e465555e-0460-4f1b-8354-402c827008f1,50,พรรคประชาอาสาชาติ,,#512DA8
12731540-36c7-4e07-a961-afe1e3f8aaba,2,นาย,อชินาธิรัตน์,ฉัตรทวีวรชัย,นายอชินาธิรัตน์ ฉัตรทวีวรชัย,,,0db115a9-bb11-4fc0-9008-4acee3614999,2,พรรคเพื่อชาติไทย,,#D32F2F
170cd5ab-c23a-4672-a109-7bd30a3e6594,2,นาย,จุลพันธ์,อมรวิวัฒน์,นายจุลพันธ์ อมรวิวัฒน์,https://gbqmnnammihcoxshkdxd.supabase.co/storage/v1/object/public/partylist-photos/9/002.jpg,2.0,2d8a1c84-0bc8-4377-965d-c020a0097c27,9,พรรคเพื่อไทย,,#E4002B
1761cbdb-ac76-4df6-a56f-5dfa913c095a,2,นาย,ธนัช,คงคา,นายธนัช คงคา,,,3caedce0-9faa-47a0-8afc-d5f4fff86578,28,พรรคไทยก้าวหน้า,,#0288D1
1a4a611c-0377-4f2b-87b3-10a5b4ab8ddd,2,นาย,พนพภณษฎ์,ทองคำ,นายพนพภณษฎ์ ทองคำ,,2.0,7255d2d0-1f49-4fd8-adad-7acfea2d5126,56,พรรคเพื่อบ้านเมือง,,#1565C0
1bf3628c-19a6-418a-89bf-863aec8c4cfe,2,นาย,ปพน,วงศ์ตระกูล,นายปพน วงศ์ตระกูล,,,6102915f-e8bc-4149-8265-ec74489adf2f,4,พรรคมิติใหม่,,#039BE5
1dd94934-4903-4a2d-9905-0f07c9be685f,2,นาย,กิตติพงษ์,เทียมสุวรรณ,นายกิตติพงษ์ เทียมสุวรรณ,,,c126e4e4-be85-44e6-bf3e-f9331b9f91a9,24,พรรควิชชั่นใหม่,,#7CB342
240043ef-0cc3-46a8-81ad-2f2e5ad0efb8,2,พลเอก,ณรงค์,พฤกษารุ่งเรือง,พลเอกณรงค์ พฤกษารุ่งเรือง,,2.0,7ffe2115-72d1-4d71-9962-03ff61afc67c,31,พรรคประชากรไทย,,#00695C
275ccf2e-f56f-4528-a3e6-117fc52d0ca8,2,นาย,ชัยนครินทร์,ศรีกุลโรจน์,นายชัยนครินทร์ ศรีกุลโรจน์,,,df277b91-9f1d-449c-be32-3f8235ff1f26,55,พรรคไทยรวมไทย,,#C2185B
31f60f50-b36b-4fe5-9de9-f93f4e202b3a,2,พลเอก,กฤษณ์โยธิน,ศศิพัฒนวงษ์,พลเอกกฤษณ์โยธิน ศศิพัฒนวงษ์,,,03347cbc-6089-474c-a3f6-484ae981c9a6,43,พรรคพลังประชารัฐ,,#1565C0
39271296-75f5-4139-b2be-07b0d15d6194,2,นาง,แพงศรี,พิจารณ์,นางแพงศรี พิจารณ์,,,d1964fe3-2dd0-43d5-a190-77fbfaf586b2,8,พรรคประชาธิปไตยใหม่,,#1976D2
3bfd8370-2d37-44cc-8c47-f0dc3868efac,2,นาย,มาโนช,กฤตยาเมธา,นายมาโนช กฤตยาเมธา,,,3e7b1adf-ab5f-4206-ba04-6cff9bf02f9c,57,พรรคพลังไทยรักชาติ,,#AD1457
43345928-660a-4325-a5a2-9da43cfdf407,2,นาย,ไพศาล,ปันแดน,นายไพศาล ปันแดน,,,228ae2e0-33d2-4c85-bef3-419928db45cc,32,พรรคครูไทยเพื่อประชาชน,,#6A1B9A
4633f758-aa23-4cd0-9daa-8140140779b5,2,นาย,พิทักษ์,สันติวงษ์สกุล,นายพิทักษ์ สันติวงษ์สกุล,,,e89089ab-9e07-4933-ab7c-28f2e65bed81,20,พรรคฟิวชัน,,#AB47BC
480a532a-f53e-4a7b-8f2e-451241984a8d,2,นาย,สรยุทธ,เพ็ชรตระกูล,นายสรยุทธ เพ็ชรตระกูล,,,bd8d9f14-f757-41fb-8f37-d6128d9d012d,7,พรรคพลวัต,,#EF6C00
48c38a88-50a9-4519-9fe7-c8d743b4ace5,2,นาย,ธวัช,ชลารักษ์,นายธวัช ชลารักษ์,,,88d2f617-0495-4d07-8373-eec53ac2c78b,25,พรรคเพื่อชีวิตใหม่,,#43A047
53718b98-b0a4-4064-9446-6024dce68775,2,นาย,ชวน,หลีกภัย,นายชวน หลีกภัย,https://gbqmnnammihcoxshkdxd.supabase.co/storage/v1/object/public/partylist-photos/27/002.jpg,,d7155f6d-736d-42c0-8bc0-00ee6e1970dc,27,พรรคประชาธิปัตย์,,#0066B3
5afb6182-9423-4742-a825-868e2ca99bf0,2,นางสาว,ชวลักษณ์,เวียงวิเศษ,นางสาวชวลักษณ์ เวียงวิเศษ,,,f9cadd57-8256-49aa-9386-0da392b19fc2,29,พรรคไทยภักดี,,#D32F2F
5c580c2c-0620-40fe-9ca8-b18d94989e80,2,นางสาว,กรรณ์,ชวกรกุล,นางสาวกรรณ์ ชวกรกุล,,,a54ae018-5399-423a-8a14-4d5c849a79a0,45,พรรคเป็นธรรม,,#4527A0
5c832e56-11f9-467f-908b-863a75d4594c,2,นาย,พูลลาภ,บุญสม,นายพูลลาภ บุญสม,,,8ad4145b-ea4e-40f1-893f-a9d10f3d9fb4,54,พรรคความหวังใหม่,,#303F9F
616f3cec-bf9d-4800-9ff1-8f50ac40c143,2,นาย,ประวัฒน์,อุตตะโมช,นายประวัฒน์ อุตตะโมช,,,cb1b6cf2-41fa-49b1-a060-01acf13edc81,48,พรรคไทยสร้างไทย,,#00ACC1
61e46ca5-e9e7-4b15-8890-a1bd58dec32f,2,นาง,นฤมล,ภิญโญสินวัฒน์,นางนฤมล ภิญโญสินวัฒน์,,,a62aca08-91b7-4f3f-ba8f-cb9e884a3799,42,พรรคกล้าธรรม,,#5D4037
69b07986-39be-4b4b-9b12-3fc090b35c2c,2,นาย,วิทยา,ติรณะประกิจ,นายวิทยา ติรณะประกิจ,,,339fa187-133c-4766-a6c2-36d1b32cda8f,23,พรรคปวงชนไทย,,#827717
6ca65a53-5202-48b6-b148-237c069d08f9,2,นาย,สุวัฒน์,เพชรกาศ,นายสุวัฒน์ เพชรกาศ,,,a2917c34-67f8-4311-813f-3138fd2d9af0,47,พรรคประชาไทย,,#3949AB
7b771ea0-5bbc-47b1-a28e-57b3c572f964,2,นาย,ทิวา,ขำศิริ,นายทิวา ขำศิริ,,,3d55d7c9-f0bc-4803-b40e-090a7ea5d872,3,พรรคใหม่,,#FF5722
8058636b-c433-4af9-baac-a3377d2f0aef,2,นาย,วสันต์,พานเงิน,นายวสันต์ พานเงิน,,2.0,b6a2dc38-6f7d-4865-a6e0-a1b60a2edf32,30,พรรคแรงงานสร้างชาติ,,#1976D2
811a06ba-444e-4ad2-9754-2d9b24217f47,2,นาย,ศรัณยพงษ์,วงษ์นาคพงษ์,นายศรัณยพงษ์ วงษ์นาคพงษ์,,,c20d9515-8b33-46de-b650-824c571725a1,14,พรรคท้องที่ไทย,,#795548
8315dfe7-c0b3-43b7-a3b1-715a8c4c07ca,2,นาย,อภิภู,พีรภูรินท์,นายอภิภู พีรภูรินท์,,,43053588-eac7-4f7a-9dcd-dba51eeceaed,18,พรรคพลังสังคมใหม่,,#00796B
8640454f-ca98-4beb-857b-c4d7d3e7155b,2,นาย,สรสินธุ,ไตรจักรภพ,นายสรสินธุ ไตรจักรภพ,,,bdd306a2-80c7-4d7b-a7ff-8dc1ec9fcc76,10,พรรคทางเลือกใหม่,,#00838F
95095073-9db2-40b6-a677-78b02bfd10d6,2,นาย,ชัยธรณ์,ยมจินดา,นายชัยธรณ์ ยมจินดา,,,e9f5dc95-0d5c-46bc-8e2c-be791faa2b27,5,พรรครวมใจไทย,,#F4511E
98b9e87f-aad9-4d21-b903-5c0fd18f3298,2,นาย,วิรัตน์,วรศสิริน,นายวิรัตน์ วรศสิริน,,,bcdcd19b-d619-47dd-8535-fafb6bc6f4d8,12,พรรคเสรีรวมไทย,,#C62828
9a68567b-9aee-406e-8def-06fdb9bffa52,2,นาย,กิจการ,ศรีพระพร,นายกิจการ ศรีพระพร,,,f95e95f3-572e-4c2f-8327-d51e9815a598,26,พรรคคลองไทย,,#0277BD
a322948f-7e48-4c65-a7c9-17f95f19281c,2,นาย,ชาญชัย,โตพฤกษา,นายชาญชัย โตพฤกษา,,3.0,30f1cea0-4fc2-4fcf-86f0-96000cf188b5,22,พรรคก้าวอิสระ,,#7B1FA2
a33d9e5b-a9df-4c73-98a6-1997b2191b3f,2,นาย,วันมูหะมัดนอร์,มะทา,นายวันมูหะมัดนอร์ มะทา,,2.0,7f4755ca-ea3a-4023-869d-9cabba328db0,33,พรรคประชาชาติ,,#2E7D32
aac14d34-01c8-4501-a042-949a04f935ea,2,นาย,อัคเดช,เครือบุญสิน,นายอัคเดช เครือบุญสิน,,,f7b4da92-1d4f-4f3f-ab31-25eb36d1a8ad,51,พรรคพร้อม,,#26A69A
ab16588e-0cd2-429d-8db5-ea31882cc504,2,นาย,เอกพิทยา,เอี่ยมคงเอก,นายเอกพิทยา เอี่ยมคงเอก,,,54706125-9661-467d-a8af-78994d14b116,35,พรรครักชาติ,,#B71C1C
b3c86251-e52d-423e-af01-f3ca7116c1cc,2,นาย,ภาคภูมิ,สามพรานไพบูลย์,นายภาคภูมิ สามพรานไพบูลย์,,,c10044e9-2d3c-4481-b323-a9aef1851236,13,พรรครวมพลังประชาชน,,#00ACC1
b3eef8b1-8047-4065-b15b-ba3a416f6f85,2,นาย,ฐานวัฒน์,วิบูลย์ธนสาร,นายฐานวัฒน์ วิบูลย์ธนสาร,,,409581ea-d469-40f6-803e-7830a6418150,17,พรรคไทยชนะ,,#D84315
ba1e22a8-5ad7-44de-be36-06c0254995d2,2,นาย,เจริญ,คัมภีรภาพ,นายเจริญ คัมภีรภาพ,,2.0,bec5b9e5-11e6-4962-9188-94040fcf3bd1,53,พรรคไทยพิทักษ์ธรรม,,#5E35B1
bfa3ed31-5211-419c-919a-db3207969fbd,2,นาย,สุริยา,โคตรภูธร,นายสุริยา โคตรภูธร,,,22076b92-676c-49f4-aa1c-377cc1e91e71,41,พรรคแผ่นดินธรรม,,#8D6E63
c35bfa1d-2cab-4478-97d4-e56048d74e9b,2,นาย,พีรพล,กนกวลัย,นายพีรพล กนกวลัย,,,0c044088-618b-49af-a291-fb28ffe9e0f8,11,พรรคเศรษฐกิจ,,#FFA000
cafff8fe-f879-47ec-a569-d69955e8bbd9,2,นาย,ไชยชนก,ชิดชอบ,นายไชยชนก ชิดชอบ,https://gbqmnnammihcoxshkdxd.supabase.co/storage/v1/object/public/partylist-photos/37/002.jpg,,013c219e-e197-416d-84ea-00ba9c35465e,37,พรรคภูมิใจไทย,,#3949AB
cd30c071-b48e-49ab-b398-bef4b7f79e14,2,นาย,กิติกร,หุ้นส่วน,นายกิติกร หุ้นส่วน,,,e3ad415e-cb0c-4922-adb3-4624e857d801,21,พรรคไทรวมพลัง,,#E65100
d30a860f-1b3f-4afc-b293-eeeef11f150e,2,นาย,สมโชค,จันทร์ทอง,นายสมโชค จันทร์ทอง,,,2b1669bf-b61b-40b2-96a4-b235fa1e1501,38,พรรคพลังธรรมใหม่,,#7B1FA2
d6bf8a93-9edb-452c-9e9b-88fbf66bc244,2,นาย,ภูมิพัฒน์,ถิรพัฒน์ภูวัต,นายภูมิพัฒน์ ถิรพัฒน์ภูวัต,,,bce2afcf-33ee-486e-a735-e6db4d3b930f,16,พรรคพลังเพื่อไทย,,#B71C1C
d8cb40cf-56e0-464a-a9f4-aa6321b46c0c,2,นาย,วิศรุต,ครุฑไกวัล,นายวิศรุต ครุฑไกวัล,,3.0,cb222672-cb24-4115-8454-75d3a2e14c91,40,พรรคไทยธรรม,,#6D4C41
dc899824-50c9-4102-826f-8a6544a69959,2,นาย,วันชัย,ปารมีกาศ,นายวันชัย ปารมีกาศ,,,176cafa7-3601-4b12-9b92-e8301267096e,52,พรรคเครือข่ายชาวนาแห่งประเทศไทย,,#558B2F
e0a0a8f0-56c9-4617-93e6-fa51da966da6,2,นาย,ณัฏฐชัย,ศรีรุ่งสุขพินิจ,นายณัฏฐชัย ศรีรุ่งสุขพินิจ,,,2ee17641-917b-4ea0-8c19-da383e03e915,44,พรรคโอกาสใหม่,,#26C6DA
e0e6e596-3eda-41f5-b133-4915bee48364,2,นางสาว,วันวิสา,ยามน้ำทรัพย์,นางสาววันวิสา ยามน้ำทรัพย์,,,f37e9d3e-7bd9-4c83-a960-a6a05547c5b4,34,พรรคสร้างอนาคตไทย,,#00897B
e3510bb9-5f49-4aaf-b64a-050a84ccec83,2,นางสาว,ศิริกัญญา,ตันสกุล,นางสาวศิริกัญญา ตันสกุล,https://gbqmnnammihcoxshkdxd.supabase.co/storage/v1/object/public/partylist-photos/46/002.jpg,2.0,1116011c-1ef3-4cca-a186-c1b9f7984ede,46,พรรคประชาชน,,#F57C00
e703f738-7c16-46b5-a26d-4afbd0919b00,2,คุณหญิง,กัลยา,โสภณพนิช,คุณหญิงกัลยา โสภณพนิช,,2.0,965b4b93-c01e-4a2b-a987-577f2b99ebb4,49,พรรคไทยก้าวใหม่,,#1E88E5
e77068c7-2f92-4aab-b936-6b6262fae8e0,2,นาง,เมลดา,เกตุวิชิต,นางเมลดา เกตุวิชิต,,,aec0c4f2-be03-4a06-a205-b00971871173,1,พรรคไทยทรัพย์ทวี,,#FFB300
f99cc621-ad18-4812-b1ee-277a37611797,2,นาย,ธนพงศ์,สกุลธนพาณิช,นายธนพงศ์ สกุลธนพาณิช,,3.0,54c9efd2-2cd9-487a-91f7-1251aae30c2d,36,พรรคไทยพร้อม,,#0097A7
fd30e5f4-170a-4642-aadc-fbe48b525a58,2,นาย,พงศา,ชูแนม,นายพงศา ชูแนม,,,eae55266-b74d-4322-869b-c3e5aa00701f,39,พรรคกรีน,,#4CAF50
02fc4df2-cd8a-468a-83f7-86c1118fdd7e,3,นางสาว,จีรินันท์,ธนบดีโชติวัฒน์,นางสาวจีรินันท์ ธนบดีโชติวัฒน์,,,bce2afcf-33ee-486e-a735-e6db4d3b930f,16,พรรคพลังเพื่อไทย,,#B71C1C
1477ef9a-1c90-4805-9f8f-4b7638dce060,3,นางสาว,ปรียาภรณ์,คงผอม,นางสาวปรียาภรณ์ คงผอม,,,f95e95f3-572e-4c2f-8327-d51e9815a598,26,พรรคคลองไทย,,#0277BD
1abe4387-fb11-4b98-a934-45e45579d444,3,นางสาว,อังสณา,เนียมวณิชกุล,นางสาวอังสณา เนียมวณิชกุล,,,0c044088-618b-49af-a291-fb28ffe9e0f8,11,พรรคเศรษฐกิจ,,#FFA000
3133aca8-0d4f-4eb9-82ba-a311723ba0ec,3,นาย,ทรงตระกูล,โสมคำ,นายทรงตระกูล โสมคำ,,2.0,3d55d7c9-f0bc-4803-b40e-090a7ea5d872,3,พรรคใหม่,,#FF5722
346bef85-82a9-42fb-85b0-00b14a28efd8,3,นาย,ชนินทร์,ปิ่นทอง,นายชนินทร์ ปิ่นทอง,,,54706125-9661-467d-a8af-78994d14b116,35,พรรครักชาติ,,#B71C1C
3a857cc5-d559-4dbe-8aa2-87da552a0951,3,นาง,กุสุมาลวตี,ศิริโกมุท,นางกุสุมาลวตี ศิริโกมุท,,3.0,3caedce0-9faa-47a0-8afc-d5f4fff86578,28,พรรคไทยก้าวหน้า,,#0288D1
3c68f322-94c2-425b-895b-662a0f6b7292,3,นาย,สำเร็จพูลณ์ทวีฐ์,รุ่งเรือง,นายสำเร็จพูลณ์ทวีฐ์ รุ่งเรือง,,,7255d2d0-1f49-4fd8-adad-7acfea2d5126,56,พรรคเพื่อบ้านเมือง,,#1565C0
3dd6e1f7-b12a-4347-b84d-4c7a62410324,3,นาย,ปฏิยุทธ,ทองประจง,นายปฏิยุทธ ทองประจง,,,f9cadd57-8256-49aa-9386-0da392b19fc2,29,พรรคไทยภักดี,,#D32F2F
46ffadfe-d427-48cf-955d-cf22382ede55,3,นาย,ภูชิสส์,ศรีเจริญ,นายภูชิสส์ ศรีเจริญ,,,339fa187-133c-4766-a6c2-36d1b32cda8f,23,พรรคปวงชนไทย,,#827717
4d4d4ab1-defe-4290-a9c3-d1b54b57725a,3,นาย,มาหะมะนาเซ,ยีลูมา,นายมาหะมะนาเซ ยีลูมา,,,88d2f617-0495-4d07-8373-eec53ac2c78b,25,พรรคเพื่อชีวิตใหม่,,#43A047
545006af-2831-43fe-b5eb-1b31a2070785,3,นาง,ปวีณา,หงสกุล,นางปวีณา หงสกุล,,,a62aca08-91b7-4f3f-ba8f-cb9e884a3799,42,พรรคกล้าธรรม,,#5D4037
5a9f2584-17f6-4c57-8f71-16c698bb594f,3,นาย,วิชัย,ครองยุติ,นายวิชัย ครองยุติ,,,d1964fe3-2dd0-43d5-a190-77fbfaf586b2,8,พรรคประชาธิปไตยใหม่,,#1976D2
5af54669-c8f1-4895-9040-c19df31c9bf7,3,นาย,วิชัย,รักบิดา,นายวิชัย รักบิดา,,,43053588-eac7-4f7a-9dcd-dba51eeceaed,18,พรรคพลังสังคมใหม่,,#00796B
63e34227-e6bb-4cb7-941c-050a87b97851,3,นาย,รุ่งเรือง,พิทยศิริ,นายรุ่งเรือง พิทยศิริ,,,7f4755ca-ea3a-4023-869d-9cabba328db0,33,พรรคประชาชาติ,,#2E7D32
660bbab0-ede8-47ed-a24e-bbf954e97b6a,3,นาย,ก้องเกียรติ,กรสูต,นายก้องเกียรติ กรสูต,,,965b4b93-c01e-4a2b-a987-577f2b99ebb4,49,พรรคไทยก้าวใหม่,,#1E88E5
660cc595-7d9d-4a39-8445-0c0371ff7118,3,นาย,วีระยุทธ,กาญจน์ชูฉัตร,นายวีระยุทธ กาญจน์ชูฉัตร,https://gbqmnnammihcoxshkdxd.supabase.co/storage/v1/object/public/partylist-photos/46/003.jpg,3.0,1116011c-1ef3-4cca-a186-c1b9f7984ede,46,พรรคประชาชน,,#F57C00
673e17f4-366f-49d7-9d36-9d154f7dfb6a,3,นาย,วิทยา,ปราบภัย,นายวิทยา ปราบภัย,,,df277b91-9f1d-449c-be32-3f8235ff1f26,55,พรรคไทยรวมไทย,,#C2185B
73851a3c-ebd5-4a05-a13b-7d8d7d001325,3,นาย,ทศพร,เสรีรักษ์,นายทศพร เสรีรักษ์,,2.0,2ee17641-917b-4ea0-8c19-da383e03e915,44,พรรคโอกาสใหม่,,#26C6DA
744bce37-0f4c-4833-898a-5c141dfaaeb1,3,นาย,เกษม,เปล่งปลั่ง,นายเกษม เปล่งปลั่ง,,,8ad4145b-ea4e-40f1-893f-a9d10f3d9fb4,54,พรรคความหวังใหม่,,#303F9F
76d33790-5656-4a89-aede-bd58cf12376c,3,นาย,ดวงใจ,เชื้อคำเพ็ง,นายดวงใจ เชื้อคำเพ็ง,,2.0,22076b92-676c-49f4-aa1c-377cc1e91e71,41,พรรคแผ่นดินธรรม,,#8D6E63
830e7008-638c-4895-8160-4748e45785e3,3,นาย,อรรถวิชช์,สุวรรณภักดี,นายอรรถวิชช์ สุวรรณภักดี,,2.0,115da917-bf32-4e96-a2ae-b7818d0909ee,6,พรรครวมไทยสร้างชาติ,,#FF6D00
840c3728-c900-4194-a9b3-aa8a701715c6,3,นาย,กฤตภัค,นิมะบุตร,นายกฤตภัค นิมะบุตร,,,e89089ab-9e07-4933-ab7c-28f2e65bed81,20,พรรคฟิวชัน,,#AB47BC
8b1aed90-b27d-43c6-9207-3dbd720d512f,3,นาย,สุริยะ,จึงรุ่งเรืองกิจ,นายสุริยะ จึงรุ่งเรืองกิจ,https://gbqmnnammihcoxshkdxd.supabase.co/storage/v1/object/public/partylist-photos/9/003.jpg,3.0,2d8a1c84-0bc8-4377-965d-c020a0097c27,9,พรรคเพื่อไทย,,#E4002B
8d733944-0ab0-454f-9205-886c308c7395,3,นางสาว,ณีรนุช,จิตต์สม,นางสาวณีรนุช จิตต์สม,,,b376f463-00b4-4a94-886c-fdbc533100e9,19,พรรคสังคมประชาธิปไตยไทย,,#E53935
8e9d3f1b-1330-4798-8351-e82bd0a78977,3,นาย,นิกรณ์,ไผ่ตระกูล,นายนิกรณ์ ไผ่ตระกูล,,,b6a2dc38-6f7d-4865-a6e0-a1b60a2edf32,30,พรรคแรงงานสร้างชาติ,,#1976D2
8f8b1f51-f7a9-4b0b-a842-a1be83c770f6,3,นาย,พิชญุตม์,สุชิน,นายพิชญุตม์ สุชิน,,,e9f5dc95-0d5c-46bc-8e2c-be791faa2b27,5,พรรครวมใจไทย,,#F4511E
8ff83d26-7c03-4a5d-a287-982af173833d,3,นาย,ศุภชัย,ชูวารี,นายศุภชัย ชูวารี,,,a2917c34-67f8-4311-813f-3138fd2d9af0,47,พรรคประชาไทย,,#3949AB
96282db5-5fb3-4097-9fc7-87e2a4c95e1f,3,นาย,เทอดรัฐ,นาหัวนิล,นายเทอดรัฐ นาหัวนิล,,,176cafa7-3601-4b12-9b92-e8301267096e,52,พรรคเครือข่ายชาวนาแห่งประเทศไทย,,#558B2F
9b75fe05-146d-4b20-8d30-4b1dca089071,3,นาย,โกศล,หกสุวรรณ,นายโกศล หกสุวรรณ,,,409581ea-d469-40f6-803e-7830a6418150,17,พรรคไทยชนะ,,#D84315
a62235d8-5add-4435-8d39-6bafb7216225,3,นางสาว,กฤชพร,นาคำมิน,นางสาวกฤชพร นาคำมิน,,,bec5b9e5-11e6-4962-9188-94040fcf3bd1,53,พรรคไทยพิทักษ์ธรรม,,#5E35B1
a6eff732-af32-4b5b-b8f4-25dfcc4f6f9f,3,นาย,มงคลกิตติ์,สุขสินธารานนท์,นายมงคลกิตติ์ สุขสินธารานนท์,,2.0,bdd306a2-80c7-4d7b-a7ff-8dc1ec9fcc76,10,พรรคทางเลือกใหม่,,#00838F
a947e495-08bb-4fbc-be6f-ba4442585f5e,3,นาย,ประสิทธิ์ชัย,หนูนวล,นายประสิทธิ์ชัย หนูนวล,,,a54ae018-5399-423a-8a14-4d5c849a79a0,45,พรรคเป็นธรรม,,#4527A0
ab41ddf6-594b-44ff-b848-6ca7a5b43394,3,นาย,วราวุธ,ศิลปอาชา,นายวราวุธ ศิลปอาชา,https://gbqmnnammihcoxshkdxd.supabase.co/storage/v1/object/public/partylist-photos/37/003.jpg,,013c219e-e197-416d-84ea-00ba9c35465e,37,พรรคภูมิใจไทย,,#3949AB
b3432538-67c2-4ae2-8f5a-30ed189550ff,3,นายหมวดโท,สุรพจน์,เพชรกรรพุม,นายหมวดโทสุรพจน์ เพชรกรรพุม,,,54c9efd2-2cd9-487a-91f7-1251aae30c2d,36,พรรคไทยพร้อม,,#0097A7
b3b078cc-3dd1-4781-b861-05022250ea74,3,นาง,พนิตพร,ส่อนชัย,นางพนิตพร ส่อนชัย,,,aec0c4f2-be03-4a06-a205-b00971871173,1,พรรคไทยทรัพย์ทวี,,#FFB300
b766ab25-5bce-4a0a-bd6e-e406ea30b376,3,นาย,พัฒนา,รัตนพันธ์,นายพัฒนา รัตนพันธ์,,,c20d9515-8b33-46de-b650-824c571725a1,14,พรรคท้องที่ไทย,,#795548
ba0bfa19-fd89-4621-affb-58b3542b50dc,3,นาย,วรปรัชญ์,พ้องพงษ์ศรี,นายวรปรัชญ์ พ้องพงษ์ศรี,,,6102915f-e8bc-4149-8265-ec74489adf2f,4,พรรคมิติใหม่,,#039BE5
bfb7c545-35b4-465d-8de3-fa6265a7402b,3,นาย,เศรษฐศิษฏ์,ณุวงค์ศรี,นายเศรษฐศิษฏ์ ณุวงค์ศรี,,,228ae2e0-33d2-4c85-bef3-419928db45cc,32,พรรคครูไทยเพื่อประชาชน,,#6A1B9A
c030df75-94f7-4c29-8e29-5b06aec9e676,3,นาย,อนุรักษ์,นรษี,นายอนุรักษ์ นรษี,,,e3ad415e-cb0c-4922-adb3-4624e857d801,21,พรรคไทรวมพลัง,,#E65100
c0eab792-f3b9-41b8-b816-ac939a9446d5,3,นาย,กรณ์,จาติกวณิช,นายกรณ์ จาติกวณิช,https://gbqmnnammihcoxshkdxd.supabase.co/storage/v1/object/public/partylist-photos/27/003.jpg,2.0,d7155f6d-736d-42c0-8bc0-00ee6e1970dc,27,พรรคประชาธิปัตย์,,#0066B3
c1bb75ce-8a2a-4695-b586-87afcc3c9dae,3,นาง,กรรธิมา,สันติสุข,นางกรรธิมา สันติสุข,,,2b1669bf-b61b-40b2-96a4-b235fa1e1501,38,พรรคพลังธรรมใหม่,,#7B1FA2
c68d7111-f4f5-47d3-ab92-1008fdc2f23e,3,นาย,วรรณยุทธ,ไวยวุฒิ,นายวรรณยุทธ ไวยวุฒิ,,,0db115a9-bb11-4fc0-9008-4acee3614999,2,พรรคเพื่อชาติไทย,,#D32F2F
d4e910e8-4882-4085-8a64-5ab8afb58379,3,นาย,มงคล,กลิ่นกระจาย,นายมงคล กลิ่นกระจาย,,,7ffe2115-72d1-4d71-9962-03ff61afc67c,31,พรรคประชากรไทย,,#00695C
d52ccf21-86a6-4d3a-9f50-babbc9fe4ce2,3,นาย,ศิริชัย,บุญศรี,นายศิริชัย บุญศรี,,,f37e9d3e-7bd9-4c83-a960-a6a05547c5b4,34,พรรคสร้างอนาคตไทย,,#00897B
d7bb3e8f-765b-4b7b-984a-550333d82120,3,นาย,สุโท,สร้างคำ,นายสุโท สร้างคำ,,,c126e4e4-be85-44e6-bf3e-f9331b9f91a9,24,พรรควิชชั่นใหม่,,#7CB342
d9cfc563-dab4-4d6e-9e1b-797e02ec3495,3,นาย,นิเวศน์,สุแก้ว,นายนิเวศน์ สุแก้ว,,,30f1cea0-4fc2-4fcf-86f0-96000cf188b5,22,พรรคก้าวอิสระ,,#7B1FA2
db3b49c1-c84b-4004-bac6-4819e0a3e6ab,3,นาย,สุเทพ,เทพรุ่งโรจน์,นายสุเทพ เทพรุ่งโรจน์,,,cb222672-cb24-4115-8454-75d3a2e14c91,40,พรรคไทยธรรม,,#6D4C41
e01c8faa-5d82-4376-b983-31fba90c5feb,3,นาย,อานุภาพ,ธีรณิศรานนท์,นายอานุภาพ ธีรณิศรานนท์,,,e465555e-0460-4f1b-8354-402c827008f1,50,พรรคประชาอาสาชาติ,,#512DA8
e3df0db4-4d45-4705-a279-46370971292c,3,นาย,ชวลิต,วิชยสุทธิ์,นายชวลิต วิชยสุทธิ์,,,cb1b6cf2-41fa-49b1-a060-01acf13edc81,48,พรรคไทยสร้างไทย,,#00ACC1
e4e28d05-32b5-4f12-b203-395046e407d3,3,นาย,ศุภชัย,นาคสุวรรณ์,นายศุภชัย นาคสุวรรณ์,,,bcdcd19b-d619-47dd-8535-fafb6bc6f4d8,12,พรรคเสรีรวมไทย,,#C62828
e65bbc68-11ff-4edf-9fde-832a7e02f9ae,3,นาย,ไชโย,จันทร์ทำมา,นายไชโย จันทร์ทำมา,,,f7b4da92-1d4f-4f3f-ab31-25eb36d1a8ad,51,พรรคพร้อม,,#26A69A
f305d468-47b4-42ae-a44a-c9e367d01f0c,3,พลตำรวจโท,ปิยะ,ต๊ะวิชัย,พลตำรวจโทปิยะ ต๊ะวิชัย,,,03347cbc-6089-474c-a3f6-484ae981c9a6,43,พรรคพลังประชารัฐ,,#1565C0
f3f7f0c3-f442-45c9-b775-d229c7593adc,3,นาย,ธวัฎน์,ว่องวรานนท์,นายธวัฎน์ ว่องวรานนท์,,,eae55266-b74d-4322-869b-c3e5aa00701f,39,พรรคกรีน,,#4CAF50
f4cc9a90-f64a-4e10-b4b9-b8936ed7f157,3,นางสาว,ชัญญพัชร์,โมอินทร์,นางสาวชัญญพัชร์ โมอินทร์,,,c10044e9-2d3c-4481-b323-a9aef1851236,13,พรรครวมพลังประชาชน,,#00ACC1
fc100139-e2e8-40e1-8729-53184429dcf7,3,นาย,อภิสิทธิ์,ไล่สัตรูไกล,นายอภิสิทธิ์ ไล่สัตรูไกล,,,bd8d9f14-f757-41fb-8f37-d6128d9d012d,7,พรรคพลวัต,,#EF6C00
0372be67-6a55-4362-bfcb-0916d9d22807,4,นาย,ประสงค์,แก้ววิจิตร,นายประสงค์ แก้ววิจิตร,,,409581ea-d469-40f6-803e-7830a6418150,17,พรรคไทยชนะ,,#D84315
0dbeb84c-4e19-4d43-9920-1210523754ba,4,นาย,สุวิช,ศุมานนท์,นายสุวิช ศุมานนท์,,,b376f463-00b4-4a94-886c-fdbc533100e9,19,พรรคสังคมประชาธิปไตยไทย,,#E53935
1a1e88e9-3192-46d8-a545-a1845ccda05d,4,นาย,กัณตพัฒน์,เตชะกมลสุข,นายกัณตพัฒน์ เตชะกมลสุข,,,f7b4da92-1d4f-4f3f-ab31-25eb36d1a8ad,51,พรรคพร้อม,,#26A69A
1fa3f2fd-873a-4393-960b-a9754ed3ff46,4,นาย,สุพล,หมื่นศรีพรม,นายสุพล หมื่นศรีพรม,,,0db115a9-bb11-4fc0-9008-4acee3614999,2,พรรคเพื่อชาติไทย,,#D32F2F
20b604b2-c1de-4929-9a18-4bc622fa13d3,4,นาย,ฟาฮัด,มะทา,นายฟาฮัด มะทา,,,7f4755ca-ea3a-4023-869d-9cabba328db0,33,พรรคประชาชาติ,,#2E7D32
26b5b593-032e-4c04-990d-077b48aacb1b,4,นาย,วุฒิชัย,จุลวงศ์,นายวุฒิชัย จุลวงศ์,,,3caedce0-9faa-47a0-8afc-d5f4fff86578,28,พรรคไทยก้าวหน้า,,#0288D1
28d828e9-aad0-4b7d-928c-11204710af5f,4,พลเอก,สุนัย,ประภูชะเนย์,พลเอกสุนัย ประภูชะเนย์,,,03347cbc-6089-474c-a3f6-484ae981c9a6,43,พรรคพลังประชารัฐ,,#1565C0
2c4845d1-6fcf-402c-a50a-d26a750267af,4,นาย,ชัยพร,จิรวินิจนันท์,นายชัยพร จิรวินิจนันท์,,,54706125-9661-467d-a8af-78994d14b116,35,พรรครักชาติ,,#B71C1C
3ce804cf-f5ad-47ec-8486-9f9fa6bd56e7,4,นางสาว,จิตภัสร์ ตั๊น,กฤดากร,นางสาวจิตภัสร์ ตั๊น กฤดากร,,,965b4b93-c01e-4a2b-a987-577f2b99ebb4,49,พรรคไทยก้าวใหม่,,#1E88E5
42ffc116-c330-4230-b5e9-8e8d063511b9,4,นางสาว,วิไล,คุ้มเจริญ,นางสาววิไล คุ้มเจริญ,,,c10044e9-2d3c-4481-b323-a9aef1851236,13,พรรครวมพลังประชาชน,,#00ACC1
50fa6921-2cea-4da2-8cac-22a7f04caac1,4,นาย,แสนรัก,แสงสว่าง,นายแสนรัก แสงสว่าง,,,a2917c34-67f8-4311-813f-3138fd2d9af0,47,พรรคประชาไทย,,#3949AB
51c643b2-ccf4-4162-becf-0062dca49817,4,นาย,กิตติวินท์,แก้วคำมา,นายกิตติวินท์ แก้วคำมา,,,30f1cea0-4fc2-4fcf-86f0-96000cf188b5,22,พรรคก้าวอิสระ,,#7B1FA2
5aceaba8-654f-401c-855e-daa59022885c,4,นาย,ไพโรจน์,โล่ห์สุนทร,นายไพโรจน์ โล่ห์สุนทร,https://gbqmnnammihcoxshkdxd.supabase.co/storage/v1/object/public/partylist-photos/9/004.jpg,,2d8a1c84-0bc8-4377-965d-c020a0097c27,9,พรรคเพื่อไทย,,#E4002B
5af2471b-2520-4bc7-a17f-2aa334228828,4,นางสาว,เกศศิริ,เรืองกาญจนเศรษฐ์,นางสาวเกศศิริ เรืองกาญจนเศรษฐ์,,,bcdcd19b-d619-47dd-8535-fafb6bc6f4d8,12,พรรคเสรีรวมไทย,,#C62828
5da391bb-654d-4412-9620-d71645da7b11,4,นาย,นิกอิสฮาก,เปาะซา,นายนิกอิสฮาก เปาะซา,,,7ffe2115-72d1-4d71-9962-03ff61afc67c,31,พรรคประชากรไทย,,#00695C
5e470c4e-c6cd-43a1-8268-1d7500b9bed9,4,นาย,มุนี,ยูโซ๊ะ,นายมุนี ยูโซ๊ะ,,,f37e9d3e-7bd9-4c83-a960-a6a05547c5b4,34,พรรคสร้างอนาคตไทย,,#00897B
5f96fc99-ee25-4b45-aa3c-953b745ec11c,4,นาย,สิทธิพร,ศรีประสงค์,นายสิทธิพร ศรีประสงค์,,,e89089ab-9e07-4933-ab7c-28f2e65bed81,20,พรรคฟิวชัน,,#AB47BC
6b1d9f2a-1f8c-489f-aa44-fa3c5cb80b88,4,นาย,ปฏิวัติ,พิจารณ์,นายปฏิวัติ พิจารณ์,,,d1964fe3-2dd0-43d5-a190-77fbfaf586b2,8,พรรคประชาธิปไตยใหม่,,#1976D2
6b9e87e7-c9ee-45c1-9168-33656150dc0a,4,นาย,โสภณ,สุวัฒนพิมพ์,นายโสภณ สุวัฒนพิมพ์,,,c20d9515-8b33-46de-b650-824c571725a1,14,พรรคท้องที่ไทย,,#795548
6e758bdf-813d-487a-b873-aee3614154ca,4,พลตำรวจตรี,ไพบูลย์,มะระพฤกษ์วรรณ,พลตำรวจตรีไพบูลย์ มะระพฤกษ์วรรณ,,,0c044088-618b-49af-a291-fb28ffe9e0f8,11,พรรคเศรษฐกิจ,,#FFA000
744af0e5-5350-4189-8ebe-d1a7c8f4f44c,4,นางสาว,ชลธิดา,ยุทธเสรี,นางสาวชลธิดา ยุทธเสรี,,,6102915f-e8bc-4149-8265-ec74489adf2f,4,พรรคมิติใหม่,,#039BE5
7c2bb932-11f5-4978-bce5-f8b8a0980d15,4,นาย,สันติ,พร้อมพัฒน์,นายสันติ พร้อมพัฒน์,https://gbqmnnammihcoxshkdxd.supabase.co/storage/v1/object/public/partylist-photos/37/004.jpg,,013c219e-e197-416d-84ea-00ba9c35465e,37,พรรคภูมิใจไทย,,#3949AB
7f413c5a-9b91-4a47-a446-23026553cbf1,4,นาย,ศรัณย์วุฒิ,ศรัณย์เกตุ,นายศรัณย์วุฒิ ศรัณย์เกตุ,,,2ee17641-917b-4ea0-8c19-da383e03e915,44,พรรคโอกาสใหม่,,#26C6DA
8655e102-5b7e-41d9-a35d-2251ec1cfcc0,4,นาย,สุทธินันท์,วัตระดี,นายสุทธินันท์ วัตระดี,,,cb222672-cb24-4115-8454-75d3a2e14c91,40,พรรคไทยธรรม,,#6D4C41
8c608b31-c763-4e82-bd7a-a7cf6bc03fa2,4,นาย,สมนึก,วิจิตรโสภณ,นายสมนึก วิจิตรโสภณ,,,e9f5dc95-0d5c-46bc-8e2c-be791faa2b27,5,พรรครวมใจไทย,,#F4511E
8d7abd6a-e174-4793-a4bf-b9db72b97146,4,นาย,ชาตินักรบ,อินสอน,นายชาตินักรบ อินสอน,,,7255d2d0-1f49-4fd8-adad-7acfea2d5126,56,พรรคเพื่อบ้านเมือง,,#1565C0
965cf926-1b64-4899-a24a-19ded1129d6d,4,นาย,กฤษณะ,เนตร์ชัยรัตน์,นายกฤษณะ เนตร์ชัยรัตน์,,,2b1669bf-b61b-40b2-96a4-b235fa1e1501,38,พรรคพลังธรรมใหม่,,#7B1FA2
97762564-5614-49f7-bb05-047f6c20278d,4,นาย,ไพโรจน์,กระจ่างพันธ์,นายไพโรจน์ กระจ่างพันธ์,,,228ae2e0-33d2-4c85-bef3-419928db45cc,32,พรรคครูไทยเพื่อประชาชน,,#6A1B9A
9b694946-d7d3-433d-9f12-8a3dbc0c6045,4,นาย,วรพล,เตชะธิ,นายวรพล เตชะธิ,,,43053588-eac7-4f7a-9dcd-dba51eeceaed,18,พรรคพลังสังคมใหม่,,#00796B
9d79f5d8-a8c3-4580-abcc-b0f15a439b34,4,นาย,วิชัย,แซ่เตีย,นายวิชัย แซ่เตีย,,,54c9efd2-2cd9-487a-91f7-1251aae30c2d,36,พรรคไทยพร้อม,,#0097A7
9e5c3a31-2c82-45ea-b1d9-7904ecda2968,4,นาย,สุรสิทธิ์,มัจฉาเดช,นายสุรสิทธิ์ มัจฉาเดช,,1.0,3d55d7c9-f0bc-4803-b40e-090a7ea5d872,3,พรรคใหม่,,#FF5722
a73327b0-e15d-4905-a895-52c740836ae8,4,นาย,ศรศาสตร์,นาเมืองรักษ์,นายศรศาสตร์ นาเมืองรักษ์,,,b6a2dc38-6f7d-4865-a6e0-a1b60a2edf32,30,พรรคแรงงานสร้างชาติ,,#1976D2
adfbe28e-ee6b-47ab-bb38-59f5eed00c08,4,นางสาว,ปุณยวีร์,เต็มเจริญ,นางสาวปุณยวีร์ เต็มเจริญ,,2.0,a54ae018-5399-423a-8a14-4d5c849a79a0,45,พรรคเป็นธรรม,,#4527A0
afa2493a-784f-4ad7-b797-6ab6e807ddcb,4,นาย,สอาด,คงอิ่ม,นายสอาด คงอิ่ม,,,88d2f617-0495-4d07-8373-eec53ac2c78b,25,พรรคเพื่อชีวิตใหม่,,#43A047
b01fe059-5a37-4c1e-984f-02c984376781,4,นาย,เซีย,จำปาทอง,นายเซีย จำปาทอง,https://gbqmnnammihcoxshkdxd.supabase.co/storage/v1/object/public/partylist-photos/46/004.jpg,,1116011c-1ef3-4cca-a186-c1b9f7984ede,46,พรรคประชาชน,,#F57C00
b66cabad-a1c6-4234-b6e2-3e7c9defb6e1,4,นาย,กฤษณ์พงศ์,เกียรติศักดิ์,นายกฤษณ์พงศ์ เกียรติศักดิ์,,,f9cadd57-8256-49aa-9386-0da392b19fc2,29,พรรคไทยภักดี,,#D32F2F
bd14dbbb-c0bd-49c7-9f69-abefc0d2adcc,4,นาย,พัฒนชัย,รัตนบุรี,นายพัฒนชัย รัตนบุรี,,,bec5b9e5-11e6-4962-9188-94040fcf3bd1,53,พรรคไทยพิทักษ์ธรรม,,#5E35B1
be118982-a6fa-43ed-9315-288c2cb8049d,4,นาย,ทัศพงษ์,เข่งพิมล,นายทัศพงษ์ เข่งพิมล,,,8ad4145b-ea4e-40f1-893f-a9d10f3d9fb4,54,พรรคความหวังใหม่,,#303F9F
ce76ec80-54ed-41a9-99fa-95e3a3fcef7f,4,นาง,การดี,เลียวไพโรจน์,นางการดี เลียวไพโรจน์,https://gbqmnnammihcoxshkdxd.supabase.co/storage/v1/object/public/partylist-photos/27/004.jpg,3.0,d7155f6d-736d-42c0-8bc0-00ee6e1970dc,27,พรรคประชาธิปัตย์,,#0066B3
cef88d19-b86f-4dc5-8d64-546f8c84a08e,4,นาย,บุญยืน,พานิชกุล,นายบุญยืน พานิชกุล,,,176cafa7-3601-4b12-9b92-e8301267096e,52,พรรคเครือข่ายชาวนาแห่งประเทศไทย,,#558B2F
cefb989f-dec8-4166-84cb-eac03bc77282,4,นาย,ฉลอง,วิเชียรแก้ว,นายฉลอง วิเชียรแก้ว,,,e3ad415e-cb0c-4922-adb3-4624e857d801,21,พรรคไทรวมพลัง,,#E65100
d2da7b53-55c6-4eed-8ce0-f7fd133527d8,4,นาย,สมบูรณ์,บุญยรัตนประภา,นายสมบูรณ์ บุญยรัตนประภา,,,339fa187-133c-4766-a6c2-36d1b32cda8f,23,พรรคปวงชนไทย,,#827717
ddc0b8ef-7b60-4808-8e3a-f8a15985c62a,4,นาง,ศศิธร,ช่วยศรีนวล,นางศศิธร ช่วยศรีนวล,,,f95e95f3-572e-4c2f-8327-d51e9815a598,26,พรรคคลองไทย,,#0277BD
e05c0db6-6a97-487b-bf70-735be86ce5d3,4,นางสาว,ปิยรัช,อารยเมธาเลิศ,นางสาวปิยรัช อารยเมธาเลิศ,,,bce2afcf-33ee-486e-a735-e6db4d3b930f,16,พรรคพลังเพื่อไทย,,#B71C1C
e3229cc8-df08-4d3d-877f-df98d5e9c3fb,4,นาย,กุลพัสฐ์,พูลศิริวงศ์,นายกุลพัสฐ์ พูลศิริวงศ์,,,bd8d9f14-f757-41fb-8f37-d6128d9d012d,7,พรรคพลวัต,,#EF6C00
e771d4b2-5644-4a1b-be2e-79f0d7c56599,4,นาย,ชนพัฒน์,โภคาเจริญเกียรติ,นายชนพัฒน์ โภคาเจริญเกียรติ,,,c126e4e4-be85-44e6-bf3e-f9331b9f91a9,24,พรรควิชชั่นใหม่,,#7CB342
e8529f48-9bc1-4c5a-8f0c-ea30db5bdf87,4,นาย,นราพัฒน์,แก้วทอง,นายนราพัฒน์ แก้วทอง,,3.0,115da917-bf32-4e96-a2ae-b7818d0909ee,6,พรรครวมไทยสร้างชาติ,,#FF6D00
eff5cf2c-8e93-41c6-94c9-867073dd0112,4,นาย,สิทธิศักดิ์,พัฒนชัย,นายสิทธิศักดิ์ พัฒนชัย,,3.0,bdd306a2-80c7-4d7b-a7ff-8dc1ec9fcc76,10,พรรคทางเลือกใหม่,,#00838F
f1bbeac2-73a0-46e7-a05f-86e768f2497b,4,นาย,อิสรภาพ,คงเจริญ,นายอิสรภาพ คงเจริญ,,,eae55266-b74d-4322-869b-c3e5aa00701f,39,พรรคกรีน,,#4CAF50
f6582951-44f7-444e-aa38-33b5ff09dc01,4,นาวาเอก,อนุดิษฐ์,นาครทรรพ,นาวาเอกอนุดิษฐ์ นาครทรรพ,,,a62aca08-91b7-4f3f-ba8f-cb9e884a3799,42,พรรคกล้าธรรม,,#5D4037
f7caeb04-1da5-4f5e-9f71-6640fee77e55,4,นาย,ต่อพงษ์,ไชยสาส์น,นายต่อพงษ์ ไชยสาส์น,,,cb1b6cf2-41fa-49b1-a060-01acf13edc81,48,พรรคไทยสร้างไทย,,#00ACC1
f94180e8-2491-48f6-b93f-ecda4ddc49ca,4,นาย,พลัฏฐ์,เพียรพิทักษ์,นายพลัฏฐ์ เพียรพิทักษ์,,,df277b91-9f1d-449c-be32-3f8235ff1f26,55,พรรคไทยรวมไทย,,#C2185B
fa8a0a86-6a1a-4539-8486-34e7927750ca,4,นางสาว,จิราภรณ์,สารตันติพงศ์,นางสาวจิราภรณ์ สารตันติพงศ์,,,22076b92-676c-49f4-aa1c-377cc1e91e71,41,พรรคแผ่นดินธรรม,,#8D6E63
00d413c9-8942-4c24-90c4-87a865a06f61,5,นาย,พริษฐ์,รัตนกุลเสรีเริงฤทธิ์,นายพริษฐ์ รัตนกุลเสรีเริงฤทธิ์,,,0c044088-618b-49af-a291-fb28ffe9e0f8,11,พรรคเศรษฐกิจ,,#FFA000
028e1b5e-0fcb-48d9-8f85-58937857b484,5,นาย,ไชยวัฒน์,หาญสมวงศ์,นายไชยวัฒน์ หาญสมวงศ์,,,cb1b6cf2-41fa-49b1-a060-01acf13edc81,48,พรรคไทยสร้างไทย,,#00ACC1
0891e259-f66e-423d-8c35-286136920f07,5,นาย,ราเชนทร์,ศิวะเสาร์แก้ว,นายราเชนทร์ ศิวะเสาร์แก้ว,,,7255d2d0-1f49-4fd8-adad-7acfea2d5126,56,พรรคเพื่อบ้านเมือง,,#1565C0
0b6b7718-3174-4795-a982-6d54ea90b825,5,นาย,ธนวัฒน์,เกตุงาม,นายธนวัฒน์ เกตุงาม,,,f37e9d3e-7bd9-4c83-a960-a6a05547c5b4,34,พรรคสร้างอนาคตไทย,,#00897B
0b9728d2-8a05-4ca9-b110-788b323d3338,5,นาย,คมกริช,พุดดี,นายคมกริช พุดดี,,,228ae2e0-33d2-4c85-bef3-419928db45cc,32,พรรคครูไทยเพื่อประชาชน,,#6A1B9A
13b120fe-c551-4d6f-8cae-9648ab71a1d6,5,นางสาว,ชนัญชิดา,กั้ววิจารย์,นางสาวชนัญชิดา กั้ววิจารย์,,,c126e4e4-be85-44e6-bf3e-f9331b9f91a9,24,พรรควิชชั่นใหม่,,#7CB342
185c3f81-74d2-4e62-a728-808c224d4df4,5,นาย,กิตติศักดิ์,โตฤกษ์ธนะดีงาม,นายกิตติศักดิ์ โตฤกษ์ธนะดีงาม,,,bec5b9e5-11e6-4962-9188-94040fcf3bd1,53,พรรคไทยพิทักษ์ธรรม,,#5E35B1
1ccbdeb9-261c-4f3c-9227-958828c7fec0,5,นางสาว,อภิญญา,พิมพ์ทอง,นางสาวอภิญญา พิมพ์ทอง,,,3caedce0-9faa-47a0-8afc-d5f4fff86578,28,พรรคไทยก้าวหน้า,,#0288D1
25cf7783-eea9-4903-8462-b9f55c034b1f,5,นาย,ทองจันทร์,จันเต,นายทองจันทร์ จันเต,,,0db115a9-bb11-4fc0-9008-4acee3614999,2,พรรคเพื่อชาติไทย,,#D32F2F
28d5c1e2-3ddc-494f-8de6-4503b9ef28b5,5,นาย,ชัยวุฒิ,บรรณวัฒน์,นายชัยวุฒิ บรรณวัฒน์,https://gbqmnnammihcoxshkdxd.supabase.co/storage/v1/object/public/partylist-photos/27/005.jpg,,d7155f6d-736d-42c0-8bc0-00ee6e1970dc,27,พรรคประชาธิปัตย์,,#0066B3
30494179-8449-40aa-8c7e-4055aecfae71,5,นาย,สำเริง,การเสถียร,นายสำเริง การเสถียร,,,c10044e9-2d3c-4481-b323-a9aef1851236,13,พรรครวมพลังประชาชน,,#00ACC1
31a101ea-8ead-4b39-b431-4fe91cfd6d16,5,นางสาว,รัสรินทร์,เชาว์คุณาเตชะวงษ์,นางสาวรัสรินทร์ เชาว์คุณาเตชะวงษ์,,,54c9efd2-2cd9-487a-91f7-1251aae30c2d,36,พรรคไทยพร้อม,,#0097A7
3bbf9708-f9f4-4ad0-aa5c-64308e31f556,5,พลตำรวจตรี,ไมตรี,สันตยากุล,พลตำรวจตรีไมตรี สันตยากุล,,,7f4755ca-ea3a-4023-869d-9cabba328db0,33,พรรคประชาชาติ,,#2E7D32
4b8bd7d6-c735-4b7b-b5e9-636a1d8be5bf,5,นาย,อำนาจ,โพธิ์กรุณา,นายอำนาจ โพธิ์กรุณา,,,30f1cea0-4fc2-4fcf-86f0-96000cf188b5,22,พรรคก้าวอิสระ,,#7B1FA2
531ecb1c-6bad-4198-964c-09b6afecb245,5,นางสาว,กฤตทัศชญา,ดิษฐเนตร,นางสาวกฤตทัศชญา ดิษฐเนตร,,,bcdcd19b-d619-47dd-8535-fafb6bc6f4d8,12,พรรคเสรีรวมไทย,,#C62828
53942802-1221-460d-9f4f-72516cb2de01,5,นาย,โสภณพงศ์,เหตานุรักษ์,นายโสภณพงศ์ เหตานุรักษ์,,,e89089ab-9e07-4933-ab7c-28f2e65bed81,20,พรรคฟิวชัน,,#AB47BC
54c50e59-f9a1-455d-951e-a1fe8d5ffc27,5,นางสาว,ปวีณา,ปาคำ,นางสาวปวีณา ปาคำ,,,d1964fe3-2dd0-43d5-a190-77fbfaf586b2,8,พรรคประชาธิปไตยใหม่,,#1976D2
56445019-5f83-4fc6-ae2d-e7eb958c0cfd,5,นาย,ปัญญา,วันดี,นายปัญญา วันดี,,,b6a2dc38-6f7d-4865-a6e0-a1b60a2edf32,30,พรรคแรงงานสร้างชาติ,,#1976D2
57ecede2-7bdb-44d7-a70e-c6737297328d,5,นาย,เวนิช,ปู่วงษ์,นายเวนิช ปู่วงษ์,,,b376f463-00b4-4a94-886c-fdbc533100e9,19,พรรคสังคมประชาธิปไตยไทย,,#E53935
58eaea88-20f3-47ba-b9a2-d2b3ff08d877,5,นางสาว,เบญญาภา,วงษ์แหวน,นางสาวเบญญาภา วงษ์แหวน,,,f95e95f3-572e-4c2f-8327-d51e9815a598,26,พรรคคลองไทย,,#0277BD
5b93f862-410c-4490-bca1-bfd40d333ff7,5,นาย,เมธี,พรมเสน,นายเมธี พรมเสน,,,bd8d9f14-f757-41fb-8f37-d6128d9d012d,7,พรรคพลวัต,,#EF6C00
68af1ca7-0cd7-4754-ae24-4399c456c942,5,นาย,ประเสริฐ,จันทรรวงทอง,นายประเสริฐ จันทรรวงทอง,https://gbqmnnammihcoxshkdxd.supabase.co/storage/v1/object/public/partylist-photos/9/005.jpg,,2d8a1c84-0bc8-4377-965d-c020a0097c27,9,พรรคเพื่อไทย,,#E4002B
6dd10052-f015-4f0d-9961-32a5fa4babd3,5,นาย,ภูดิส,กลิ่นวิชิต,นายภูดิส กลิ่นวิชิต,,,f9cadd57-8256-49aa-9386-0da392b19fc2,29,พรรคไทยภักดี,,#D32F2F
75133224-9350-45f2-bf0d-34c5337f2075,5,นางสาว,ซาบีดา,ไทยเศรษฐ์,นางสาวซาบีดา ไทยเศรษฐ์,https://gbqmnnammihcoxshkdxd.supabase.co/storage/v1/object/public/partylist-photos/37/005.jpg,,013c219e-e197-416d-84ea-00ba9c35465e,37,พรรคภูมิใจไทย,,#3949AB
7ab9687a-b32b-4e69-a329-9a7e9848f958,5,นาย,วิชิต,ดิษฐประสพ,นายวิชิต ดิษฐประสพ,,,a2917c34-67f8-4311-813f-3138fd2d9af0,47,พรรคประชาไทย,,#3949AB
7c47c932-06b8-407e-97e4-fcad224cfe5b,5,นาย,ณัฏฐกรณ์,ทวีรักษา,นายณัฏฐกรณ์ ทวีรักษา,,,54706125-9661-467d-a8af-78994d14b116,35,พรรครักชาติ,,#B71C1C
915c74a0-a659-4b9f-9647-6ef8da057ad0,5,นาย,วราวิช,กำภู ณ อยุธยา,นายวราวิช กำภู ณ อยุธยา,,,965b4b93-c01e-4a2b-a987-577f2b99ebb4,49,พรรคไทยก้าวใหม่,,#1E88E5
92b4ab9b-273f-40ed-b739-8e9a25adf496,5,นาย,พันธุ์ศักดิ์,ซาบุ,นายพันธุ์ศักดิ์ ซาบุ,,,339fa187-133c-4766-a6c2-36d1b32cda8f,23,พรรคปวงชนไทย,,#827717
950b5adf-bd15-47d1-9bed-02576a39a082,5,นาย,บุญเลิศ,สืบเสนาะ,นายบุญเลิศ สืบเสนาะ,,,bdd306a2-80c7-4d7b-a7ff-8dc1ec9fcc76,10,พรรคทางเลือกใหม่,,#00838F
9ce86b54-7379-4aff-b7f3-89175aed94a3,5,นาย,อิสริยะ,ไพรีพ่ายฤทธิ์,นายอิสริยะ ไพรีพ่ายฤทธิ์,https://gbqmnnammihcoxshkdxd.supabase.co/storage/v1/object/public/partylist-photos/46/005.jpg,,1116011c-1ef3-4cca-a186-c1b9f7984ede,46,พรรคประชาชน,,#F57C00
a2c223ae-2efc-4720-8661-af3daa6d9e05,5,นางสาว,อนุสรี,ทับสุวรรณ,นางสาวอนุสรี ทับสุวรรณ,,,2ee17641-917b-4ea0-8c19-da383e03e915,44,พรรคโอกาสใหม่,,#26C6DA
aa45bdac-b57b-417c-9a2e-03ed5a995fd3,5,นาย,ชาตรี,ไทยทัต,นายชาตรี ไทยทัต,,,e9f5dc95-0d5c-46bc-8e2c-be791faa2b27,5,พรรครวมใจไทย,,#F4511E
b3143ca5-0a4f-4a11-9133-86614b44ba7d,5,นาย,ทนงศักดิ์,รักอารมณ์,นายทนงศักดิ์ รักอารมณ์,,,eae55266-b74d-4322-869b-c3e5aa00701f,39,พรรคกรีน,,#4CAF50
b46b35ae-fb0b-4662-a9f8-441249d547e8,5,นางสาว,สุรัสญา,วิทยประภารัตน์,นางสาวสุรัสญา วิทยประภารัตน์,,,2b1669bf-b61b-40b2-96a4-b235fa1e1501,38,พรรคพลังธรรมใหม่,,#7B1FA2
b4a632ef-6565-44ec-8879-4d771447d27e,5,นาย,วิกรม,เตชะธีราวัฒน์,นายวิกรม เตชะธีราวัฒน์,,,a62aca08-91b7-4f3f-ba8f-cb9e884a3799,42,พรรคกล้าธรรม,,#5D4037
b6744f07-c7f4-491e-abc7-1f847cac5903,5,นาย,โกวิทย์,จันทร์หอม,นายโกวิทย์ จันทร์หอม,,3.0,22076b92-676c-49f4-aa1c-377cc1e91e71,41,พรรคแผ่นดินธรรม,,#8D6E63
bec36e78-8965-450d-9a9e-ce452df4c3c4,5,นาย,วรพัทธ์,คงสะอาด,นายวรพัทธ์ คงสะอาด,,,f7b4da92-1d4f-4f3f-ab31-25eb36d1a8ad,51,พรรคพร้อม,,#26A69A
c78ce57f-448f-467b-8736-a64eb8d0bc03,5,นาย,วิทยา,แก้วภราดัย,นายวิทยา แก้วภราดัย,,,115da917-bf32-4e96-a2ae-b7818d0909ee,6,พรรครวมไทยสร้างชาติ,,#FF6D00
d4cb7751-0239-44e7-bc51-893e2899a2de,5,นาง,เตือนใจ,น้ำใจสัตย์,นางเตือนใจ น้ำใจสัตย์,,,176cafa7-3601-4b12-9b92-e8301267096e,52,พรรคเครือข่ายชาวนาแห่งประเทศไทย,,#558B2F
d9261312-f2b8-4329-a1ba-5fca8ae55e37,5,นางสาว,สุขใจ,ไพรสิงห์,นางสาวสุขใจ ไพรสิงห์,,,7ffe2115-72d1-4d71-9962-03ff61afc67c,31,พรรคประชากรไทย,,#00695C
dc7f4942-879f-4f9a-be41-30a741825bb3,5,นาย,สมมิตร,รัตนกระจ่าง,นายสมมิตร รัตนกระจ่าง,,,6102915f-e8bc-4149-8265-ec74489adf2f,4,พรรคมิติใหม่,,#039BE5
e62257f2-3dc3-432c-ac3b-5f10df15edd5,5,นาย,วสันต์,นุ้ยภิรมย์,นายวสันต์ นุ้ยภิรมย์,,,409581ea-d469-40f6-803e-7830a6418150,17,พรรคไทยชนะ,,#D84315
eb46e88b-c6e0-4fe9-8705-fa85af6ae5e7,5,นาย,ศดิศ,ใจเที่ยง,นายศดิศ ใจเที่ยง,,,cb222672-cb24-4115-8454-75d3a2e14c91,40,พรรคไทยธรรม,,#6D4C41
ebcc2132-0983-4dfd-a564-cccb651b0778,5,นาย,สราวุธ,คาน,นายสราวุธ คาน,,,e3ad415e-cb0c-4922-adb3-4624e857d801,21,พรรคไทรวมพลัง,,#E65100
f2678253-ec72-43bd-91f4-3d36c00c62eb,5,นาย,อรรถษิธ,ชื่นสงวน,นายอรรถษิธ ชื่นสงวน,,2.0,c20d9515-8b33-46de-b650-824c571725a1,14,พรรคท้องที่ไทย,,#795548
f4cae79e-4ecc-4e20-b41d-15449ce89896,5,นาย,สนั่น,พงษ์อักษร,นายสนั่น พงษ์อักษร,,,03347cbc-6089-474c-a3f6-484ae981c9a6,43,พรรคพลังประชารัฐ,,#1565C0
fa7f2f6a-f1a2-47ae-a3ce-7b47e812a7d4,5,นาย,กร,โอสถานุเคราะห์,นายกร โอสถานุเคราะห์,,,a54ae018-5399-423a-8a14-4d5c849a79a0,45,พรรคเป็นธรรม,,#4527A0
fa9251a8-0de9-4bd8-a4bf-c7ed4aa3332b,5,นาย,วิเชษฐ์,บุนนาค,นายวิเชษฐ์ บุนนาค,,,3d55d7c9-f0bc-4803-b40e-090a7ea5d872,3,พรรคใหม่,,#FF5722
ffb93315-4915-4380-8e9c-0c388eb66874,5,นาย,สัญญา,ด่านวันดี,นายสัญญา ด่านวันดี,,,8ad4145b-ea4e-40f1-893f-a9d10f3d9fb4,54,พรรคความหวังใหม่,,#303F9F
04f57aad-a2b9-44ce-9442-a786d18a906a,6,นาย,อธิราษฎร์,ดำดี,นายอธิราษฎร์ ดำดี,,,a54ae018-5399-423a-8a14-4d5c849a79a0,45,พรรคเป็นธรรม,,#4527A0
0ef6c3d8-b57a-451b-827c-bc42fcb9a65c,6,นาย,จาตุรนต์,ฉายแสง,นายจาตุรนต์ ฉายแสง,https://gbqmnnammihcoxshkdxd.supabase.co/storage/v1/object/public/partylist-photos/9/006.jpg,,2d8a1c84-0bc8-4377-965d-c020a0097c27,9,พรรคเพื่อไทย,,#E4002B
136a4825-c7f3-4ed0-92da-0c129eab8248,6,นาย,ศตภพ,อานไทสง,นายศตภพ อานไทสง,,,3caedce0-9faa-47a0-8afc-d5f4fff86578,28,พรรคไทยก้าวหน้า,,#0288D1
22e08549-1454-4b3a-b354-3b97904bbd2e,6,นาย,ปฏิณญา,วิเชฎฐพงษ์,นายปฏิณญา วิเชฎฐพงษ์,,,f9cadd57-8256-49aa-9386-0da392b19fc2,29,พรรคไทยภักดี,,#D32F2F
2324d8d2-6c95-405c-b5dc-435d7a5483f5,6,นาย,รณชิต,ยะรังษี,นายรณชิต ยะรังษี,,,cb222672-cb24-4115-8454-75d3a2e14c91,40,พรรคไทยธรรม,,#6D4C41
26c89967-802a-4144-aaf3-4c543f97214a,6,นาย,เดโช,พรหมชิต,นายเดโช พรหมชิต,,,e3ad415e-cb0c-4922-adb3-4624e857d801,21,พรรคไทรวมพลัง,,#E65100
2d4db306-bcb5-4220-a011-b0710777dc66,6,นาย,ภานุ,กล่อมจิตร์,นายภานุ กล่อมจิตร์,,,b6a2dc38-6f7d-4865-a6e0-a1b60a2edf32,30,พรรคแรงงานสร้างชาติ,,#1976D2
3d7a272f-3900-41bc-bb04-a1c049dcc2e8,6,นาย,สมนึก,เกวียนกระโทก,นายสมนึก เกวียนกระโทก,,,8ad4145b-ea4e-40f1-893f-a9d10f3d9fb4,54,พรรคความหวังใหม่,,#303F9F
4bb7c515-28f5-4f12-88ea-31d6bb17e6a9,6,นาย,ทนงศักดิ์,ศิริรัตน์,นายทนงศักดิ์ ศิริรัตน์,,3.0,c20d9515-8b33-46de-b650-824c571725a1,14,พรรคท้องที่ไทย,,#795548
5056f7f3-6a5c-4702-846e-59bdee7aad69,6,นาง,อิสรีย์,พงศ์กมลานนท์,นางอิสรีย์ พงศ์กมลานนท์,,,7ffe2115-72d1-4d71-9962-03ff61afc67c,31,พรรคประชากรไทย,,#00695C
52b295e4-ef21-44cc-bea5-54a66171f162,6,นาย,วิศิษย์,จันดากูล,นายวิศิษย์ จันดากูล,,,54c9efd2-2cd9-487a-91f7-1251aae30c2d,36,พรรคไทยพร้อม,,#0097A7
57227dda-c5f4-4f4b-9a5f-743e52a4d896,6,นาย,อนันธิยศิริ,เฮงตระกูล,นายอนันธิยศิริ เฮงตระกูล,,,22076b92-676c-49f4-aa1c-377cc1e91e71,41,พรรคแผ่นดินธรรม,,#8D6E63
57e71341-94b4-46c5-8fa3-279636009b4b,6,นาย,กาวาล,โสชู,นายกาวาล โสชู,,,3d55d7c9-f0bc-4803-b40e-090a7ea5d872,3,พรรคใหม่,,#FF5722
598844f8-a038-441f-b5f1-fdc2cedd4425,6,นาย,รักชาติ,อินทรีย์,นายรักชาติ อินทรีย์,,,7255d2d0-1f49-4fd8-adad-7acfea2d5126,56,พรรคเพื่อบ้านเมือง,,#1565C0
5b0202f5-1762-4d1c-b67d-ea2e0ef9cf4f,6,นางสาว,จิรปรียา,อวนศรี,นางสาวจิรปรียา อวนศรี,,,a2917c34-67f8-4311-813f-3138fd2d9af0,47,พรรคประชาไทย,,#3949AB
5b8c4585-58ba-4fc7-97d3-4d32e720e5c7,6,นาย,ธนากร,เศรษฐพินิจ,นายธนากร เศรษฐพินิจ,,,409581ea-d469-40f6-803e-7830a6418150,17,พรรคไทยชนะ,,#D84315
61cd2bae-4d3f-4527-a439-63359e4385d7,6,นาย,กัมปนาท,มูลโต,นายกัมปนาท มูลโต,,,228ae2e0-33d2-4c85-bef3-419928db45cc,32,พรรคครูไทยเพื่อประชาชน,,#6A1B9A
6654b817-6263-4056-a2fa-b8cd6b6342c4,6,นาย,สมชาย,เลี้ยงสว่าง,นายสมชาย เลี้ยงสว่าง,,,bcdcd19b-d619-47dd-8535-fafb6bc6f4d8,12,พรรคเสรีรวมไทย,,#C62828
6fbd7b2e-d5db-45cc-9033-c0d4cd9ef2cc,6,นาย,สุปกิต,โพธิ์ปภาพันธ์,นายสุปกิต โพธิ์ปภาพันธ์,,,2ee17641-917b-4ea0-8c19-da383e03e915,44,พรรคโอกาสใหม่,,#26C6DA
73790605-1eb7-4990-8101-fcb4ef8665b3,6,นาย,รัชทร,พรหมราช,นายรัชทร พรหมราช,,,30f1cea0-4fc2-4fcf-86f0-96000cf188b5,22,พรรคก้าวอิสระ,,#7B1FA2
75debf25-db14-4006-9469-5766996cef0e,6,นางสาว,ณัฐยา,บุญภักดี,นางสาวณัฐยา บุญภักดี,https://gbqmnnammihcoxshkdxd.supabase.co/storage/v1/object/public/partylist-photos/46/006.jpg,,1116011c-1ef3-4cca-a186-c1b9f7984ede,46,พรรคประชาชน,,#F57C00
79828761-1925-474c-b22d-a9ec51f08588,6,นาย,วรฐ,สุนทรนนท์,นายวรฐ สุนทรนนท์,,,339fa187-133c-4766-a6c2-36d1b32cda8f,23,พรรคปวงชนไทย,,#827717
7a632ca3-ecd9-40f5-a9be-100f0d29ba31,6,นาย,วันสาด,ศรีสุวรรณ,นายวันสาด ศรีสุวรรณ,,,eae55266-b74d-4322-869b-c3e5aa00701f,39,พรรคกรีน,,#4CAF50
826a69c3-e9bc-43f5-b78c-b6e9e6c62f85,6,นาย,อัมพร,พินะสา,นายอัมพร พินะสา,https://gbqmnnammihcoxshkdxd.supabase.co/storage/v1/object/public/partylist-photos/27/006.jpg,,d7155f6d-736d-42c0-8bc0-00ee6e1970dc,27,พรรคประชาธิปัตย์,,#0066B3
861f19bc-e5d2-4edb-bb46-83c55fe03f2d,6,นาย,ธัชกรพงศ์,กีรติสิงห์ช่วย,นายธัชกรพงศ์ กีรติสิงห์ช่วย,,,c126e4e4-be85-44e6-bf3e-f9331b9f91a9,24,พรรควิชชั่นใหม่,,#7CB342
88330a6e-9992-40c0-8403-2f37d222796b,6,นาย,พลภัทร,หอมแม้น,นายพลภัทร หอมแม้น,,,d1964fe3-2dd0-43d5-a190-77fbfaf586b2,8,พรรคประชาธิปไตยใหม่,,#1976D2
88984b92-6f0b-420f-b24d-3be3543dca48,6,นาย,ถนอมเกียรติ,ใหม่กันทะ,นายถนอมเกียรติ ใหม่กันทะ,,,bec5b9e5-11e6-4962-9188-94040fcf3bd1,53,พรรคไทยพิทักษ์ธรรม,,#5E35B1
8a06324c-f589-4bde-81b3-c6d5086bd534,6,พันเอก,เฟื่องวิชชุ์,อนิรุทธเทวา,พันเอกเฟื่องวิชชุ์ อนิรุทธเทวา,,,115da917-bf32-4e96-a2ae-b7818d0909ee,6,พรรครวมไทยสร้างชาติ,,#FF6D00
8aa4ab52-4601-4a21-93e0-c6d2939acd7c,6,นาย,วรวีร์,มะกูดี,นายวรวีร์ มะกูดี,,,7f4755ca-ea3a-4023-869d-9cabba328db0,33,พรรคประชาชาติ,,#2E7D32
8ac09399-85c1-4753-a2b3-5573615ff03f,6,นาย,บุรินทร์,สุขพิศาล,นายบุรินทร์ สุขพิศาล,,,03347cbc-6089-474c-a3f6-484ae981c9a6,43,พรรคพลังประชารัฐ,,#1565C0
8dc1728c-c0df-4ec5-9f54-9919ba916ce2,6,นาย,ภาคิน,เสียงสนั่น,นายภาคิน เสียงสนั่น,,,f7b4da92-1d4f-4f3f-ab31-25eb36d1a8ad,51,พรรคพร้อม,,#26A69A
92337896-f06c-4b84-aeb8-be3ec1badad8,6,นาย,ชลัฐ,รัชกิจประการ,นายชลัฐ รัชกิจประการ,https://gbqmnnammihcoxshkdxd.supabase.co/storage/v1/object/public/partylist-photos/37/006.jpg,,013c219e-e197-416d-84ea-00ba9c35465e,37,พรรคภูมิใจไทย,,#3949AB
92bb3076-f668-4722-be86-2afe4eaf5b9c,6,นาง,วัลลดา,บ้งกาวงศ์,นางวัลลดา บ้งกาวงศ์,,,f95e95f3-572e-4c2f-8327-d51e9815a598,26,พรรคคลองไทย,,#0277BD
97e8576f-8b97-44fb-be36-433bc99a11c7,6,นาย,อนันต์,อินทรรัสมี,นายอนันต์ อินทรรัสมี,,,e9f5dc95-0d5c-46bc-8e2c-be791faa2b27,5,พรรครวมใจไทย,,#F4511E
9b22e495-492a-45c8-b371-ffa7f1016105,6,นาย,ศรีวิชัย,ชาวดง,นายศรีวิชัย ชาวดง,,,176cafa7-3601-4b12-9b92-e8301267096e,52,พรรคเครือข่ายชาวนาแห่งประเทศไทย,,#558B2F
ab48f605-58ba-4f47-9178-53b681a2eeb3,6,หม่อมหลวง,กุลธร,เกษมสันต์,หม่อมหลวงกุลธร เกษมสันต์,,,bd8d9f14-f757-41fb-8f37-d6128d9d012d,7,พรรคพลวัต,,#EF6C00
abc54539-888e-40db-9755-9d6f68533077,6,นางสาว,ช่อทิพย์,สวัสดี,นางสาวช่อทิพย์ สวัสดี,,,6102915f-e8bc-4149-8265-ec74489adf2f,4,พรรคมิติใหม่,,#039BE5
ad37b0ac-3446-45e3-a06e-21bf72276761,6,นาย,เอกศักดิ์,เมืองแก้ว,นายเอกศักดิ์ เมืองแก้ว,,,e89089ab-9e07-4933-ab7c-28f2e65bed81,20,พรรคฟิวชัน,,#AB47BC
aeb12614-33f8-4b5c-b0bb-069ee535c8fb,6,นาย,ส่งศักดิ์,ฉัตรชูสกุล,นายส่งศักดิ์ ฉัตรชูสกุล,,,0c044088-618b-49af-a291-fb28ffe9e0f8,11,พรรคเศรษฐกิจ,,#FFA000
b5934baf-8904-4528-893e-eab580dc33be,6,นาย,วิทธวัตร,เถาว์สอน,นายวิทธวัตร เถาว์สอน,,,0db115a9-bb11-4fc0-9008-4acee3614999,2,พรรคเพื่อชาติไทย,,#D32F2F
b66b502e-cd3b-4cc5-9bf7-b5325dd0420e,6,นาย,ณัฐวัตร,หวังสุดดี,นายณัฐวัตร หวังสุดดี,,,b376f463-00b4-4a94-886c-fdbc533100e9,19,พรรคสังคมประชาธิปไตยไทย,,#E53935
bb468ab2-f8fa-4565-94b6-d60a40d88aac,6,นาย,สหพัฒน,เพ็งเรือง,นายสหพัฒน เพ็งเรือง,,,c10044e9-2d3c-4481-b323-a9aef1851236,13,พรรครวมพลังประชาชน,,#00ACC1
c5649060-11b1-4c89-98be-95347b84484c,6,นาย,ศักย์,ทับพลี,นายศักย์ ทับพลี,,,965b4b93-c01e-4a2b-a987-577f2b99ebb4,49,พรรคไทยก้าวใหม่,,#1E88E5
cef36dc8-f462-406a-ab57-a5577289fa93,6,นางสาว,ภคอร,จันทรคณา,นางสาวภคอร จันทรคณา,,,bdd306a2-80c7-4d7b-a7ff-8dc1ec9fcc76,10,พรรคทางเลือกใหม่,,#00838F
e38080ce-a9db-454e-bf03-520724e66741,6,นาย,ทัศนัย,ทองมี,นายทัศนัย ทองมี,,,54706125-9661-467d-a8af-78994d14b116,35,พรรครักชาติ,,#B71C1C
ea4454ae-22c9-4c94-83f8-dd3175f4725c,6,นาย,ปริเยศ,อังกูรกิตติ,นายปริเยศ อังกูรกิตติ,,,cb1b6cf2-41fa-49b1-a060-01acf13edc81,48,พรรคไทยสร้างไทย,,#00ACC1
ed26e78a-a979-43d8-be3d-eea5a4e1155d,6,นางสาว,เจนจิรา,รัตนเพียร,นางสาวเจนจิรา รัตนเพียร,,,a62aca08-91b7-4f3f-ba8f-cb9e884a3799,42,พรรคกล้าธรรม,,#5D4037
fc79b7b7-705d-42b8-970b-12a33111cb40,6,นาย,ฐานิศร์,แสงพล,นายฐานิศร์ แสงพล,,,f37e9d3e-7bd9-4c83-a960-a6a05547c5b4,34,พรรคสร้างอนาคตไทย,,#00897B
002653aa-453f-4b83-9239-6b9db61072d2,7,นาย,ภาวุธ,พงษ์วิทยภานุ,นายภาวุธ พงษ์วิทยภานุ,https://gbqmnnammihcoxshkdxd.supabase.co/storage/v1/object/public/partylist-photos/46/007.jpg,,1116011c-1ef3-4cca-a186-c1b9f7984ede,46,พรรคประชาชน,,#F57C00
00e2f8bc-0e57-4eab-8ffc-956a3c321e81,7,นาย,ฤทธิเกียรติ,ถาโคตร,นายฤทธิเกียรติ ถาโคตร,,,f7b4da92-1d4f-4f3f-ab31-25eb36d1a8ad,51,พรรคพร้อม,,#26A69A
0c1d9651-4ae0-4f40-89b3-3db8f5565cb3,7,นาง,นัยนา,วงศ์จรรยา,นางนัยนา วงศ์จรรยา,,,30f1cea0-4fc2-4fcf-86f0-96000cf188b5,22,พรรคก้าวอิสระ,,#7B1FA2
0c211daf-0051-4c61-b234-4253cd8fef2c,7,พันจ่าเอก,สิรภพ,รักเกื้อ,พันจ่าเอกสิรภพ รักเกื้อ,,,8ad4145b-ea4e-40f1-893f-a9d10f3d9fb4,54,พรรคความหวังใหม่,,#303F9F
0c4a245d-f52c-4739-b6b9-68aba323ea6e,7,นาย,เจริญ,ชัยสิทธิ์,นายเจริญ ชัยสิทธิ์,,,228ae2e0-33d2-4c85-bef3-419928db45cc,32,พรรคครูไทยเพื่อประชาชน,,#6A1B9A
104a9a58-b820-47ca-a170-131728da3290,7,นาย,เอกนัฏ,พร้อมพันธุ์,นายเอกนัฏ พร้อมพันธุ์,https://gbqmnnammihcoxshkdxd.supabase.co/storage/v1/object/public/partylist-photos/37/007.jpg,,013c219e-e197-416d-84ea-00ba9c35465e,37,พรรคภูมิใจไทย,,#3949AB
1686fbdf-57c0-4580-b4b4-ced4bf774f25,7,นาง,ส้าหลี้เฝาะ,โต๊ะหลี,นางส้าหลี้เฝาะ โต๊ะหลี,,,f95e95f3-572e-4c2f-8327-d51e9815a598,26,พรรคคลองไทย,,#0277BD
1aa7792b-4026-4de4-8755-f3b72565dca9,7,นาย,สิรวิทย์,ช่วงเสน,นายสิรวิทย์ ช่วงเสน,,,2ee17641-917b-4ea0-8c19-da383e03e915,44,พรรคโอกาสใหม่,,#26C6DA
1e7ac504-0fb0-4210-b9da-124af9cf8bbc,7,นาย,ประวีร์,จินดาวรรณ,นายประวีร์ จินดาวรรณ,,,409581ea-d469-40f6-803e-7830a6418150,17,พรรคไทยชนะ,,#D84315
212eb408-b8dc-4618-8844-dfc3769354f8,7,นาย,เปรมชนะ,เร่งพิมาย,นายเปรมชนะ เร่งพิมาย,,,7255d2d0-1f49-4fd8-adad-7acfea2d5126,56,พรรคเพื่อบ้านเมือง,,#1565C0
27b88e1e-dda2-40b6-bc8b-1951b87d7cb4,7,นาย,สยาม,บางกุลธรรม,นายสยาม บางกุลธรรม,,,115da917-bf32-4e96-a2ae-b7818d0909ee,6,พรรครวมไทยสร้างชาติ,,#FF6D00
294d7f9a-139f-4288-a1eb-b11bf29f51c5,7,นาย,คเณศ,วังส์ไพจิตร,นายคเณศ วังส์ไพจิตร,,,965b4b93-c01e-4a2b-a987-577f2b99ebb4,49,พรรคไทยก้าวใหม่,,#1E88E5
2a7f9656-ba76-42d0-af0b-30244240a96b,7,นาย,นิพล,อาบทอง,นายนิพล อาบทอง,,,3d55d7c9-f0bc-4803-b40e-090a7ea5d872,3,พรรคใหม่,,#FF5722
39c4b9df-6318-4b98-8519-c8dd61646eaf,7,นาย,วิษณุ,ชูไทย,นายวิษณุ ชูไทย,,,6102915f-e8bc-4149-8265-ec74489adf2f,4,พรรคมิติใหม่,,#039BE5
4117f0ae-0c00-4cbc-9522-661140ad7c59,7,นาย,มานะ,จรอำ,นายมานะ จรอำ,,,a2917c34-67f8-4311-813f-3138fd2d9af0,47,พรรคประชาไทย,,#3949AB
44645862-6ad0-4c01-8051-20e882f4a68a,7,นาย,ภัชริ,นิจสิริภัช,นายภัชริ นิจสิริภัช,,,cb1b6cf2-41fa-49b1-a060-01acf13edc81,48,พรรคไทยสร้างไทย,,#00ACC1
44891efc-b221-4613-a2ac-c1fab65c066d,7,นาย,สมชาย,ยนวิลาศ,นายสมชาย ยนวิลาศ,,,3caedce0-9faa-47a0-8afc-d5f4fff86578,28,พรรคไทยก้าวหน้า,,#0288D1
5c0670db-ddee-4a6f-8bbb-197df52dabaf,7,นาย,วิทยา,พานิชพงศ์,นายวิทยา พานิชพงศ์,,,7f4755ca-ea3a-4023-869d-9cabba328db0,33,พรรคประชาชาติ,,#2E7D32
61a98d43-0b27-4ff9-9966-aa5b4378bf8d,7,นาย,เฉลิมพล,อุตรัตน์,นายเฉลิมพล อุตรัตน์,,2.0,c10044e9-2d3c-4481-b323-a9aef1851236,13,พรรครวมพลังประชาชน,,#00ACC1
6204e6d0-db85-41f5-8e64-fe24bc579a94,7,นาย,ไตรรงค์,ตันทสุข,นายไตรรงค์ ตันทสุข,,,bcdcd19b-d619-47dd-8535-fafb6bc6f4d8,12,พรรคเสรีรวมไทย,,#C62828
68f7da05-f099-4783-851f-0479655e4340,7,นาย,รวี,เลาหพูนรังษี,นายรวี เลาหพูนรังษี,,,54706125-9661-467d-a8af-78994d14b116,35,พรรครักชาติ,,#B71C1C
6a1a6ecb-779e-462c-a464-0f8a22e1b046,7,นาย,สมพร,ขวัญเนตร,นายสมพร ขวัญเนตร,,,b376f463-00b4-4a94-886c-fdbc533100e9,19,พรรคสังคมประชาธิปไตยไทย,,#E53935
6a4e1aec-2239-48df-9ceb-849c589ab8d6,7,นาง,ลดาวัลย์,สุทธิวัจน์ชินเดช,นางลดาวัลย์ สุทธิวัจน์ชินเดช,,,bd8d9f14-f757-41fb-8f37-d6128d9d012d,7,พรรคพลวัต,,#EF6C00
831df3ff-bea0-4273-9d45-19e8084d775c,7,นางสาว,ธัญลักษณ์,ศรีทา,นางสาวธัญลักษณ์ ศรีทา,,,339fa187-133c-4766-a6c2-36d1b32cda8f,23,พรรคปวงชนไทย,,#827717
893a727b-5581-48ab-a3c4-7ec7461dac55,7,นาย,สาทิตย์,วงศ์หนองเตย,นายสาทิตย์ วงศ์หนองเตย,https://gbqmnnammihcoxshkdxd.supabase.co/storage/v1/object/public/partylist-photos/27/007.jpg,,d7155f6d-736d-42c0-8bc0-00ee6e1970dc,27,พรรคประชาธิปัตย์,,#0066B3
8e52d3ac-74c7-478f-bac6-7d7c747b4119,7,นาย,สนั่น,บุญเลิศ,นายสนั่น บุญเลิศ,,,e89089ab-9e07-4933-ab7c-28f2e65bed81,20,พรรคฟิวชัน,,#AB47BC
8e6fbbaf-ad57-464e-8caa-c5c042983373,7,นาย,สิทธิชัย,เนตรสืบสาย,นายสิทธิชัย เนตรสืบสาย,,,eae55266-b74d-4322-869b-c3e5aa00701f,39,พรรคกรีน,,#4CAF50
9289896c-6d2d-412b-84a9-ec2002a82428,7,นาย,ณัฐ,แก้วสว่าง,นายณัฐ แก้วสว่าง,,,f37e9d3e-7bd9-4c83-a960-a6a05547c5b4,34,พรรคสร้างอนาคตไทย,,#00897B
95aa8c0c-b42c-4ec2-ae27-6926c609fea3,7,นาย,บุญธร,อุปนันท์,นายบุญธร อุปนันท์,,,a54ae018-5399-423a-8a14-4d5c849a79a0,45,พรรคเป็นธรรม,,#4527A0
9c8f5562-5a9c-408d-b408-e233fee1f99c,7,นาย,ณัชพล,สุพัฒนะ,นายณัชพล สุพัฒนะ,,,0c044088-618b-49af-a291-fb28ffe9e0f8,11,พรรคเศรษฐกิจ,,#FFA000
a20d459f-7cd5-45fd-9d25-9e454c4e7b5c,7,นาย,ปรัชวินทร์,ภาสย์วชิรานนท์,นายปรัชวินทร์ ภาสย์วชิรานนท์,,,54c9efd2-2cd9-487a-91f7-1251aae30c2d,36,พรรคไทยพร้อม,,#0097A7
a39f16fe-d362-414f-b0c6-abb522dbb6aa,7,นาย,ต่วนเซะ,มือฆะ,นายต่วนเซะ มือฆะ,,,e3ad415e-cb0c-4922-adb3-4624e857d801,21,พรรคไทรวมพลัง,,#E65100
b1845f09-7ff4-4e7d-9733-537708658923,7,นาย,นัจมุดดีน,อูมา,นายนัจมุดดีน อูมา,,,a62aca08-91b7-4f3f-ba8f-cb9e884a3799,42,พรรคกล้าธรรม,,#5D4037
b20f04e9-bf42-43d0-888c-7ac944aa9416,7,นาย,สมโภชน์,แพงแก้ว,นายสมโภชน์ แพงแก้ว,,,03347cbc-6089-474c-a3f6-484ae981c9a6,43,พรรคพลังประชารัฐ,,#1565C0
c287945a-52dd-48d3-86ff-042b68113f0a,7,นาย,คมชาญ,ชัยนิคม,นายคมชาญ ชัยนิคม,,,d1964fe3-2dd0-43d5-a190-77fbfaf586b2,8,พรรคประชาธิปไตยใหม่,,#1976D2
c698afb2-a100-4c58-996d-a89015a1e388,7,นาย,ชูศักดิ์,ศิรินิล,นายชูศักดิ์ ศิรินิล,https://gbqmnnammihcoxshkdxd.supabase.co/storage/v1/object/public/partylist-photos/9/007.jpg,,2d8a1c84-0bc8-4377-965d-c020a0097c27,9,พรรคเพื่อไทย,,#E4002B
cbf23e44-08d9-455b-9365-5630ad995187,7,นางสาว,ทิพยอรุณ,จำปากุล,นางสาวทิพยอรุณ จำปากุล,,,22076b92-676c-49f4-aa1c-377cc1e91e71,41,พรรคแผ่นดินธรรม,,#8D6E63
d55a3a46-59bc-46c4-9f92-17691a592cc6,7,นาย,ภูริทัต,ว่องพุฒิพงศ์,นายภูริทัต ว่องพุฒิพงศ์,,,7ffe2115-72d1-4d71-9962-03ff61afc67c,31,พรรคประชากรไทย,,#00695C
dc46cba2-9a6d-4971-873f-a9db6551d5d7,7,ร้อยตำรวจเอก,สมพร,นนท์จันทร์,ร้อยตำรวจเอกสมพร นนท์จันทร์,,,c20d9515-8b33-46de-b650-824c571725a1,14,พรรคท้องที่ไทย,,#795548
e1f1a0ab-d985-440f-bba5-af44e27f2cbe,7,นาย,จักรพงศ์,วงศ์มั่นนามบุรี,นายจักรพงศ์ วงศ์มั่นนามบุรี,,,bec5b9e5-11e6-4962-9188-94040fcf3bd1,53,พรรคไทยพิทักษ์ธรรม,,#5E35B1
e26e8236-631d-4e97-9d63-eeab899b51f0,7,นาย,ราเชน,อิ่มใจ,นายราเชน อิ่มใจ,,,b6a2dc38-6f7d-4865-a6e0-a1b60a2edf32,30,พรรคแรงงานสร้างชาติ,,#1976D2
e88b4f90-ae10-46be-958d-4c5fd7b29341,7,นาง,ธนิดา,บุณยก้องภพ,นางธนิดา บุณยก้องภพ,,,bdd306a2-80c7-4d7b-a7ff-8dc1ec9fcc76,10,พรรคทางเลือกใหม่,,#00838F
f8e138fe-ce64-48a4-b652-a43c322f669d,7,นาย,พลวิทย์,ศรียานนท์,นายพลวิทย์ ศรียานนท์,,,c126e4e4-be85-44e6-bf3e-f9331b9f91a9,24,พรรควิชชั่นใหม่,,#7CB342
f8f6895d-3914-467b-898d-cd80a67f1ed2,7,นางสาว,ฑีญา,เผ่าสวัสดิ์,นางสาวฑีญา เผ่าสวัสดิ์,,,f9cadd57-8256-49aa-9386-0da392b19fc2,29,พรรคไทยภักดี,,#D32F2F
f9442278-da54-4fb5-98b2-8e828b4eccb0,7,นาง,นัฐฐานันท์,ดวงมาลย์,นางนัฐฐานันท์ ดวงมาลย์,,,e9f5dc95-0d5c-46bc-8e2c-be791faa2b27,5,พรรครวมใจไทย,,#F4511E
ff3120ad-d699-4896-9550-aa9a153c0d2c,7,นาย,กัมชัย,อภิโชครตนกุล,นายกัมชัย อภิโชครตนกุล,,,cb222672-cb24-4115-8454-75d3a2e14c91,40,พรรคไทยธรรม,,#6D4C41
094abf8e-e9e2-4552-b8a0-45ba5becd645,8,นางสาว,ศุภมาส,อิศรภักดี,นางสาวศุภมาส อิศรภักดี,https://gbqmnnammihcoxshkdxd.supabase.co/storage/v1/object/public/partylist-photos/37/008.jpg,,013c219e-e197-416d-84ea-00ba9c35465e,37,พรรคภูมิใจไทย,,#3949AB
0a0053fd-d16d-496b-9cb5-d8cc08cb4158,8,นาย,ทฤษฎี,ทวีผล,นายทฤษฎี ทวีผล,,,bcdcd19b-d619-47dd-8535-fafb6bc6f4d8,12,พรรคเสรีรวมไทย,,#C62828
10111a96-13e5-40bc-9433-65de56cb259f,8,นาย,สุริยนต์,จันทร์ศิริ,นายสุริยนต์ จันทร์ศิริ,,,b6a2dc38-6f7d-4865-a6e0-a1b60a2edf32,30,พรรคแรงงานสร้างชาติ,,#1976D2
1702b886-adf8-4945-aa4d-e6135ba08102,8,นาย,สิริชัย,วงศ์พัฒนกิจ,นายสิริชัย วงศ์พัฒนกิจ,,,228ae2e0-33d2-4c85-bef3-419928db45cc,32,พรรคครูไทยเพื่อประชาชน,,#6A1B9A
23b892f2-f11c-42f7-af62-50940cedf1a1,8,นาง,ธิดารัตน์,แสงปัก,นางธิดารัตน์ แสงปัก,,,f37e9d3e-7bd9-4c83-a960-a6a05547c5b4,34,พรรคสร้างอนาคตไทย,,#00897B
292dced2-6f43-43d2-91f8-863b1c204a6f,8,นาย,สิงหา,ไกรวงศ์,นายสิงหา ไกรวงศ์,,,e3ad415e-cb0c-4922-adb3-4624e857d801,21,พรรคไทรวมพลัง,,#E65100
2b9b5fa5-6c2b-4e81-aa4a-ad757a246981,8,พลตำรวจตรี,อธิศวิส,กมลรัตน์,พลตำรวจตรีอธิศวิส กมลรัตน์,,,2ee17641-917b-4ea0-8c19-da383e03e915,44,พรรคโอกาสใหม่,,#26C6DA
2fc3564c-41c8-49c3-937a-55cb89ec7881,8,นาย,ศรัณยู,คงสวัสดิ์เกียรติ,นายศรัณยู คงสวัสดิ์เกียรติ,,,cb1b6cf2-41fa-49b1-a060-01acf13edc81,48,พรรคไทยสร้างไทย,,#00ACC1
3137830f-f542-40d3-ace9-24fdbefa0369,8,นาย,วัชรินทร์,วิชิตยุทธภูมิ,นายวัชรินทร์ วิชิตยุทธภูมิ,,,e89089ab-9e07-4933-ab7c-28f2e65bed81,20,พรรคฟิวชัน,,#AB47BC
3e1bd54d-d54b-47e9-b34b-3c90878a8b02,8,นาย,รังสิมันต์,โรม,นายรังสิมันต์ โรม,https://gbqmnnammihcoxshkdxd.supabase.co/storage/v1/object/public/partylist-photos/46/008.jpg,,1116011c-1ef3-4cca-a186-c1b9f7984ede,46,พรรคประชาชน,,#F57C00
42aa740e-19f0-405c-a9f0-2d55fbf04bc3,8,นาย,สาคร,พรมเดช,นายสาคร พรมเดช,,,7ffe2115-72d1-4d71-9962-03ff61afc67c,31,พรรคประชากรไทย,,#00695C
4bad0b5c-4090-477c-8929-c0de7f29f036,8,นาวาโท,ไชยยุทธ,ศรีเปารยะ,นาวาโทไชยยุทธ ศรีเปารยะ,,,f9cadd57-8256-49aa-9386-0da392b19fc2,29,พรรคไทยภักดี,,#D32F2F
4d38b8d7-bb2c-4187-9372-953b3f56e961,8,นาย,สุวัฒน์,บุญชูศร,นายสุวัฒน์ บุญชูศร,,,22076b92-676c-49f4-aa1c-377cc1e91e71,41,พรรคแผ่นดินธรรม,,#8D6E63
6a34e54f-4def-45d2-a434-8ffd08fab657,8,นาย,สิทธิพร,สาระพิน,นายสิทธิพร สาระพิน,,,3d55d7c9-f0bc-4803-b40e-090a7ea5d872,3,พรรคใหม่,,#FF5722
6c519625-a880-4c00-926e-3dc706c96d89,8,นางสาว,เสน่ห์,หงษ์ทอง,นางสาวเสน่ห์ หงษ์ทอง,,,b376f463-00b4-4a94-886c-fdbc533100e9,19,พรรคสังคมประชาธิปไตยไทย,,#E53935
70c25162-b5b8-4fe7-a4db-1f67679df585,8,นาย,ชัยชนะ,เดชเดโช,นายชัยชนะ เดชเดโช,https://gbqmnnammihcoxshkdxd.supabase.co/storage/v1/object/public/partylist-photos/27/008.jpg,,d7155f6d-736d-42c0-8bc0-00ee6e1970dc,27,พรรคประชาธิปัตย์,,#0066B3
84f468fc-6ce4-4e87-8486-cb86086438ea,8,นาย,ชวนนท์,ศิริบาล,นายชวนนท์ ศิริบาล,,,3caedce0-9faa-47a0-8afc-d5f4fff86578,28,พรรคไทยก้าวหน้า,,#0288D1
88ad56b8-e0c9-41ec-9329-b64913ac77be,8,นางสาว,เกศมณี,ไชยา,นางสาวเกศมณี ไชยา,,,409581ea-d469-40f6-803e-7830a6418150,17,พรรคไทยชนะ,,#D84315
8a80bd62-245f-44a2-851f-a921187a4940,8,นาย,สืบไทย,พุ่มโพธิงาม,นายสืบไทย พุ่มโพธิงาม,,,a54ae018-5399-423a-8a14-4d5c849a79a0,45,พรรคเป็นธรรม,,#4527A0
8c83ea6a-517c-4473-baed-fe89771d3ce2,8,พันตำรวจเอก,ศุภกฤช,เดือนแจ้งรัมย์,พันตำรวจเอกศุภกฤช เดือนแจ้งรัมย์,,,03347cbc-6089-474c-a3f6-484ae981c9a6,43,พรรคพลังประชารัฐ,,#1565C0
a34b096f-8b28-4bad-92e4-cab62a7fc389,8,นาย,ฉัตรชัย,นิติภักดิ์,นายฉัตรชัย นิติภักดิ์,,,a62aca08-91b7-4f3f-ba8f-cb9e884a3799,42,พรรคกล้าธรรม,,#5D4037
a36202a0-7e8a-489e-b5a6-f099172bf44b,8,นาย,กฤษ,อิสสระชานน,นายกฤษ อิสสระชานน,,,bd8d9f14-f757-41fb-8f37-d6128d9d012d,7,พรรคพลวัต,,#EF6C00
a8988c06-7078-436c-af5b-4a61c4fc2f6d,8,นาย,ฉลอม,เหล่าจั่น,นายฉลอม เหล่าจั่น,,,cb222672-cb24-4115-8454-75d3a2e14c91,40,พรรคไทยธรรม,,#6D4C41
b3124e65-6e15-478b-8822-1e4925436ecc,8,นาย,ธีรภัทร,พรหมทะสาร,นายธีรภัทร พรหมทะสาร,,,7255d2d0-1f49-4fd8-adad-7acfea2d5126,56,พรรคเพื่อบ้านเมือง,,#1565C0
bde20b93-d0ba-456e-8566-b98a73070684,8,นาย,ธนเสฏฐ์,รัตนสมบูรณ์,นายธนเสฏฐ์ รัตนสมบูรณ์,,,f7b4da92-1d4f-4f3f-ab31-25eb36d1a8ad,51,พรรคพร้อม,,#26A69A
c29bc4d8-da12-4e8a-bb59-0417976093ae,8,นาย,กอบชัย,เปี่ยมเพชรกุล,นายกอบชัย เปี่ยมเพชรกุล,,,0c044088-618b-49af-a291-fb28ffe9e0f8,11,พรรคเศรษฐกิจ,,#FFA000
c39b3cc0-ef78-4d50-bbd9-9862fc937f6e,8,นาย,สามารถ,มะลูลีม,นายสามารถ มะลูลีม,,,115da917-bf32-4e96-a2ae-b7818d0909ee,6,พรรครวมไทยสร้างชาติ,,#FF6D00
c5e1cdca-90f0-49f4-886a-63355102876e,8,นาย,ธนาธิป,พรหมชื่น,นายธนาธิป พรหมชื่น,,,7f4755ca-ea3a-4023-869d-9cabba328db0,33,พรรคประชาชาติ,,#2E7D32
c744172d-f61d-4eb7-8d65-bb3c5ef632e6,8,นาย,ชิษณุพงศ์,รัตนพันธ์,นายชิษณุพงศ์ รัตนพันธ์,,,c126e4e4-be85-44e6-bf3e-f9331b9f91a9,24,พรรควิชชั่นใหม่,,#7CB342
c80eb88f-fd62-4b47-b65f-aa7bd06775f4,8,นาย,สุรสีห์,ธรรมวงษ์ศา,นายสุรสีห์ ธรรมวงษ์ศา,,,e9f5dc95-0d5c-46bc-8e2c-be791faa2b27,5,พรรครวมใจไทย,,#F4511E
c83a9b85-62b2-4cbe-bd1f-83ac563ec4df,8,นาย,วิรัชต์,เนตรทัศน์,นายวิรัชต์ เนตรทัศน์,,,8ad4145b-ea4e-40f1-893f-a9d10f3d9fb4,54,พรรคความหวังใหม่,,#303F9F
ca253cad-96c5-49c7-8873-3c4a6f0360aa,8,นางสาว,ธัญญกาญจน์,โพธิ์พัฒน์,นางสาวธัญญกาญจน์ โพธิ์พัฒน์,,,d1964fe3-2dd0-43d5-a190-77fbfaf586b2,8,พรรคประชาธิปไตยใหม่,,#1976D2
d77178c3-d508-49f0-a3ed-69184c04cd06,8,นาย,อัครเดช,สุระจินดา,นายอัครเดช สุระจินดา,,,30f1cea0-4fc2-4fcf-86f0-96000cf188b5,22,พรรคก้าวอิสระ,,#7B1FA2
d8e26ba2-2cfc-4cf8-99cc-8b85213a7e3c,8,นาย,กิติ,วงษ์กุหลาบ,นายกิติ วงษ์กุหลาบ,,,965b4b93-c01e-4a2b-a987-577f2b99ebb4,49,พรรคไทยก้าวใหม่,,#1E88E5
da2df972-9285-4fea-898d-3bdefc20873e,8,นาย,อภิรักษ์,แตงขาว,นายอภิรักษ์ แตงขาว,,,eae55266-b74d-4322-869b-c3e5aa00701f,39,พรรคกรีน,,#4CAF50
db8314ec-6155-489d-a09e-2d108f8cf451,8,นาย,ยงยุทธ,พัฒนชัย,นายยงยุทธ พัฒนชัย,,,bdd306a2-80c7-4d7b-a7ff-8dc1ec9fcc76,10,พรรคทางเลือกใหม่,,#00838F
ddbec684-4009-4781-bcd8-706c24890fa7,8,นาย,สมุทร,นาคปานเสือ,นายสมุทร นาคปานเสือ,,,c20d9515-8b33-46de-b650-824c571725a1,14,พรรคท้องที่ไทย,,#795548
dea7a4f7-57f3-4154-9e9d-867580472441,8,นาย,ธรรศ,พจนประพันธ์,นายธรรศ พจนประพันธ์,,,54706125-9661-467d-a8af-78994d14b116,35,พรรครักชาติ,,#B71C1C
e0d06893-db8a-4504-a939-0b0e13898b8f,8,นาย,สุทิน,คลังแสง,นายสุทิน คลังแสง,https://gbqmnnammihcoxshkdxd.supabase.co/storage/v1/object/public/partylist-photos/9/008.jpg,,2d8a1c84-0bc8-4377-965d-c020a0097c27,9,พรรคเพื่อไทย,,#E4002B
e2948b75-f589-4567-aaca-2430e940f8fa,8,นาย,สนธยา,อ่ำเมือง,นายสนธยา อ่ำเมือง,,,a2917c34-67f8-4311-813f-3138fd2d9af0,47,พรรคประชาไทย,,#3949AB
e591fb1b-01cf-433b-96ee-e5d6e8a2f03f,8,นาง,อนัญญา,สวัสดิสาร,นางอนัญญา สวัสดิสาร,,,bec5b9e5-11e6-4962-9188-94040fcf3bd1,53,พรรคไทยพิทักษ์ธรรม,,#5E35B1
ea4c7ab1-de61-4dbc-9f3a-a3a2d5590f47,8,นาย,วิรัตน์,ลีรุ่งเรือง,นายวิรัตน์ ลีรุ่งเรือง,,,339fa187-133c-4766-a6c2-36d1b32cda8f,23,พรรคปวงชนไทย,,#827717
ec98e645-fb28-4d21-99a3-77388180bbed,8,นาย,ชัยชนะ,ดวงปูนันท์,นายชัยชนะ ดวงปูนันท์,,,f95e95f3-572e-4c2f-8327-d51e9815a598,26,พรรคคลองไทย,,#0277BD
f7b00a00-b7d3-4951-b856-406aabf0de91,8,นาย,ยศพล,พึ่งงาม,นายยศพล พึ่งงาม,,,6102915f-e8bc-4149-8265-ec74489adf2f,4,พรรคมิติใหม่,,#039BE5
f89d2586-cc81-46ca-ab57-dcb74099a9a4,8,นาย,กชธนณัฏฐ์,หมวกผัน,นายกชธนณัฏฐ์ หมวกผัน,,,54c9efd2-2cd9-487a-91f7-1251aae30c2d,36,พรรคไทยพร้อม,,#0097A7
fa7c0cf7-be5c-4d27-add1-428c077fb364,8,นาย,ราษฎร์พิชิต,นาคประดิษฐ์,นายราษฎร์พิชิต นาคประดิษฐ์,,,c10044e9-2d3c-4481-b323-a9aef1851236,13,พรรครวมพลังประชาชน,,#00ACC1
0056de0a-8cf6-4f53-8647-5868ffd92d12,9,พลตำรวจเอก,สามารถ,ตู้จินดา,พลตำรวจเอกสามารถ ตู้จินดา,,,409581ea-d469-40f6-803e-7830a6418150,17,พรรคไทยชนะ,,#D84315
0147dac9-11dc-4ce0-84f5-449565df04fa,9,นาย,สุเทน,ฐานะ,นายสุเทน ฐานะ,,,228ae2e0-33d2-4c85-bef3-419928db45cc,32,พรรคครูไทยเพื่อประชาชน,,#6A1B9A
036280d5-7d1f-4ed6-ad67-ab1a97d55563,9,นาย,อังกูร,ไผ่แก้ว,นายอังกูร ไผ่แก้ว,,,3caedce0-9faa-47a0-8afc-d5f4fff86578,28,พรรคไทยก้าวหน้า,,#0288D1
0e3f05e3-7f47-4eef-b4ee-f977ed2ee4c5,9,นาย,ประจักษ์,จันทร์เดช,นายประจักษ์ จันทร์เดช,,,339fa187-133c-4766-a6c2-36d1b32cda8f,23,พรรคปวงชนไทย,,#827717
13d3a412-786c-414c-a925-340472d96cf3,9,นาย,โชคชัย,จันทร์วิเศษ,นายโชคชัย จันทร์วิเศษ,,,a54ae018-5399-423a-8a14-4d5c849a79a0,45,พรรคเป็นธรรม,,#4527A0
149d58aa-6a90-4f5f-9de3-b26cfe3a4364,9,นาย,ชรินทร์,ชูแก้ว,นายชรินทร์ ชูแก้ว,,,bec5b9e5-11e6-4962-9188-94040fcf3bd1,53,พรรคไทยพิทักษ์ธรรม,,#5E35B1
1b5fea21-4b62-4d66-b35a-38990445e6b8,9,นาย,สมชาติ,อ่อนประดิษฐ์,นายสมชาติ อ่อนประดิษฐ์,,,e89089ab-9e07-4933-ab7c-28f2e65bed81,20,พรรคฟิวชัน,,#AB47BC
24af6439-01b6-4ec3-b105-8c5f065e3142,9,นาย,วัชรินทร์,เขจรวงศ์,นายวัชรินทร์ เขจรวงศ์,,,7ffe2115-72d1-4d71-9962-03ff61afc67c,31,พรรคประชากรไทย,,#00695C
278f928f-6c5e-498f-a314-54752bcac7ed,9,นาย,สรกฤช,จันทรคณา,นายสรกฤช จันทรคณา,,,bdd306a2-80c7-4d7b-a7ff-8dc1ec9fcc76,10,พรรคทางเลือกใหม่,,#00838F
295d997e-fef9-4a21-bdad-850216a0ed39,9,นายหมวดตรี,สุธนพจน์,กิจธนาภิทักษ์,นายหมวดตรีสุธนพจน์ กิจธนาภิทักษ์,,,2ee17641-917b-4ea0-8c19-da383e03e915,44,พรรคโอกาสใหม่,,#26C6DA
452bcbfa-cf9b-4ff2-abf4-598a8a806443,9,นาย,สุมาตร,อินทรมณี,นายสุมาตร อินทรมณี,,,eae55266-b74d-4322-869b-c3e5aa00701f,39,พรรคกรีน,,#4CAF50
4566d642-c4da-46d2-a6fe-8f10f42a303f,9,นางสาว,รัตนาภรณ์,ชวฤทธิ์เลิศสกุล,นางสาวรัตนาภรณ์ ชวฤทธิ์เลิศสกุล,,,6102915f-e8bc-4149-8265-ec74489adf2f,4,พรรคมิติใหม่,,#039BE5
47dbcd72-66bd-4331-934d-ab280861779b,9,นาย,อดุลย์,ดาวเรือง,นายอดุลย์ ดาวเรือง,,,c126e4e4-be85-44e6-bf3e-f9331b9f91a9,24,พรรควิชชั่นใหม่,,#7CB342
4805c617-091a-4fe7-b32a-825498f768b8,9,นางสาว,วิลาสินี,แววคุ้ม,นางสาววิลาสินี แววคุ้ม,,,f9cadd57-8256-49aa-9386-0da392b19fc2,29,พรรคไทยภักดี,,#D32F2F
53464210-b667-45c1-9709-0d0fa71c8560,9,นาย,สกลธี,ภัททิยกุล,นายสกลธี ภัททิยกุล,https://gbqmnnammihcoxshkdxd.supabase.co/storage/v1/object/public/partylist-photos/27/009.jpg,,d7155f6d-736d-42c0-8bc0-00ee6e1970dc,27,พรรคประชาธิปัตย์,,#0066B3
576e5b39-0e34-4d1f-8586-3d6697ee7373,9,นาย,สมศักดิ์,เจริญวัย,นายสมศักดิ์ เจริญวัย,,,a2917c34-67f8-4311-813f-3138fd2d9af0,47,พรรคประชาไทย,,#3949AB
59b12a38-58ab-4a9b-b9d7-b9771f9264c6,9,นาย,ชาติชาย,อมรเลิศวัฒนา,นายชาติชาย อมรเลิศวัฒนา,,,bd8d9f14-f757-41fb-8f37-d6128d9d012d,7,พรรคพลวัต,,#EF6C00
5cb8c65c-6bb4-43d5-8056-964e6828044b,9,นางสาว,ภาวิณี,แต้สกุล,นางสาวภาวิณี แต้สกุล,,,3d55d7c9-f0bc-4803-b40e-090a7ea5d872,3,พรรคใหม่,,#FF5722
5f90494d-4f36-4f5e-9d07-98a01c1f7588,9,นาย,นพรัตน์,กาญจนวโรดม,นายนพรัตน์ กาญจนวโรดม,,,7f4755ca-ea3a-4023-869d-9cabba328db0,33,พรรคประชาชาติ,,#2E7D32
63d50734-f6e9-4d40-a829-e9398069dbc2,9,นาย,วรชิต,สังข์เสวี,นายวรชิต สังข์เสวี,,,f95e95f3-572e-4c2f-8327-d51e9815a598,26,พรรคคลองไทย,,#0277BD
69508290-4300-4744-851c-940b3f11e8e4,9,ว่าที่พันตรี,คธาวุธ,แสงประจักษ์,ว่าที่พันตรีคธาวุธ แสงประจักษ์,,,d1964fe3-2dd0-43d5-a190-77fbfaf586b2,8,พรรคประชาธิปไตยใหม่,,#1976D2
70480b48-9a65-4b32-80be-a107f858f271,9,นาย,อดิศักดิ์,ไชยรัตน์,นายอดิศักดิ์ ไชยรัตน์,,,f7b4da92-1d4f-4f3f-ab31-25eb36d1a8ad,51,พรรคพร้อม,,#26A69A
7caf8d19-5d22-407e-bb82-22c30112f993,9,พันเอก,ยุทธพงษ์,พิพิธภักดี,พันเอกยุทธพงษ์ พิพิธภักดี,,,a62aca08-91b7-4f3f-ba8f-cb9e884a3799,42,พรรคกล้าธรรม,,#5D4037
7cc84636-3dbb-4c82-afe7-ac81bd09025b,9,นาย,บรรจง,บุญชื่น,นายบรรจง บุญชื่น,,,b6a2dc38-6f7d-4865-a6e0-a1b60a2edf32,30,พรรคแรงงานสร้างชาติ,,#1976D2
8a892826-d67e-487b-b852-83162d74f09c,9,นาย,อาทิตย์,เล่าสกุล,นายอาทิตย์ เล่าสกุล,,,03347cbc-6089-474c-a3f6-484ae981c9a6,43,พรรคพลังประชารัฐ,,#1565C0
8e645fe5-9f0a-41ad-9c6c-b6d79551be5a,9,นาย,ฉลองชัย,ไร่พุทธา,นายฉลองชัย ไร่พุทธา,,,c10044e9-2d3c-4481-b323-a9aef1851236,13,พรรครวมพลังประชาชน,,#00ACC1
b22196f3-289f-4b88-addb-499e60db741a,9,นาย,วันชัย,นาควิจิตร,นายวันชัย นาควิจิตร,,,54c9efd2-2cd9-487a-91f7-1251aae30c2d,36,พรรคไทยพร้อม,,#0097A7
b72e2712-2b33-4323-8b0c-2efcc5b2509c,9,นาง,พิชชารัตน์,เลาหพงศ์ชนะ,นางพิชชารัตน์ เลาหพงศ์ชนะ,https://gbqmnnammihcoxshkdxd.supabase.co/storage/v1/object/public/partylist-photos/37/009.jpg,,013c219e-e197-416d-84ea-00ba9c35465e,37,พรรคภูมิใจไทย,,#3949AB
bc0acc33-5681-4a0c-bdf0-622cc63dc9c4,9,นาย,ศรัทธา,คชพลายุกต์,นายศรัทธา คชพลายุกต์,,,0c044088-618b-49af-a291-fb28ffe9e0f8,11,พรรคเศรษฐกิจ,,#FFA000
bd5692f9-cf77-447a-b356-827fb22ca7b0,9,นาย,พริษฐ์,วัชรสินธุ,นายพริษฐ์ วัชรสินธุ,https://gbqmnnammihcoxshkdxd.supabase.co/storage/v1/object/public/partylist-photos/46/009.jpg,,1116011c-1ef3-4cca-a186-c1b9f7984ede,46,พรรคประชาชน,,#F57C00
bd73787b-6d50-4d75-aafd-08909fbb6464,9,นางสาว,พิมพ์ประภัทร,สกุลภัทร์เตชิน,นางสาวพิมพ์ประภัทร สกุลภัทร์เตชิน,,,bcdcd19b-d619-47dd-8535-fafb6bc6f4d8,12,พรรคเสรีรวมไทย,,#C62828
bf64583b-207e-4d4a-8f11-35fef8c795f3,9,นาย,สมศักดิ์,ลีลาธนากุล,นายสมศักดิ์ ลีลาธนากุล,,,7255d2d0-1f49-4fd8-adad-7acfea2d5126,56,พรรคเพื่อบ้านเมือง,,#1565C0
c1de26d0-4645-4a24-bd55-d8df5b50511d,9,นางสาว,จิณฑ์ธนัชชา,พงสินณัชศุภธร,นางสาวจิณฑ์ธนัชชา พงสินณัชศุภธร,,,30f1cea0-4fc2-4fcf-86f0-96000cf188b5,22,พรรคก้าวอิสระ,,#7B1FA2
d07beca2-b934-4576-b8d9-84174e124839,9,นาย,อาหะมะ,มอลอ,นายอาหะมะ มอลอ,,,f37e9d3e-7bd9-4c83-a960-a6a05547c5b4,34,พรรคสร้างอนาคตไทย,,#00897B
dc56ff8a-87a8-4029-9f14-6dbdf103f472,9,นาย,สมส่วน,อ่อนอุทัย,นายสมส่วน อ่อนอุทัย,,,22076b92-676c-49f4-aa1c-377cc1e91e71,41,พรรคแผ่นดินธรรม,,#8D6E63
dd762e5e-4a7f-4cbe-a74f-41ceb7558cb4,9,นาย,จักรพันธ์,พรนิมิตร,นายจักรพันธ์ พรนิมิตร,,,965b4b93-c01e-4a2b-a987-577f2b99ebb4,49,พรรคไทยก้าวใหม่,,#1E88E5
e02342eb-17bd-49c6-ab86-d4931a0eec8c,9,นาวาอากาศตรี,ปุญณัฐส์,นำพา,นาวาอากาศตรีปุญณัฐส์ นำพา,,,115da917-bf32-4e96-a2ae-b7818d0909ee,6,พรรครวมไทยสร้างชาติ,,#FF6D00
e4eca46c-e796-49d1-85ca-f15e18081733,9,นาย,วิสุทธิ์,ไชยณรุณ,นายวิสุทธิ์ ไชยณรุณ,https://gbqmnnammihcoxshkdxd.supabase.co/storage/v1/object/public/partylist-photos/9/009.jpg,,2d8a1c84-0bc8-4377-965d-c020a0097c27,9,พรรคเพื่อไทย,,#E4002B
f0c45a0a-99b4-4de7-8753-71e953531f16,9,นาย,ชลกฤต,สาตราคม,นายชลกฤต สาตราคม,,,e3ad415e-cb0c-4922-adb3-4624e857d801,21,พรรคไทรวมพลัง,,#E65100
f34c9bbc-44ef-49da-a6e2-37442d02313a,9,นาย,กะสินธุ์,สีดามาตย์,นายกะสินธุ์ สีดามาตย์,,,e9f5dc95-0d5c-46bc-8e2c-be791faa2b27,5,พรรครวมใจไทย,,#F4511E
faa1475e-8fa1-47fa-ae77-dc46e635db6e,9,นาย,วัชรพงศ์,อึงศรีสวัสดิ์,นายวัชรพงศ์ อึงศรีสวัสดิ์,,,cb1b6cf2-41fa-49b1-a060-01acf13edc81,48,พรรคไทยสร้างไทย,,#00ACC1
fb6c5157-e0cf-4a95-a345-cd2e509523ee,9,นาย,รัฐภูมิ,วัลลิกุล,นายรัฐภูมิ วัลลิกุล,,,54706125-9661-467d-a8af-78994d14b116,35,พรรครักชาติ,,#B71C1C
01009849-85d9-4d7e-afd2-8e2ea1b47119,10,นาย,บรรลุ,เวียงพล,นายบรรลุ เวียงพล,,,b6a2dc38-6f7d-4865-a6e0-a1b60a2edf32,30,พรรคแรงงานสร้างชาติ,,#1976D2
02fcf238-248f-4569-a7ed-35e559fd8aa5,10,นาย,ภาวัช,เตชะเอนกวงค์,นายภาวัช เตชะเอนกวงค์,,,3d55d7c9-f0bc-4803-b40e-090a7ea5d872,3,พรรคใหม่,,#FF5722
08e9df02-73e1-4e5b-b635-ca647ec83b61,10,นาย,ทศพล,หวลหอม,นายทศพล หวลหอม,,,f9cadd57-8256-49aa-9386-0da392b19fc2,29,พรรคไทยภักดี,,#D32F2F
097a6535-0ecc-4331-ada7-a42aed8cf68a,10,นาย,วัฒนะชัย,สืบศิริบุษย์,นายวัฒนะชัย สืบศิริบุษย์,,,2ee17641-917b-4ea0-8c19-da383e03e915,44,พรรคโอกาสใหม่,,#26C6DA
09faceea-cc3d-4ec2-9c72-d18afdc93fcc,10,นาย,รุ่งโรจน์,รุ่งณรงค์รักษ์,นายรุ่งโรจน์ รุ่งณรงค์รักษ์,,,30f1cea0-4fc2-4fcf-86f0-96000cf188b5,22,พรรคก้าวอิสระ,,#7B1FA2
102df20a-8cee-4f8f-9565-2f95f907781f,10,พลเอก,เดชนิธิศ,เหลืองงามขำ,พลเอกเดชนิธิศ เหลืองงามขำ,,,a62aca08-91b7-4f3f-ba8f-cb9e884a3799,42,พรรคกล้าธรรม,,#5D4037
13816c8b-d3b2-493b-81a7-44a88e9a6815,10,นาย,สุรเชษฐ์,ประวีณวงศ์วุฒิ,นายสุรเชษฐ์ ประวีณวงศ์วุฒิ,https://gbqmnnammihcoxshkdxd.supabase.co/storage/v1/object/public/partylist-photos/46/010.jpg,,1116011c-1ef3-4cca-a186-c1b9f7984ede,46,พรรคประชาชน,,#F57C00
15cd15e2-e498-40af-ad16-9b77a316955b,10,นาย,มูหมัด,จารง,นายมูหมัด จารง,,,54c9efd2-2cd9-487a-91f7-1251aae30c2d,36,พรรคไทยพร้อม,,#0097A7
221be4e0-4b69-484f-92de-f212f29c3077,10,นาย,อิทธิ,ไทยประจง,นายอิทธิ ไทยประจง,,,a54ae018-5399-423a-8a14-4d5c849a79a0,45,พรรคเป็นธรรม,,#4527A0
384568fe-ef09-437a-a088-2d1795efb7c9,10,นาง,สุชาดา,ตันตระพงศธร,นางสุชาดา ตันตระพงศธร,,,eae55266-b74d-4322-869b-c3e5aa00701f,39,พรรคกรีน,,#4CAF50
3c8cfb77-cfc6-46ba-a295-10a382ff844a,10,นาย,อมรเทพ,สังข์น้อย,นายอมรเทพ สังข์น้อย,,,bec5b9e5-11e6-4962-9188-94040fcf3bd1,53,พรรคไทยพิทักษ์ธรรม,,#5E35B1
3feafec3-4ca9-425b-9715-82de5cbaf8d3,10,นางสาว,ไตรศุลี,ไตรสรณกุล,นางสาวไตรศุลี ไตรสรณกุล,https://gbqmnnammihcoxshkdxd.supabase.co/storage/v1/object/public/partylist-photos/37/010.jpg,,013c219e-e197-416d-84ea-00ba9c35465e,37,พรรคภูมิใจไทย,,#3949AB
4baaf79f-7853-4572-a379-bf124b7fafb5,10,นาย,ซูลกือระนัย,หะระตี,นายซูลกือระนัย หะระตี,,,f95e95f3-572e-4c2f-8327-d51e9815a598,26,พรรคคลองไทย,,#0277BD
59d27959-045c-459f-a742-1bc9f59ed7a1,10,นาย,พุทธชาติ,ช่วยราม,นายพุทธชาติ ช่วยราม,,,03347cbc-6089-474c-a3f6-484ae981c9a6,43,พรรคพลังประชารัฐ,,#1565C0
5e765cb1-fb64-46b7-9982-79743a786dd2,10,นาย,เสรี,ชัยแก้วทองมาก,นายเสรี ชัยแก้วทองมาก,,,e89089ab-9e07-4933-ab7c-28f2e65bed81,20,พรรคฟิวชัน,,#AB47BC
5ff2c4bb-7cd9-4bab-b13e-aedf3715f86e,10,นาย,การุญ,วิเศษรัตน์,นายการุญ วิเศษรัตน์,,,d1964fe3-2dd0-43d5-a190-77fbfaf586b2,8,พรรคประชาธิปไตยใหม่,,#1976D2
6be81ebd-69e3-401b-973d-6311d5a38029,10,นาย,ภูรัชช์,แก้วกันหา,นายภูรัชช์ แก้วกันหา,,,e3ad415e-cb0c-4922-adb3-4624e857d801,21,พรรคไทรวมพลัง,,#E65100
6f8c5b6a-a534-4dfb-bd89-e0514ddd2cf2,10,นางสาว,ปวีณา,ศรีสกุล,นางสาวปวีณา ศรีสกุล,,,bd8d9f14-f757-41fb-8f37-d6128d9d012d,7,พรรคพลวัต,,#EF6C00
770ca366-9163-468a-a5e0-907fef816850,10,นาย,ถิรเดช,ทรัพย์เขื่อนขันธ์,นายถิรเดช ทรัพย์เขื่อนขันธ์,,,7255d2d0-1f49-4fd8-adad-7acfea2d5126,56,พรรคเพื่อบ้านเมือง,,#1565C0
7b09b528-f58b-4e8c-a322-669eb26e09fa,10,นาย,ณัฐวัฒน์,บูรณะกนก,นายณัฐวัฒน์ บูรณะกนก,,,965b4b93-c01e-4a2b-a987-577f2b99ebb4,49,พรรคไทยก้าวใหม่,,#1E88E5
7db14d7e-a1da-4211-9d19-8f0edf82493d,10,นาย,อิทธิกร,สุวะมาตย์,นายอิทธิกร สุวะมาตย์,,,bcdcd19b-d619-47dd-8535-fafb6bc6f4d8,12,พรรคเสรีรวมไทย,,#C62828
8809a33e-efad-4a88-9415-fccec19be33d,10,นาย,จีรวัฒน์,เกตุวงษ์,นายจีรวัฒน์ เกตุวงษ์,,,e9f5dc95-0d5c-46bc-8e2c-be791faa2b27,5,พรรครวมใจไทย,,#F4511E
912a39c3-0e46-4015-bdb0-1d3d130736f9,10,นาย,อานนท์,บุญชุ่ม,นายอานนท์ บุญชุ่ม,,,6102915f-e8bc-4149-8265-ec74489adf2f,4,พรรคมิติใหม่,,#039BE5
96a6dccd-521a-4ee3-8d34-f9cc8149faf0,10,นาย,สุชาติ,ธาดาธำรงเวช,นายสุชาติ ธาดาธำรงเวช,https://gbqmnnammihcoxshkdxd.supabase.co/storage/v1/object/public/partylist-photos/9/010.jpg,,2d8a1c84-0bc8-4377-965d-c020a0097c27,9,พรรคเพื่อไทย,,#E4002B
9b92a2d3-5deb-4c44-8c0c-5f5a53e3714a,10,นางสาว,จุฑาวรรณ,คะชา,นางสาวจุฑาวรรณ คะชา,,,54706125-9661-467d-a8af-78994d14b116,35,พรรครักชาติ,,#B71C1C
9fc4630f-d764-430e-ab07-ad77b03ba0b8,10,นาย,มุกดิ์หาญ,สโมสร,นายมุกดิ์หาญ สโมสร,,,3caedce0-9faa-47a0-8afc-d5f4fff86578,28,พรรคไทยก้าวหน้า,,#0288D1
a5f5d0db-f9e3-4af2-80d6-96c01b15500b,10,นาย,ธงชาติ,รัตนวิชา,นายธงชาติ รัตนวิชา,,,7f4755ca-ea3a-4023-869d-9cabba328db0,33,พรรคประชาชาติ,,#2E7D32
a5fc7461-b1a0-4ba4-bce7-5e141b5f9224,10,นางสาว,ณัฐพัชร์,ทรัพย์โอปัน,นางสาวณัฐพัชร์ ทรัพย์โอปัน,,,c10044e9-2d3c-4481-b323-a9aef1851236,13,พรรครวมพลังประชาชน,,#00ACC1
b7f895e5-75c4-4a58-ad8b-5767ae5ee81e,10,นาย,เอกภณ,วรรณกิจ,นายเอกภณ วรรณกิจ,,,339fa187-133c-4766-a6c2-36d1b32cda8f,23,พรรคปวงชนไทย,,#827717
c01c1c12-85ed-40be-834b-73abe03b76e8,10,นาย,ไพทูลย์,ผลสืบ,นายไพทูลย์ ผลสืบ,,,7ffe2115-72d1-4d71-9962-03ff61afc67c,31,พรรคประชากรไทย,,#00695C
c46406c1-adf5-4a88-815a-7db2c15f671d,10,นาย,ปรากรมศักดิ์,ชุณหะวัณ,นายปรากรมศักดิ์ ชุณหะวัณ,,,115da917-bf32-4e96-a2ae-b7818d0909ee,6,พรรครวมไทยสร้างชาติ,,#FF6D00
c57fa4a1-9949-48ea-842a-46b5ebcc76f8,10,นาย,วรวุฒิ,โตวิรัตน์,นายวรวุฒิ โตวิรัตน์,,,cb1b6cf2-41fa-49b1-a060-01acf13edc81,48,พรรคไทยสร้างไทย,,#00ACC1
c991dc2a-fc14-4689-a15a-829cc5c88a2f,10,พลเอก,โชติอนันต์ปรีชา,ทรัพย์หิรัญ,พลเอกโชติอนันต์ปรีชา ทรัพย์หิรัญ,,3.0,c126e4e4-be85-44e6-bf3e-f9331b9f91a9,24,พรรควิชชั่นใหม่,,#7CB342
d6b47d0f-8a22-44cf-8cb9-a0433fd833ae,10,พลเอก,รังษี,กิติญาณทรัพย์,พลเอกรังษี กิติญาณทรัพย์,,1.0,0c044088-618b-49af-a291-fb28ffe9e0f8,11,พรรคเศรษฐกิจ,,#FFA000
dcad47dc-ceea-4899-8fb5-4e74bda6e608,10,นาย,วัฒนา,สพสมัย,นายวัฒนา สพสมัย,,,bdd306a2-80c7-4d7b-a7ff-8dc1ec9fcc76,10,พรรคทางเลือกใหม่,,#00838F
e5477899-bf12-4131-bfc1-a11ed140c35b,10,นาย,คำตัน,สนทอง,นายคำตัน สนทอง,,,228ae2e0-33d2-4c85-bef3-419928db45cc,32,พรรคครูไทยเพื่อประชาชน,,#6A1B9A
f028cc06-53bf-4b48-a266-8aa887c0d631,10,นาง,รัดเกล้า อินทวงศ์,สุวรรณคีรี,นางรัดเกล้า อินทวงศ์ สุวรรณคีรี,https://gbqmnnammihcoxshkdxd.supabase.co/storage/v1/object/public/partylist-photos/27/010.jpg,,d7155f6d-736d-42c0-8bc0-00ee6e1970dc,27,พรรคประชาธิปัตย์,,#0066B3
f550b95b-c5b2-4e3f-aa26-52308d3e0b3d,10,พลเรือโท,เจียมศักดิ์,จันทร์เสนา,พลเรือโทเจียมศักดิ์ จันทร์เสนา,,3.0,409581ea-d469-40f6-803e-7830a6418150,17,พรรคไทยชนะ,,#D84315
fc2aeed1-112c-49d7-8229-54279d59a759,10,นาย,ประสิทธิ์,ดวงพยัพ,นายประสิทธิ์ ดวงพยัพ,,,f37e9d3e-7bd9-4c83-a960-a6a05547c5b4,34,พรรคสร้างอนาคตไทย,,#00897B
0580b2ab-a6a4-4cce-9ab8-ae31051cf52c,11,นาง,เสอะเยียเบ่อ,งามยิ่ง,นางเสอะเยียเบ่อ งามยิ่ง,,,eae55266-b74d-4322-869b-c3e5aa00701f,39,พรรคกรีน,,#4CAF50
0639058a-cd54-42cd-8c06-266a12d16e97,11,นาย,ณพล,บริบูรณ์,นายณพล บริบูรณ์,,,409581ea-d469-40f6-803e-7830a6418150,17,พรรคไทยชนะ,,#D84315
0f338b24-4dfb-40c6-99a8-bae553281074,11,นาย,วรินทร,อัศนีวุฒิกร,นายวรินทร อัศนีวุฒิกร,,,0c044088-618b-49af-a291-fb28ffe9e0f8,11,พรรคเศรษฐกิจ,,#FFA000
19814ea5-f586-4f28-a5b1-1d4f74518d7f,11,นาย,สิรภพ,กลิ่นชาวนา,นายสิรภพ กลิ่นชาวนา,,,e9f5dc95-0d5c-46bc-8e2c-be791faa2b27,5,พรรครวมใจไทย,,#F4511E
1d65f9be-0fb3-4e93-b854-9a1104c1cbac,11,นาย,สุขสันต์,กิตติศุภกร,นายสุขสันต์ กิตติศุภกร,,,2ee17641-917b-4ea0-8c19-da383e03e915,44,พรรคโอกาสใหม่,,#26C6DA
1fd2db17-3c6a-4a80-9772-8385a24dabce,11,นาย,ซัยนูรดีน,นิมา,นายซัยนูรดีน นิมา,,,7f4755ca-ea3a-4023-869d-9cabba328db0,33,พรรคประชาชาติ,,#2E7D32
244a7fe9-c917-43ec-a96c-d0f570ee4f2a,11,นาย,สมศักดิ์,สนธิบริบูรณ์,นายสมศักดิ์ สนธิบริบูรณ์,,,3caedce0-9faa-47a0-8afc-d5f4fff86578,28,พรรคไทยก้าวหน้า,,#0288D1
2be367bf-2523-482d-8399-dc22504a2ef5,11,นาย,พิศุทธิ์,จำเริญรวย,นายพิศุทธิ์ จำเริญรวย,,,cb1b6cf2-41fa-49b1-a060-01acf13edc81,48,พรรคไทยสร้างไทย,,#00ACC1
2e59c212-5d44-48a3-a316-7f8e7276c37a,11,นาย,ชยพล,เจียงกะรัต,นายชยพล เจียงกะรัต,,,965b4b93-c01e-4a2b-a987-577f2b99ebb4,49,พรรคไทยก้าวใหม่,,#1E88E5
42ba5f8d-4b19-4b7c-a20c-ac3132f33438,11,ร้อยตรี,เดช,พันธุ์ไร่,ร้อยตรีเดช พันธุ์ไร่,,,f95e95f3-572e-4c2f-8327-d51e9815a598,26,พรรคคลองไทย,,#0277BD
5a96ed5c-79bb-4470-900a-5b0bd6228bf4,11,นาย,ภัทรธนาวัฒย์,สาลีรัชตะธรรม,นายภัทรธนาวัฒย์ สาลีรัชตะธรรม,,,bdd306a2-80c7-4d7b-a7ff-8dc1ec9fcc76,10,พรรคทางเลือกใหม่,,#00838F
674fefe2-fb3e-4e1a-a9d7-394dff3c5c92,11,นาย,สุชาติ,ตันเจริญ,นายสุชาติ ตันเจริญ,https://gbqmnnammihcoxshkdxd.supabase.co/storage/v1/object/public/partylist-photos/9/011.jpg,,2d8a1c84-0bc8-4377-965d-c020a0097c27,9,พรรคเพื่อไทย,,#E4002B
78a99552-9784-470a-88c9-0029f19968eb,11,นาย,วันชัย,โง้วสกุล,นายวันชัย โง้วสกุล,,,b6a2dc38-6f7d-4865-a6e0-a1b60a2edf32,30,พรรคแรงงานสร้างชาติ,,#1976D2
7d2eeda2-0e3d-4572-98d3-9abf25051d32,11,นาง,นันทนา,สงฆ์ประชา,นางนันทนา สงฆ์ประชา,https://gbqmnnammihcoxshkdxd.supabase.co/storage/v1/object/public/partylist-photos/37/011.jpg,,013c219e-e197-416d-84ea-00ba9c35465e,37,พรรคภูมิใจไทย,,#3949AB
99596754-4591-4402-9000-6d1fa3b0eab6,11,นาย,พรรษา,อ่อนหวาน,นายพรรษา อ่อนหวาน,,,f9cadd57-8256-49aa-9386-0da392b19fc2,29,พรรคไทยภักดี,,#D32F2F
9c0a1051-bd1b-408f-8003-e90cf7285d27,11,นาย,พิมล,ทองสีมาก,นายพิมล ทองสีมาก,,,e89089ab-9e07-4933-ab7c-28f2e65bed81,20,พรรคฟิวชัน,,#AB47BC
9c5a3211-d9e9-4f79-9971-39b25205d8e6,11,นาย,อำพล,คำจม,นายอำพล คำจม,,,228ae2e0-33d2-4c85-bef3-419928db45cc,32,พรรคครูไทยเพื่อประชาชน,,#6A1B9A
aaa50b13-741f-49cf-81ef-3ba330faea43,11,นาย,เจริญศักดิ์,เอกสมาธิกุล,นายเจริญศักดิ์ เอกสมาธิกุล,,3.0,7255d2d0-1f49-4fd8-adad-7acfea2d5126,56,พรรคเพื่อบ้านเมือง,,#1565C0
ab81b9be-749c-488a-9720-4fabb30f1de9,11,นายกองตรี,ธนกฤต,จิตรอารีย์รัตน์,นายกองตรีธนกฤต จิตรอารีย์รัตน์,,,a62aca08-91b7-4f3f-ba8f-cb9e884a3799,42,พรรคกล้าธรรม,,#5D4037
b30829f5-0881-440b-9d41-8193cb89dc25,11,นาย,ณภัทร,ชุ่มจิตตรี,นายณภัทร ชุ่มจิตตรี,,,54706125-9661-467d-a8af-78994d14b116,35,พรรครักชาติ,,#B71C1C
b40b37e2-a50a-49a4-83e0-606a4618bbcb,11,นาย,ปิยะวัฒน์,รัตนหรูวิจิตร,นายปิยะวัฒน์ รัตนหรูวิจิตร,,,30f1cea0-4fc2-4fcf-86f0-96000cf188b5,22,พรรคก้าวอิสระ,,#7B1FA2
b676f82d-0832-471b-ac29-d2e62925ee0d,11,นาย,กฤษณพล,เกรียงไกรฤทธิ์,นายกฤษณพล เกรียงไกรฤทธิ์,,,03347cbc-6089-474c-a3f6-484ae981c9a6,43,พรรคพลังประชารัฐ,,#1565C0
b9db4a1b-a6a3-4674-b295-281e079d5e2b,11,นาย,สิทธิพล,วิบูลย์ธนากุล,นายสิทธิพล วิบูลย์ธนากุล,https://gbqmnnammihcoxshkdxd.supabase.co/storage/v1/object/public/partylist-photos/46/011.jpg,,1116011c-1ef3-4cca-a186-c1b9f7984ede,46,พรรคประชาชน,,#F57C00
bf768534-f8c6-4dee-ad1e-9211218b8419,11,นาย,มะนาว,คงคาคูล,นายมะนาว คงคาคูล,,,d1964fe3-2dd0-43d5-a190-77fbfaf586b2,8,พรรคประชาธิปไตยใหม่,,#1976D2
c5c1daa3-cf37-4a79-aa5a-a09478cf69fe,11,นาย,รุ่งโรจน์,อิบรอฮีม,นายรุ่งโรจน์ อิบรอฮีม,,,c126e4e4-be85-44e6-bf3e-f9331b9f91a9,24,พรรควิชชั่นใหม่,,#7CB342
d179a11a-4333-449a-bd1c-577d2a354d23,11,นาง,วิรณัฏฐ์,ณัฏฐมั่งคั่ง,นางวิรณัฏฐ์ ณัฏฐมั่งคั่ง,,,7ffe2115-72d1-4d71-9962-03ff61afc67c,31,พรรคประชากรไทย,,#00695C
d55aed0a-8927-4da1-baf1-7750d5823461,11,นาย,โอภาส,อาลมิสรี,นายโอภาส อาลมิสรี,,,bcdcd19b-d619-47dd-8535-fafb6bc6f4d8,12,พรรคเสรีรวมไทย,,#C62828
da8f3708-3491-4da4-b9f5-5c51120766cd,11,นาย,อิสรา,สุนทรวัฒน์,นายอิสรา สุนทรวัฒน์,https://gbqmnnammihcoxshkdxd.supabase.co/storage/v1/object/public/partylist-photos/27/011.jpg,,d7155f6d-736d-42c0-8bc0-00ee6e1970dc,27,พรรคประชาธิปัตย์,,#0066B3
dae287cc-55b5-4c01-bca4-589a2cb09846,11,นาย,วรวุฒิ,ตั้งประดิษฐ,นายวรวุฒิ ตั้งประดิษฐ,,,e3ad415e-cb0c-4922-adb3-4624e857d801,21,พรรคไทรวมพลัง,,#E65100
de145765-6361-4e7e-8dff-b9c90d12e6c4,11,นาย,เกรียงไกรมาศ,พจนสุนทร,นายเกรียงไกรมาศ พจนสุนทร,,,115da917-bf32-4e96-a2ae-b7818d0909ee,6,พรรครวมไทยสร้างชาติ,,#FF6D00
e9811789-57f8-42e7-ba74-0b2c65192fa7,11,พลเอก,ชินเสณ,ทองโกมล,พลเอกชินเสณ ทองโกมล,,,3d55d7c9-f0bc-4803-b40e-090a7ea5d872,3,พรรคใหม่,,#FF5722
ea5552ba-8e7b-43ea-aa29-b3989ef9688d,11,นางสาว,จิรดา,วัฒนสุข,นางสาวจิรดา วัฒนสุข,,,6102915f-e8bc-4149-8265-ec74489adf2f,4,พรรคมิติใหม่,,#039BE5
f33d8c7c-7dc3-413b-b6c8-a50414436b65,11,นางสาว,สวลักษณ์,วิจิตรวิกรม,นางสาวสวลักษณ์ วิจิตรวิกรม,,,339fa187-133c-4766-a6c2-36d1b32cda8f,23,พรรคปวงชนไทย,,#827717
f412a24e-32b6-424a-916b-4c05ac7aebaf,11,นางสาว,ผุสดี,ธนาไกรกิติ,นางสาวผุสดี ธนาไกรกิติ,,,bd8d9f14-f757-41fb-8f37-d6128d9d012d,7,พรรคพลวัต,,#EF6C00
f7835417-2e5b-4530-8d35-80e91a2704b9,11,นาย,สรายุทธ์,สนรักษา,นายสรายุทธ์ สนรักษา,,,a54ae018-5399-423a-8a14-4d5c849a79a0,45,พรรคเป็นธรรม,,#4527A0
008678b8-d8b1-4d3a-94a3-c98a08a382d7,12,นางสาว,นวลกนก,คชนันทน์,นางสาวนวลกนก คชนันทน์,,,54706125-9661-467d-a8af-78994d14b116,35,พรรครักชาติ,,#B71C1C
00bf21fa-bed4-4592-a5f7-ec999ad2d2c3,12,นาง,สุรีย์,มณฑา,นางสุรีย์ มณฑา,,,b6a2dc38-6f7d-4865-a6e0-a1b60a2edf32,30,พรรคแรงงานสร้างชาติ,,#1976D2
02508f3f-5c48-4610-b471-a817efb35e9a,12,นางสาว,บุญญิสา,ตันเยี่ยน,นางสาวบุญญิสา ตันเยี่ยน,,,6102915f-e8bc-4149-8265-ec74489adf2f,4,พรรคมิติใหม่,,#039BE5
15619bc4-3e8b-4195-84f2-5068c4f53a04,12,นางสาว,สุดาวรรณ,หวังศุภกิจโกศล,นางสาวสุดาวรรณ หวังศุภกิจโกศล,https://gbqmnnammihcoxshkdxd.supabase.co/storage/v1/object/public/partylist-photos/9/012.jpg,,2d8a1c84-0bc8-4377-965d-c020a0097c27,9,พรรคเพื่อไทย,,#E4002B
1962936a-f658-4d67-b307-d555442d48ca,12,นาย,ภราดร,ดลภราดร,นายภราดร ดลภราดร,,,3caedce0-9faa-47a0-8afc-d5f4fff86578,28,พรรคไทยก้าวหน้า,,#0288D1
1b6bd709-e6ee-4cf5-bb46-f988d473a955,12,นาง,นงเยาว์,วราโชติเศรษฐ์,นางนงเยาว์ วราโชติเศรษฐ์,,,0c044088-618b-49af-a291-fb28ffe9e0f8,11,พรรคเศรษฐกิจ,,#FFA000
399125a1-92cc-414b-9e04-22662b46aaf9,12,นาย,อับดุลเราะมัน,มอลอ,นายอับดุลเราะมัน มอลอ,,,7f4755ca-ea3a-4023-869d-9cabba328db0,33,พรรคประชาชาติ,,#2E7D32
3aa6da08-98f8-4fd3-92c5-64fc018adc1c,12,พันตำรวจเอก,บันดล,วงศ์ระรื่น,พันตำรวจเอกบันดล วงศ์ระรื่น,,,7255d2d0-1f49-4fd8-adad-7acfea2d5126,56,พรรคเพื่อบ้านเมือง,,#1565C0
3caf0b14-c122-4283-ab87-bac5a1634065,12,นาย,วิจักร,อากัปกริยา,นายวิจักร อากัปกริยา,,,cb1b6cf2-41fa-49b1-a060-01acf13edc81,48,พรรคไทยสร้างไทย,,#00ACC1
4bf7c9fe-65fd-4a63-8830-334e30188837,12,นาย,เดโชนุชิต,นวลสกุล,นายเดโชนุชิต นวลสกุล,,,a54ae018-5399-423a-8a14-4d5c849a79a0,45,พรรคเป็นธรรม,,#4527A0
4e8124c8-f8bd-4dc2-a927-fb5441c52002,12,นาย,สงกรานต์,จิตสุทธิภากร,นายสงกรานต์ จิตสุทธิภากร,https://gbqmnnammihcoxshkdxd.supabase.co/storage/v1/object/public/partylist-photos/27/012.jpg,,d7155f6d-736d-42c0-8bc0-00ee6e1970dc,27,พรรคประชาธิปัตย์,,#0066B3
55d09af4-ec89-4aaa-bd61-5131c20d3f76,12,นาย,ภาณุรัช,ดำรงไทย,นายภาณุรัช ดำรงไทย,,,965b4b93-c01e-4a2b-a987-577f2b99ebb4,49,พรรคไทยก้าวใหม่,,#1E88E5
59003287-7f27-419f-9a24-f512a9b02441,12,นาย,สุกิจ,จันทรังสิกุล,นายสุกิจ จันทรังสิกุล,,,7ffe2115-72d1-4d71-9962-03ff61afc67c,31,พรรคประชากรไทย,,#00695C
5def7247-4ada-400b-a11f-cdacf027d71b,12,นาย,ขรรค์ชัย,แก้วเนตร,นายขรรค์ชัย แก้วเนตร,,,115da917-bf32-4e96-a2ae-b7818d0909ee,6,พรรครวมไทยสร้างชาติ,,#FF6D00
5e0ccbc7-c157-4d08-991a-98d89bcc1cb3,12,นาย,กฤษฎา,สัจจกุล,นายกฤษฎา สัจจกุล,,,2ee17641-917b-4ea0-8c19-da383e03e915,44,พรรคโอกาสใหม่,,#26C6DA
72f0676b-2156-4851-9a64-773cde2bf5be,12,นาย,ธีระ,สุธีวรางกูร,นายธีระ สุธีวรางกูร,https://gbqmnnammihcoxshkdxd.supabase.co/storage/v1/object/public/partylist-photos/46/012.jpg,,1116011c-1ef3-4cca-a186-c1b9f7984ede,46,พรรคประชาชน,,#F57C00
7a96216e-1499-4495-a150-5bebfaca53b4,12,นาย,ธีระศักดิ์,พงษ์ไกรรุ่งเรือง,นายธีระศักดิ์ พงษ์ไกรรุ่งเรือง,,,e9f5dc95-0d5c-46bc-8e2c-be791faa2b27,5,พรรครวมใจไทย,,#F4511E
a5a98157-dc52-4ef8-b885-a34e8408819b,12,นาย,วิชาญ,ช่างวาด,นายวิชาญ ช่างวาด,,,228ae2e0-33d2-4c85-bef3-419928db45cc,32,พรรคครูไทยเพื่อประชาชน,,#6A1B9A
abd8e5e4-ba4c-4105-b3e6-6f0198a16017,12,นาย,เดชาโชติ,ธีรธันยรัก,นายเดชาโชติ ธีรธันยรัก,,,c126e4e4-be85-44e6-bf3e-f9331b9f91a9,24,พรรควิชชั่นใหม่,,#7CB342
ad1f58ce-c4a3-45c5-a54e-b2239e15f240,12,นาย,กิตติศักดิ์,ครุฑประเสริฐ,นายกิตติศักดิ์ ครุฑประเสริฐ,,,03347cbc-6089-474c-a3f6-484ae981c9a6,43,พรรคพลังประชารัฐ,,#1565C0
b0a7264a-f12d-4fb6-824f-09c89a3d5d78,12,นาย,ร่มธรรม,ขำนุรักษ์,นายร่มธรรม ขำนุรักษ์,https://gbqmnnammihcoxshkdxd.supabase.co/storage/v1/object/public/partylist-photos/37/012.jpg,,013c219e-e197-416d-84ea-00ba9c35465e,37,พรรคภูมิใจไทย,,#3949AB
cdaaa4db-263a-47dc-94ad-1392333a7e4e,12,นาย,เดชา,อยู่หว่าง,นายเดชา อยู่หว่าง,,,30f1cea0-4fc2-4fcf-86f0-96000cf188b5,22,พรรคก้าวอิสระ,,#7B1FA2
d409ea2f-0cf0-4ccc-9394-4cc14750d847,12,นาย,ประยงค์,อันไขหน้า,นายประยงค์ อันไขหน้า,,,bdd306a2-80c7-4d7b-a7ff-8dc1ec9fcc76,10,พรรคทางเลือกใหม่,,#00838F
d57e0bed-55ef-4d75-a578-224ef2f5715d,12,นาย,ไมตรี,รุ่งอภิญญา,นายไมตรี รุ่งอภิญญา,,,339fa187-133c-4766-a6c2-36d1b32cda8f,23,พรรคปวงชนไทย,,#827717
d5d762d9-c926-4c2d-b06b-eb505a9d2851,12,พันตำรวจเอก,บุญฤทธิ์,ชวีวัฒน์,พันตำรวจเอกบุญฤทธิ์ ชวีวัฒน์,,,3d55d7c9-f0bc-4803-b40e-090a7ea5d872,3,พรรคใหม่,,#FF5722
d5dce9c5-7013-4691-850e-808928a09d17,12,นาย,พอใจ,อุทัยสุข,นายพอใจ อุทัยสุข,,,bd8d9f14-f757-41fb-8f37-d6128d9d012d,7,พรรคพลวัต,,#EF6C00
d836448c-6fa1-4b3a-99de-5c06d95b172c,12,นางสาว,มณฑิชา,รัตนหิรัญ,นางสาวมณฑิชา รัตนหิรัญ,,,f95e95f3-572e-4c2f-8327-d51e9815a598,26,พรรคคลองไทย,,#0277BD
dd6e8612-187f-4285-b71d-fbfc4ae9c239,12,นาง,ศุภกร,บริสุทธิ์,นางศุภกร บริสุทธิ์,,,e89089ab-9e07-4933-ab7c-28f2e65bed81,20,พรรคฟิวชัน,,#AB47BC
df53f0c8-0501-4eb8-8715-03285a16b78b,12,พลเอก,ธีระ,กรใหม่,พลเอกธีระ กรใหม่,,,409581ea-d469-40f6-803e-7830a6418150,17,พรรคไทยชนะ,,#D84315
ec04ad80-c644-4064-ace6-77993001bc45,12,นาง,บัวสอน,โยหาศรี,นางบัวสอน โยหาศรี,,,d1964fe3-2dd0-43d5-a190-77fbfaf586b2,8,พรรคประชาธิปไตยใหม่,,#1976D2
ed67cd96-44f8-4bd7-9da4-f4ee41b47636,12,นาย,นิติพงษ์,ปัญญาดิษฐวงษ์,นายนิติพงษ์ ปัญญาดิษฐวงษ์,,,eae55266-b74d-4322-869b-c3e5aa00701f,39,พรรคกรีน,,#4CAF50
f403a130-5d66-4137-9e95-3682a9de5ea1,12,นาย,นิกร,ซัจเดว,นายนิกร ซัจเดว,,,a62aca08-91b7-4f3f-ba8f-cb9e884a3799,42,พรรคกล้าธรรม,,#5D4037
f990d813-c74d-4a68-9c98-4e92a2d0b4b3,12,นาย,กฤษดา,อุทรักษ์,นายกฤษดา อุทรักษ์,,,bcdcd19b-d619-47dd-8535-fafb6bc6f4d8,12,พรรคเสรีรวมไทย,,#C62828
fa709463-78b8-4f4d-a462-8dd4cf442ece,12,นาย,วิทูร,หาทอง,นายวิทูร หาทอง,,,e3ad415e-cb0c-4922-adb3-4624e857d801,21,พรรคไทรวมพลัง,,#E65100
fea3dbd6-d921-47b0-a62f-1b13316ba32e,12,นาย,ณรงค์,ตันพงษ์,นายณรงค์ ตันพงษ์,,,f9cadd57-8256-49aa-9386-0da392b19fc2,29,พรรคไทยภักดี,,#D32F2F
07d4e450-500a-4431-a73d-27fcf90d7bcf,13,นาย,ไพโรจน์,อัครหิรัญภักดิ์,นายไพโรจน์ อัครหิรัญภักดิ์,,,30f1cea0-4fc2-4fcf-86f0-96000cf188b5,22,พรรคก้าวอิสระ,,#7B1FA2
0b5c1f6c-e9d1-40dd-a8ab-e123261c87da,13,นาย,สินสมุทร,สมัยพิทักษ์,นายสินสมุทร สมัยพิทักษ์,,,228ae2e0-33d2-4c85-bef3-419928db45cc,32,พรรคครูไทยเพื่อประชาชน,,#6A1B9A
160c51de-de21-438e-a656-9f89a8147ad1,13,นาง,ศิริพร,นาคอ่อน,นางศิริพร นาคอ่อน,,,3caedce0-9faa-47a0-8afc-d5f4fff86578,28,พรรคไทยก้าวหน้า,,#0288D1
16955dab-8a5b-4028-a00a-00a7b26e6af9,13,นาย,กิตติพงษ์,เหล่านิพนธ์,นายกิตติพงษ์ เหล่านิพนธ์,,,2ee17641-917b-4ea0-8c19-da383e03e915,44,พรรคโอกาสใหม่,,#26C6DA
1e423cb0-027a-4023-b014-c5e6d321aaca,13,นาย,ชาตรี,ทิพยเจือจุน,นายชาตรี ทิพยเจือจุน,,,54706125-9661-467d-a8af-78994d14b116,35,พรรครักชาติ,,#B71C1C
1fd204b7-7fac-4f7a-8976-fc9bf876429e,13,นาย,รอนิง,อีซอ,นายรอนิง อีซอ,,,7ffe2115-72d1-4d71-9962-03ff61afc67c,31,พรรคประชากรไทย,,#00695C
33482765-84b6-4675-86df-f00f22dd3195,13,นาย,จุมภฏ,ชูศักดิ์เจริญ,นายจุมภฏ ชูศักดิ์เจริญ,,,03347cbc-6089-474c-a3f6-484ae981c9a6,43,พรรคพลังประชารัฐ,,#1565C0
33af0d7a-e262-4772-830c-edb5157d51a6,13,พลตำรวจโท,สุชาติ,แสงนิล,พลตำรวจโทสุชาติ แสงนิล,,,3d55d7c9-f0bc-4803-b40e-090a7ea5d872,3,พรรคใหม่,,#FF5722
3d1269f4-f1b8-4ee4-9726-7dfabb26c8b8,13,นาง,มลชญา,วารีรัตน์,นางมลชญา วารีรัตน์,,,e89089ab-9e07-4933-ab7c-28f2e65bed81,20,พรรคฟิวชัน,,#AB47BC
403bd0df-b3a4-452d-bbf6-04c6b3a35253,13,นาย,ธนาบดินทร์,เร่งพิมาย,นายธนาบดินทร์ เร่งพิมาย,,,7255d2d0-1f49-4fd8-adad-7acfea2d5126,56,พรรคเพื่อบ้านเมือง,,#1565C0
42f179ea-0b1d-4962-bd7d-1ff0ad32c73c,13,นาย,วุฒิเดช,ทองพูล,นายวุฒิเดช ทองพูล,,,339fa187-133c-4766-a6c2-36d1b32cda8f,23,พรรคปวงชนไทย,,#827717
56f6e985-0b32-45d5-a3f7-a459f1ec6fb8,13,นาย,กฤษฎา,หลีนวรัตน์,นายกฤษฎา หลีนวรัตน์,https://gbqmnnammihcoxshkdxd.supabase.co/storage/v1/object/public/partylist-photos/37/013.jpg,,013c219e-e197-416d-84ea-00ba9c35465e,37,พรรคภูมิใจไทย,,#3949AB
5d6a5b7f-f9f0-41fe-b8a5-3cf6995a030d,13,นาย,อามาน,ลีมะ,นายอามาน ลีมะ,,,f95e95f3-572e-4c2f-8327-d51e9815a598,26,พรรคคลองไทย,,#0277BD
68de7527-18db-419f-ac0b-447f4d6d17da,13,ว่าที่ร้อยเอก,ไกรภพ,นครชัยกุล,ว่าที่ร้อยเอกไกรภพ นครชัยกุล,,,bdd306a2-80c7-4d7b-a7ff-8dc1ec9fcc76,10,พรรคทางเลือกใหม่,,#00838F
6ffb25a2-e9c6-40c3-8ca6-b7522a52b1a3,13,นาย,ไพรัตน์,แสงสีดำ,นายไพรัตน์ แสงสีดำ,,,bd8d9f14-f757-41fb-8f37-d6128d9d012d,7,พรรคพลวัต,,#EF6C00
797270cd-5a2d-428e-9710-cb1234e4c5ea,13,นาย,ชาญวิทย์,มุนิกานนท์,นายชาญวิทย์ มุนิกานนท์,,,a62aca08-91b7-4f3f-ba8f-cb9e884a3799,42,พรรคกล้าธรรม,,#5D4037
90d663a6-fca5-4e2d-8b6e-1b984ddf245e,13,นาย,ชยุต,เหลาวิจิตร,นายชยุต เหลาวิจิตร,,,bcdcd19b-d619-47dd-8535-fafb6bc6f4d8,12,พรรคเสรีรวมไทย,,#C62828
9523a8dc-43cb-4443-9117-e232a1740bac,13,นาย,จิณณฉัตร,อริยสวโรจน์,นายจิณณฉัตร อริยสวโรจน์,,,0c044088-618b-49af-a291-fb28ffe9e0f8,11,พรรคเศรษฐกิจ,,#FFA000
a7c52234-1276-465e-a782-1baeb097ad1b,13,นาย,โรจนินทร์,ศิริเบญญาภิรมย์,นายโรจนินทร์ ศิริเบญญาภิรมย์,,,cb1b6cf2-41fa-49b1-a060-01acf13edc81,48,พรรคไทยสร้างไทย,,#00ACC1
af841599-5c1b-40a1-a702-18a7ea49b9ea,13,นาย,ธงธรรม,เวชยชัย,นายธงธรรม เวชยชัย,https://gbqmnnammihcoxshkdxd.supabase.co/storage/v1/object/public/partylist-photos/9/013.jpg,,2d8a1c84-0bc8-4377-965d-c020a0097c27,9,พรรคเพื่อไทย,,#E4002B
b671285c-ff41-404e-bd29-2c3090689179,13,นาง,เข็มมา,สีทิ,นางเข็มมา สีทิ,,,a54ae018-5399-423a-8a14-4d5c849a79a0,45,พรรคเป็นธรรม,,#4527A0
bc63a054-ad58-45f1-b2f0-23e63a2bd5d1,13,นาย,สมศักดิ์,พิมพ์พัฒน์,นายสมศักดิ์ พิมพ์พัฒน์,,,e3ad415e-cb0c-4922-adb3-4624e857d801,21,พรรคไทรวมพลัง,,#E65100
be070d30-28fc-4b25-bdaf-a9f758e8c777,13,นาย,ปกรณ์วุฒิ,อุดมพิพัฒน์สกุล,นายปกรณ์วุฒิ อุดมพิพัฒน์สกุล,https://gbqmnnammihcoxshkdxd.supabase.co/storage/v1/object/public/partylist-photos/46/013.jpg,,1116011c-1ef3-4cca-a186-c1b9f7984ede,46,พรรคประชาชน,,#F57C00
d4cb5827-78bd-4db3-ad8e-a7f6f59b971d,13,นาย,ประกอบ,โกศล,นายประกอบ โกศล,,,b6a2dc38-6f7d-4865-a6e0-a1b60a2edf32,30,พรรคแรงงานสร้างชาติ,,#1976D2
dbf451bc-19a9-4265-bdfb-4f9d04f2e716,13,นาย,เมฆินทร์,เอี่ยมสอาด,นายเมฆินทร์ เอี่ยมสอาด,https://gbqmnnammihcoxshkdxd.supabase.co/storage/v1/object/public/partylist-photos/27/013.jpg,,d7155f6d-736d-42c0-8bc0-00ee6e1970dc,27,พรรคประชาธิปัตย์,,#0066B3
df652c59-3781-495a-9427-a2e6878097ea,13,นางสาว,ศศิกานต์,วัฒนะจันทร์,นางสาวศศิกานต์ วัฒนะจันทร์,,,115da917-bf32-4e96-a2ae-b7818d0909ee,6,พรรครวมไทยสร้างชาติ,,#FF6D00
e30c30bb-c692-4552-8945-f007b43d3c62,13,นาย,คมสัน,พันธุ์วิชาติกุล,นายคมสัน พันธุ์วิชาติกุล,,,965b4b93-c01e-4a2b-a987-577f2b99ebb4,49,พรรคไทยก้าวใหม่,,#1E88E5
e992b5f4-a19c-4f22-a3da-201db732ed7f,13,นาย,ไพทูรย์,คำแสงดี,นายไพทูรย์ คำแสงดี,,,d1964fe3-2dd0-43d5-a190-77fbfaf586b2,8,พรรคประชาธิปไตยใหม่,,#1976D2
eee4b51b-fcf1-4541-a08d-a8ccc4516463,13,นาย,ฐาคณิษฐ์,พรทองประเสริฐ,นายฐาคณิษฐ์ พรทองประเสริฐ,,,7f4755ca-ea3a-4023-869d-9cabba328db0,33,พรรคประชาชาติ,,#2E7D32
ef396a93-14e0-4282-b43f-90fea46919f4,13,นาย,จักรพงศ์,ฉัตรพศิน,นายจักรพงศ์ ฉัตรพศิน,,,f9cadd57-8256-49aa-9386-0da392b19fc2,29,พรรคไทยภักดี,,#D32F2F
f00ba311-9f43-4c61-a08e-a4d73f610aee,13,นาย,เกียรติภูมิ,ม่วงงาม,นายเกียรติภูมิ ม่วงงาม,,,c126e4e4-be85-44e6-bf3e-f9331b9f91a9,24,พรรควิชชั่นใหม่,,#7CB342
f31a4a95-07e4-4f0e-abd4-9e0b7a7bd11b,13,นาย,ประเสริฐ,ป้ำกระโทก,นายประเสริฐ ป้ำกระโทก,,,409581ea-d469-40f6-803e-7830a6418150,17,พรรคไทยชนะ,,#D84315
14daa5eb-4323-43f4-be66-a223907f566b,14,นาย,ติน,ตันติเตชะ,นายติน ตันติเตชะ,,,115da917-bf32-4e96-a2ae-b7818d0909ee,6,พรรครวมไทยสร้างชาติ,,#FF6D00
26c0a94b-c4c7-47bd-88bb-ad306e32bd23,14,นาย,ธัชกร,มหัตเดชกุล,นายธัชกร มหัตเดชกุล,,,c126e4e4-be85-44e6-bf3e-f9331b9f91a9,24,พรรควิชชั่นใหม่,,#7CB342
30378c74-b0b5-44be-876a-5fa4e45ea1aa,14,นาย,อาคม,แก้วบุรี,นายอาคม แก้วบุรี,,,7255d2d0-1f49-4fd8-adad-7acfea2d5126,56,พรรคเพื่อบ้านเมือง,,#1565C0
325c537d-e9d7-4d6c-9613-a24485cedd4e,14,นาง,วราภรณ์,เฉลิมจักร์,นางวราภรณ์ เฉลิมจักร์,,,339fa187-133c-4766-a6c2-36d1b32cda8f,23,พรรคปวงชนไทย,,#827717
456fad6c-bbb1-4d56-9032-5e17f3301884,14,นาย,สมศักดิ์,มือเพ็ชร,นายสมศักดิ์ มือเพ็ชร,,,f95e95f3-572e-4c2f-8327-d51e9815a598,26,พรรคคลองไทย,,#0277BD
491b0366-3083-4289-8a30-0c9db40f89ea,14,นาย,กฤษฎา,เฉลิมสุข,นายกฤษฎา เฉลิมสุข,,,cb1b6cf2-41fa-49b1-a060-01acf13edc81,48,พรรคไทยสร้างไทย,,#00ACC1
4c5034a0-3f8c-4fef-af16-6bedd9156cfa,14,ว่าที่พันตรี,ชาติศักดิ์,แท่งทอง,ว่าที่พันตรีชาติศักดิ์ แท่งทอง,,,bd8d9f14-f757-41fb-8f37-d6128d9d012d,7,พรรคพลวัต,,#EF6C00
5544828d-cc33-4067-a495-46db69222b8e,14,นาย,สหพร,ทิพย์จำนงค์,นายสหพร ทิพย์จำนงค์,,,a54ae018-5399-423a-8a14-4d5c849a79a0,45,พรรคเป็นธรรม,,#4527A0
5dc0b202-415b-4ac2-8ac2-72d13b7f354c,14,นาย,กฤษณา,ศรีแจ่ม,นายกฤษณา ศรีแจ่ม,,,bcdcd19b-d619-47dd-8535-fafb6bc6f4d8,12,พรรคเสรีรวมไทย,,#C62828
6577d878-ab16-4c0b-bcff-82057522c864,14,พันเอก (พิเศษ),อำนวย,เพียรดี,พันเอก (พิเศษ)อำนวย เพียรดี,,,3d55d7c9-f0bc-4803-b40e-090a7ea5d872,3,พรรคใหม่,,#FF5722
69ee7fec-d320-4788-bd84-6b02599ec955,14,นาย,อิศราชัย,เจริญกิจวิวัฒน์,นายอิศราชัย เจริญกิจวิวัฒน์,,,30f1cea0-4fc2-4fcf-86f0-96000cf188b5,22,พรรคก้าวอิสระ,,#7B1FA2
6d759f55-3edc-4e90-b8b9-69c4a3b868e0,14,นาย,ณัฐวุฒิ,บัวประทุม,นายณัฐวุฒิ บัวประทุม,https://gbqmnnammihcoxshkdxd.supabase.co/storage/v1/object/public/partylist-photos/46/014.jpg,,1116011c-1ef3-4cca-a186-c1b9f7984ede,46,พรรคประชาชน,,#F57C00
6e0e4f05-2fe9-43ea-aa0a-19a370ecdff1,14,นาย,สุทัศน์,ภิรมย์เมธาวัชระ,นายสุทัศน์ ภิรมย์เมธาวัชระ,,,f9cadd57-8256-49aa-9386-0da392b19fc2,29,พรรคไทยภักดี,,#D32F2F
72b32cd7-abbf-4f0b-9dfc-3efe9faee483,14,นาย,จุรินทร์,ลักษณวิศิษฏ์,นายจุรินทร์ ลักษณวิศิษฏ์,https://gbqmnnammihcoxshkdxd.supabase.co/storage/v1/object/public/partylist-photos/27/014.jpg,,d7155f6d-736d-42c0-8bc0-00ee6e1970dc,27,พรรคประชาธิปัตย์,,#0066B3
7631671d-3141-474a-8965-12df8a728ae6,14,นาง,เพ็ญศรี,สุขกาล,นางเพ็ญศรี สุขกาล,,,228ae2e0-33d2-4c85-bef3-419928db45cc,32,พรรคครูไทยเพื่อประชาชน,,#6A1B9A
764e2a64-0db3-47d9-a3dc-436b5b559fad,14,นาย,บุญสิงห์,วรินทร์รักษ์,นายบุญสิงห์ วรินทร์รักษ์,,,a62aca08-91b7-4f3f-ba8f-cb9e884a3799,42,พรรคกล้าธรรม,,#5D4037
89576637-c6df-4fe6-9fb3-9cf028033266,14,นางสาว,ศศิธร,กิตติธรกุล,นางสาวศศิธร กิตติธรกุล,https://gbqmnnammihcoxshkdxd.supabase.co/storage/v1/object/public/partylist-photos/37/014.jpg,,013c219e-e197-416d-84ea-00ba9c35465e,37,พรรคภูมิใจไทย,,#3949AB
932176ac-a0a6-435f-b4fa-5dc51ce7b6d0,14,นาย,ทีปพรรธน์,สิงห์ที,นายทีปพรรธน์ สิงห์ที,,,d1964fe3-2dd0-43d5-a190-77fbfaf586b2,8,พรรคประชาธิปไตยใหม่,,#1976D2
a8a24abc-f53e-48ab-8ad2-55ca4db917a2,14,นาย,ฉัตรชัย,ธนาวุฒิ,นายฉัตรชัย ธนาวุฒิ,,,03347cbc-6089-474c-a3f6-484ae981c9a6,43,พรรคพลังประชารัฐ,,#1565C0
ab399593-3748-4589-a1af-c5c74338b284,14,นาย,ถวิล,สีม่วง,นายถวิล สีม่วง,,,bdd306a2-80c7-4d7b-a7ff-8dc1ec9fcc76,10,พรรคทางเลือกใหม่,,#00838F
adc4af2a-0b25-4426-bed0-2a017ac37801,14,นาย,ชนะศึก,ศรีนุ่นวิเชียร,นายชนะศึก ศรีนุ่นวิเชียร,,,409581ea-d469-40f6-803e-7830a6418150,17,พรรคไทยชนะ,,#D84315
b0ce9885-aefd-4965-b236-bdaeb665d8fd,14,นาย,ธนพนธ์,สิงหพันธุ์,นายธนพนธ์ สิงหพันธุ์,,,2ee17641-917b-4ea0-8c19-da383e03e915,44,พรรคโอกาสใหม่,,#26C6DA
b9b31385-5c31-4d8e-9ef1-e5f690072119,14,นาย,อรทัย,บุตรษาเดช,นายอรทัย บุตรษาเดช,,,e3ad415e-cb0c-4922-adb3-4624e857d801,21,พรรคไทรวมพลัง,,#E65100
bfcdc60d-fcaf-4ca7-a348-263c2b5a807a,14,นาง,ปนัดดา,ลีลาอุดมลิปิ,นางปนัดดา ลีลาอุดมลิปิ,,,0c044088-618b-49af-a291-fb28ffe9e0f8,11,พรรคเศรษฐกิจ,,#FFA000
c33b10f4-4933-4d4e-a370-742d96448507,14,นาย,ธีรัช,ศิลามหากุล,นายธีรัช ศิลามหากุล,,,54706125-9661-467d-a8af-78994d14b116,35,พรรครักชาติ,,#B71C1C
c9233cef-ef3b-4f6e-8b12-3f96fba074b3,14,นาง,ดรุณวรรณ,นนทรัตน์,นางดรุณวรรณ นนทรัตน์,,,b6a2dc38-6f7d-4865-a6e0-a1b60a2edf32,30,พรรคแรงงานสร้างชาติ,,#1976D2
da9658b8-e332-4476-86ce-c93f9d0b27fa,14,นาย,ยงค์,ภักดีศรี,นายยงค์ ภักดีศรี,,,7ffe2115-72d1-4d71-9962-03ff61afc67c,31,พรรคประชากรไทย,,#00695C
e1157ca6-a9fc-4f1e-8efd-395da390537f,14,นาย,ชัยชาญ,บุญญสิทธิ์,นายชัยชาญ บุญญสิทธิ์,,,3caedce0-9faa-47a0-8afc-d5f4fff86578,28,พรรคไทยก้าวหน้า,,#0288D1
e55fde86-0efe-46aa-82ae-8cebe9e26564,14,นาย,มนตรี,บุญจรัส,นายมนตรี บุญจรัส,,,7f4755ca-ea3a-4023-869d-9cabba328db0,33,พรรคประชาชาติ,,#2E7D32
e81b6db1-18c4-4efb-ab0d-15c28e21e46f,14,นางสาว,ณัฐธิดา,เทพสุทิน,นางสาวณัฐธิดา เทพสุทิน,https://gbqmnnammihcoxshkdxd.supabase.co/storage/v1/object/public/partylist-photos/9/014.jpg,,2d8a1c84-0bc8-4377-965d-c020a0097c27,9,พรรคเพื่อไทย,,#E4002B
ef4472b4-4661-490d-9eb7-fda20bfb0b61,14,นาย,เศรษฐฐากรณ์,วงษ์อารยะสกุล,นายเศรษฐฐากรณ์ วงษ์อารยะสกุล,,,965b4b93-c01e-4a2b-a987-577f2b99ebb4,49,พรรคไทยก้าวใหม่,,#1E88E5
003ed54f-0e1e-406c-915e-25ee78036038,15,นาย,ศุภชัย,ใจสมุทร,นายศุภชัย ใจสมุทร,https://gbqmnnammihcoxshkdxd.supabase.co/storage/v1/object/public/partylist-photos/37/015.jpg,,013c219e-e197-416d-84ea-00ba9c35465e,37,พรรคภูมิใจไทย,,#3949AB
0b4c548f-8af4-4cdd-9f43-284efeb05c77,15,นาย,อดิศร,โพธิ์อ่าน,นายอดิศร โพธิ์อ่าน,,,115da917-bf32-4e96-a2ae-b7818d0909ee,6,พรรครวมไทยสร้างชาติ,,#FF6D00
104fe060-df25-4ded-b237-5e0e09666967,15,พันตำรวจเอก (พิเศษ),สุเทพ,สัตถาผล,พันตำรวจเอก (พิเศษ)สุเทพ สัตถาผล,,,409581ea-d469-40f6-803e-7830a6418150,17,พรรคไทยชนะ,,#D84315
18506376-931d-4b76-8e65-829b38e36599,15,นาง,จีรพร,หมื่นนาค,นางจีรพร หมื่นนาค,,,bd8d9f14-f757-41fb-8f37-d6128d9d012d,7,พรรคพลวัต,,#EF6C00
1d72c558-e4d0-4dbe-a754-4d09bc58fe71,15,นาย,อาริยะ,รุ่งเรือง,นายอาริยะ รุ่งเรือง,,,7255d2d0-1f49-4fd8-adad-7acfea2d5126,56,พรรคเพื่อบ้านเมือง,,#1565C0
26b0bd57-1ca3-4301-a4ab-c6a0d2d91870,15,นาย,อรุณ,ทิมา,นายอรุณ ทิมา,,,e3ad415e-cb0c-4922-adb3-4624e857d801,21,พรรคไทรวมพลัง,,#E65100
28df5931-6593-465b-83db-da3359aeab51,15,นาย,อิสะมะแอ,มะเระ,นายอิสะมะแอ มะเระ,,,7ffe2115-72d1-4d71-9962-03ff61afc67c,31,พรรคประชากรไทย,,#00695C
294c4ce0-0ac8-48ff-958f-1d45e746f7d4,15,นาย,ประยุทธ์,ศิริพานิชย์,นายประยุทธ์ ศิริพานิชย์,https://gbqmnnammihcoxshkdxd.supabase.co/storage/v1/object/public/partylist-photos/9/015.jpg,,2d8a1c84-0bc8-4377-965d-c020a0097c27,9,พรรคเพื่อไทย,,#E4002B
3114b681-2ab0-4574-9f57-4eb04562327b,15,นาย,นเรศร์,เกิดดี,นายนเรศร์ เกิดดี,,,30f1cea0-4fc2-4fcf-86f0-96000cf188b5,22,พรรคก้าวอิสระ,,#7B1FA2
396941ba-8812-4315-8b1e-645e290b7bf2,15,นาย,ทองคำ,สิทธิ์สิวาลัย,นายทองคำ สิทธิ์สิวาลัย,,,bcdcd19b-d619-47dd-8535-fafb6bc6f4d8,12,พรรคเสรีรวมไทย,,#C62828
3f09f7ee-c354-486c-80dc-bb16687afe87,15,นาย,กิตติพงษ์,ปิยะวรรณโณ,นายกิตติพงษ์ ปิยะวรรณโณ,https://gbqmnnammihcoxshkdxd.supabase.co/storage/v1/object/public/partylist-photos/46/015.jpg,,1116011c-1ef3-4cca-a186-c1b9f7984ede,46,พรรคประชาชน,,#F57C00
43c7d557-0ae7-4b84-9adc-692a19e512ec,15,นาย,เอกสิทธิ์,วงศ์เทพวาณิชย์,นายเอกสิทธิ์ วงศ์เทพวาณิชย์,,,965b4b93-c01e-4a2b-a987-577f2b99ebb4,49,พรรคไทยก้าวใหม่,,#1E88E5
4cfa17d2-940e-4cc0-9593-6e9e1d94a2b0,15,นาย,ยรรยง,ศรีฟ้า,นายยรรยง ศรีฟ้า,,,bdd306a2-80c7-4d7b-a7ff-8dc1ec9fcc76,10,พรรคทางเลือกใหม่,,#00838F
56126ca7-74dd-4ca8-a770-b7ed16768593,15,นาย,มนัส,ดาโอะ,นายมนัส ดาโอะ,,,c126e4e4-be85-44e6-bf3e-f9331b9f91a9,24,พรรควิชชั่นใหม่,,#7CB342
59507b0c-3384-4040-bcda-f57f3cae05ee,15,นาย,อาวุธ,อาจหาญ,นายอาวุธ อาจหาญ,,,f95e95f3-572e-4c2f-8327-d51e9815a598,26,พรรคคลองไทย,,#0277BD
5a1958f6-11d2-488a-8615-cf3c9b6504f0,15,พลตำรวจตรี,วราวุธ,วัชรานนท์,พลตำรวจตรีวราวุธ วัชรานนท์,,,228ae2e0-33d2-4c85-bef3-419928db45cc,32,พรรคครูไทยเพื่อประชาชน,,#6A1B9A
70e1ac50-b974-4644-8675-b4190c96b8fa,15,นาย,ธรรมเนียม,เขตนัทธี,นายธรรมเนียม เขตนัทธี,,,b6a2dc38-6f7d-4865-a6e0-a1b60a2edf32,30,พรรคแรงงานสร้างชาติ,,#1976D2
8eb7461f-23b3-4543-8c27-379dabaf885f,15,นาย,วาซิม,คาน,นายวาซิม คาน,,,54706125-9661-467d-a8af-78994d14b116,35,พรรครักชาติ,,#B71C1C
94d9e988-eef3-4339-9796-fde7a0377cd7,15,นาย,ศุชัยวุธ,ชาวสวนกล้วย,นายศุชัยวุธ ชาวสวนกล้วย,,,cb1b6cf2-41fa-49b1-a060-01acf13edc81,48,พรรคไทยสร้างไทย,,#00ACC1
9a35c93f-af85-4c5a-94a1-879a554a0afe,15,นาย,มนู,พิมพา,นายมนู พิมพา,,,3d55d7c9-f0bc-4803-b40e-090a7ea5d872,3,พรรคใหม่,,#FF5722
9b4319b3-1bb6-4321-a66a-a10b3de8c68c,15,นางสาว,ไตรลดา,มั่งคั่ง,นางสาวไตรลดา มั่งคั่ง,,,2ee17641-917b-4ea0-8c19-da383e03e915,44,พรรคโอกาสใหม่,,#26C6DA
a0aa70a4-685b-49dc-b693-ebab4d415f02,15,นาย,จุฬาบุตร,ค้าทันเจริญ,นายจุฬาบุตร ค้าทันเจริญ,,,0c044088-618b-49af-a291-fb28ffe9e0f8,11,พรรคเศรษฐกิจ,,#FFA000
a322545b-8615-4b62-9189-7417136988ff,15,นาย,ไพบูลย์,บุตรสาลี,นายไพบูลย์ บุตรสาลี,,,f9cadd57-8256-49aa-9386-0da392b19fc2,29,พรรคไทยภักดี,,#D32F2F
b77255bb-27b6-48c2-a229-7306c11d3859,15,นาย,อับดุลมูไฮมีน,สาและ,นายอับดุลมูไฮมีน สาและ,,,7f4755ca-ea3a-4023-869d-9cabba328db0,33,พรรคประชาชาติ,,#2E7D32
b867784c-9b1b-4916-93f3-7603dad7c74c,15,นาย,มุข,สุไลมาน,นายมุข สุไลมาน,,,a62aca08-91b7-4f3f-ba8f-cb9e884a3799,42,พรรคกล้าธรรม,,#5D4037
ba09f0ee-c861-4e94-8a54-f80d25209caa,15,นาง,เจิมมาศ,จึงเลิศศิริ,นางเจิมมาศ จึงเลิศศิริ,https://gbqmnnammihcoxshkdxd.supabase.co/storage/v1/object/public/partylist-photos/27/015.jpg,,d7155f6d-736d-42c0-8bc0-00ee6e1970dc,27,พรรคประชาธิปัตย์,,#0066B3
ddf6641e-6be1-40ca-9f44-03ca098c8905,15,นาย,อริญชัย,กาวิกุล,นายอริญชัย กาวิกุล,,,a54ae018-5399-423a-8a14-4d5c849a79a0,45,พรรคเป็นธรรม,,#4527A0
ec38f3ac-611e-4cba-bace-236b0b43669b,15,นาย,เชิดชัย,สังเกตกิจ,นายเชิดชัย สังเกตกิจ,,,339fa187-133c-4766-a6c2-36d1b32cda8f,23,พรรคปวงชนไทย,,#827717
eeab0971-7f52-44f0-b5bb-45ada391ccba,15,นาย,ชยกฤต,ศรีพัชรกุล,นายชยกฤต ศรีพัชรกุล,,,d1964fe3-2dd0-43d5-a190-77fbfaf586b2,8,พรรคประชาธิปไตยใหม่,,#1976D2
f7e3c0c8-375a-45ca-8ba2-ce308490704d,15,นางสาว,ณัติชฎาภรค์,สิทธิโชติยิ่งยศ,นางสาวณัติชฎาภรค์ สิทธิโชติยิ่งยศ,,,03347cbc-6089-474c-a3f6-484ae981c9a6,43,พรรคพลังประชารัฐ,,#1565C0
038a58f3-9255-4946-a644-d338694e5272,16,นาย,ปิยะณัฐ,อันทะไชย,นายปิยะณัฐ อันทะไชย,,,cb1b6cf2-41fa-49b1-a060-01acf13edc81,48,พรรคไทยสร้างไทย,,#00ACC1
0cc4e940-4658-4e6e-97f9-91ee207e9605,16,นาย,วรรธนะ,ลือมงคล,นายวรรธนะ ลือมงคล,,,f9cadd57-8256-49aa-9386-0da392b19fc2,29,พรรคไทยภักดี,,#D32F2F
16ae7298-edc6-488b-b689-4301695a88c5,16,นาย,สาธิต,ปิตุเตชะ,นายสาธิต ปิตุเตชะ,https://gbqmnnammihcoxshkdxd.supabase.co/storage/v1/object/public/partylist-photos/27/016.jpg,,d7155f6d-736d-42c0-8bc0-00ee6e1970dc,27,พรรคประชาธิปัตย์,,#0066B3
1c1184e4-cd9b-42af-95c4-d7c2a71f9704,16,นาย,อดิศร,เพียงเกษ,นายอดิศร เพียงเกษ,https://gbqmnnammihcoxshkdxd.supabase.co/storage/v1/object/public/partylist-photos/9/016.jpg,,2d8a1c84-0bc8-4377-965d-c020a0097c27,9,พรรคเพื่อไทย,,#E4002B
28b9b5a6-82f9-4029-a6d5-8f0537c7a140,16,นาย,บุญทอง,เอื้อหิรัญญานนท์,นายบุญทอง เอื้อหิรัญญานนท์,,,bd8d9f14-f757-41fb-8f37-d6128d9d012d,7,พรรคพลวัต,,#EF6C00
2cac66bd-7107-436a-bf33-bbc031cb2c7e,16,นาย,วาโย,อัศวรุ่งเรือง,นายวาโย อัศวรุ่งเรือง,https://gbqmnnammihcoxshkdxd.supabase.co/storage/v1/object/public/partylist-photos/46/016.jpg,,1116011c-1ef3-4cca-a186-c1b9f7984ede,46,พรรคประชาชน,,#F57C00
2e3f2869-af99-4b6e-aad6-c091583f5982,16,นางสาว,สุชาดา,พลนุ้ย,นางสาวสุชาดา พลนุ้ย,,,d1964fe3-2dd0-43d5-a190-77fbfaf586b2,8,พรรคประชาธิปไตยใหม่,,#1976D2
33e927e3-a68e-42de-816f-799d90499951,16,นาย,อะห์หมัด,บอสตา,นายอะห์หมัด บอสตา,,,115da917-bf32-4e96-a2ae-b7818d0909ee,6,พรรครวมไทยสร้างชาติ,,#FF6D00
39e5ed7c-b9e6-4a54-9653-72364ca7dc24,16,นาง,ปราณี,สุคันธเสวี,นางปราณี สุคันธเสวี,,,2ee17641-917b-4ea0-8c19-da383e03e915,44,พรรคโอกาสใหม่,,#26C6DA
3af998f7-f379-4977-a6a4-c43960ac893b,16,นาย,ดาโต๊ะสรีสุธิพันธ์,ศรีริกานนท์,นายดาโต๊ะสรีสุธิพันธ์ ศรีริกานนท์,,,03347cbc-6089-474c-a3f6-484ae981c9a6,43,พรรคพลังประชารัฐ,,#1565C0
42336dde-19c7-47ad-be37-7ab3fe62456a,16,นาย,กรรณ,เจียมเจริญ,นายกรรณ เจียมเจริญ,,,bcdcd19b-d619-47dd-8535-fafb6bc6f4d8,12,พรรคเสรีรวมไทย,,#C62828
47c5abeb-c625-4308-b8fd-9c700d12ea38,16,นาย,เผดิมชัย,สะสมทรัพย์,นายเผดิมชัย สะสมทรัพย์,,,013c219e-e197-416d-84ea-00ba9c35465e,37,พรรคภูมิใจไทย,,#3949AB
4b23dc36-a13b-4521-b7ac-d9331c3f8eb7,16,นาย,นรวิชญ์,อูนากูล,นายนรวิชญ์ อูนากูล,,,0c044088-618b-49af-a291-fb28ffe9e0f8,11,พรรคเศรษฐกิจ,,#FFA000
4b2b5aca-79a1-4a64-bf72-ccffd04d983e,16,นาย,ณัฐพงศ์,นามะโส,นายณัฐพงศ์ นามะโส,,,a54ae018-5399-423a-8a14-4d5c849a79a0,45,พรรคเป็นธรรม,,#4527A0
4b6e333b-2d7a-4450-9ed1-1fd9e284cf4c,16,นาย,พงษ์สวัสดิ์,กิ่งสาร,นายพงษ์สวัสดิ์ กิ่งสาร,,,b6a2dc38-6f7d-4865-a6e0-a1b60a2edf32,30,พรรคแรงงานสร้างชาติ,,#1976D2
623d7ee5-ed8e-4a85-b38e-098ac2e234c2,16,นาย,ธนินท์รัฐ,ภักดีภิญโญ,นายธนินท์รัฐ ภักดีภิญโญ,,,339fa187-133c-4766-a6c2-36d1b32cda8f,23,พรรคปวงชนไทย,,#827717
65fd181d-ec46-42a7-926e-8100a1f88e3d,16,นาย,มนตรี,ปาน้อยนนท์,นายมนตรี ปาน้อยนนท์,,,a62aca08-91b7-4f3f-ba8f-cb9e884a3799,42,พรรคกล้าธรรม,,#5D4037
6695e987-dcb3-48a9-a679-48339915a5cb,16,นาย,ธันวา,สถาพรรุ่งกิจ,นายธันวา สถาพรรุ่งกิจ,,,54706125-9661-467d-a8af-78994d14b116,35,พรรครักชาติ,,#B71C1C
6d62a5c6-e337-411b-808d-e8f5ca1f21a2,16,นางสาว,ธัญชนก,นานา,นางสาวธัญชนก นานา,,,965b4b93-c01e-4a2b-a987-577f2b99ebb4,49,พรรคไทยก้าวใหม่,,#1E88E5
765f884b-ad87-4dce-949f-ca270db90ca2,16,นาย,อิมรอน,เส็นหลีหมีน,นายอิมรอน เส็นหลีหมีน,,,7f4755ca-ea3a-4023-869d-9cabba328db0,33,พรรคประชาชาติ,,#2E7D32
8c5906e5-26e8-4d87-b9a9-a7f6acfbb80c,16,นาย,นิมิตร,นิตยรักษ์,นายนิมิตร นิตยรักษ์,,,7ffe2115-72d1-4d71-9962-03ff61afc67c,31,พรรคประชากรไทย,,#00695C
a478cb1d-640b-4683-8fc0-9a551d4c241f,16,นาย,อัยวัฒน์,ชื่นภาณุวัฒน์,นายอัยวัฒน์ ชื่นภาณุวัฒน์,,,f95e95f3-572e-4c2f-8327-d51e9815a598,26,พรรคคลองไทย,,#0277BD
bd13a81b-62ef-44fa-8460-3e333953fcf9,16,นาย,กิติพัฒน์,โฆษิตวุทธิ์,นายกิติพัฒน์ โฆษิตวุทธิ์,,,c126e4e4-be85-44e6-bf3e-f9331b9f91a9,24,พรรควิชชั่นใหม่,,#7CB342
ddffc2d2-2e43-4929-b9cd-fd87e31faeb4,16,นาย,คำผัน,จันทจร,นายคำผัน จันทจร,,,7255d2d0-1f49-4fd8-adad-7acfea2d5126,56,พรรคเพื่อบ้านเมือง,,#1565C0
e45ab4ab-f410-48b2-b39a-500bff18e329,16,นาย,ศักดิ์นันท์,บุญเพ็ชร,นายศักดิ์นันท์ บุญเพ็ชร,,,bdd306a2-80c7-4d7b-a7ff-8dc1ec9fcc76,10,พรรคทางเลือกใหม่,,#00838F
e8169c7f-880d-47e0-8a9a-91ca182d71e8,16,นาย,ณัฐวัชร์,ชุมฝาง,นายณัฐวัชร์ ชุมฝาง,,,3d55d7c9-f0bc-4803-b40e-090a7ea5d872,3,พรรคใหม่,,#FF5722
f1dd43e0-e982-4d4c-abcc-b0881915928a,16,พันตำรวจเอก,พิษณุ,พรานพนัส,พันตำรวจเอกพิษณุ พรานพนัส,,,409581ea-d469-40f6-803e-7830a6418150,17,พรรคไทยชนะ,,#D84315
fac7f868-4d4a-4807-9c09-9f618f7067c6,16,นางสาว,ปรางชิด,ไชนาท,นางสาวปรางชิด ไชนาท,,,228ae2e0-33d2-4c85-bef3-419928db45cc,32,พรรคครูไทยเพื่อประชาชน,,#6A1B9A
0e90ec05-a29a-4375-8d80-ba8c46b8aafe,17,นาย,พงศ์ธร,ตั้งบวรไพศาล,นายพงศ์ธร ตั้งบวรไพศาล,,,a54ae018-5399-423a-8a14-4d5c849a79a0,45,พรรคเป็นธรรม,,#4527A0
10462fed-5db8-4631-a0c2-a02838d57b89,17,นาย,วิสุทธิ์,ตันตินันท์,นายวิสุทธิ์ ตันตินันท์,https://gbqmnnammihcoxshkdxd.supabase.co/storage/v1/object/public/partylist-photos/46/017.jpg,,1116011c-1ef3-4cca-a186-c1b9f7984ede,46,พรรคประชาชน,,#F57C00
1dc13e4b-001a-4714-aa93-4fb131c78a7f,17,นาย,องอาจ,คล้ามไพบูลย์,นายองอาจ คล้ามไพบูลย์,https://gbqmnnammihcoxshkdxd.supabase.co/storage/v1/object/public/partylist-photos/27/017.jpg,,d7155f6d-736d-42c0-8bc0-00ee6e1970dc,27,พรรคประชาธิปัตย์,,#0066B3
2a4a4292-50fb-4bf7-b002-78adc6554e54,17,นาง,ลัพธวรรณ,สุขทรัพย์เจริญ,นางลัพธวรรณ สุขทรัพย์เจริญ,,,bcdcd19b-d619-47dd-8535-fafb6bc6f4d8,12,พรรคเสรีรวมไทย,,#C62828
398fc3cc-ce32-4630-a243-d05f1fd6a669,17,นาย,นิคม,วงษ์ดินดำ,นายนิคม วงษ์ดินดำ,,,c126e4e4-be85-44e6-bf3e-f9331b9f91a9,24,พรรควิชชั่นใหม่,,#7CB342
3b3688e5-0ea8-4b08-9b9e-bead0f333de0,17,นาย,สนั่น,เพชรบัณฑูร,นายสนั่น เพชรบัณฑูร,,,f9cadd57-8256-49aa-9386-0da392b19fc2,29,พรรคไทยภักดี,,#D32F2F
4138e73a-8bd9-4eeb-a80f-e6745842c7d6,17,นาย,สุจินดา,เสงี่ยมไพศาล,นายสุจินดา เสงี่ยมไพศาล,,,965b4b93-c01e-4a2b-a987-577f2b99ebb4,49,พรรคไทยก้าวใหม่,,#1E88E5
427aef70-8e12-4f13-a2f3-594c760183e5,17,นางสาว,ณมลพรรษ,วิริยะโรจน์,นางสาวณมลพรรษ วิริยะโรจน์,,,7f4755ca-ea3a-4023-869d-9cabba328db0,33,พรรคประชาชาติ,,#2E7D32
532acdbc-e6bc-41b2-8abb-461dd1ac9f38,17,นาย,ณัฏฐพล,กรรณสูต,นายณัฏฐพล กรรณสูต,,,2ee17641-917b-4ea0-8c19-da383e03e915,44,พรรคโอกาสใหม่,,#26C6DA
5947cf9e-1478-48de-957a-8ffc49496663,17,นางสาว,ขัตติยา,สวัสดิผล,นางสาวขัตติยา สวัสดิผล,https://gbqmnnammihcoxshkdxd.supabase.co/storage/v1/object/public/partylist-photos/9/017.jpg,,2d8a1c84-0bc8-4377-965d-c020a0097c27,9,พรรคเพื่อไทย,,#E4002B
686f88b0-86a2-4a42-9a41-3292388b31f0,17,นาง,มณีทิพย์,ธรรมสิริภัสสร,นางมณีทิพย์ ธรรมสิริภัสสร,,,bd8d9f14-f757-41fb-8f37-d6128d9d012d,7,พรรคพลวัต,,#EF6C00
744b0a01-b51e-473b-b0eb-efd4f97b01fe,17,นาย,รพี,ขาวทอง,นายรพี ขาวทอง,,,bdd306a2-80c7-4d7b-a7ff-8dc1ec9fcc76,10,พรรคทางเลือกใหม่,,#00838F
7b20a2b0-5d2f-4241-8ffa-19bf0243b854,17,นาย,ธวัช,พิมพ์ใจชน,นายธวัช พิมพ์ใจชน,,,409581ea-d469-40f6-803e-7830a6418150,17,พรรคไทยชนะ,,#D84315
7e3f97dd-ad53-41d8-bf6f-45e71c2ea18f,17,นาย,ณรงค์,รุ่งธนวงศ์,นายณรงค์ รุ่งธนวงศ์,,,cb1b6cf2-41fa-49b1-a060-01acf13edc81,48,พรรคไทยสร้างไทย,,#00ACC1
8455f79c-1470-4684-b72a-a5c22957fcbf,17,นาย,วัชรินทร์,เรืองฤทธิ์กูล,นายวัชรินทร์ เรืองฤทธิ์กูล,,,115da917-bf32-4e96-a2ae-b7818d0909ee,6,พรรครวมไทยสร้างชาติ,,#FF6D00
8b6360f5-f7a0-4871-ad6b-10d5aca7bf86,17,นาย,ดำรงค์,รุ่งเรือง,นายดำรงค์ รุ่งเรือง,,,03347cbc-6089-474c-a3f6-484ae981c9a6,43,พรรคพลังประชารัฐ,,#1565C0
a2b33807-81fc-4ad2-be8e-6d88a7654ef3,17,นาย,อับดุลเลาะ,กานา,นายอับดุลเลาะ กานา,,,7ffe2115-72d1-4d71-9962-03ff61afc67c,31,พรรคประชากรไทย,,#00695C
a4cb20b7-9abe-4203-9db4-6174846d60ab,17,นาย,ชูวิทย์,พิทักษ์พรพัลลภ,นายชูวิทย์ พิทักษ์พรพัลลภ,,,a62aca08-91b7-4f3f-ba8f-cb9e884a3799,42,พรรคกล้าธรรม,,#5D4037
acb7f9e2-bebe-4eb0-8666-34d633dff295,17,นาย,ปัญจพงศ์,ธนบดีธีรสิทธิ์,นายปัญจพงศ์ ธนบดีธีรสิทธิ์,,,54706125-9661-467d-a8af-78994d14b116,35,พรรครักชาติ,,#B71C1C
adc715b3-ec1c-4b5c-869d-ea6a7ff4212b,17,นาย,สมนึก,หนูแสง,นายสมนึก หนูแสง,,,d1964fe3-2dd0-43d5-a190-77fbfaf586b2,8,พรรคประชาธิปไตยใหม่,,#1976D2
b634955f-6394-4eef-8dab-1d266eff0d37,17,สิบตรี,สมยศ,นุริตานนท์,สิบตรีสมยศ นุริตานนท์,,,228ae2e0-33d2-4c85-bef3-419928db45cc,32,พรรคครูไทยเพื่อประชาชน,,#6A1B9A
d7967e08-873b-4f2e-8744-ca0023b9206d,17,นาย,นิติรุจน์,รุ่งสิริเรืองยศ,นายนิติรุจน์ รุ่งสิริเรืองยศ,,,339fa187-133c-4766-a6c2-36d1b32cda8f,23,พรรคปวงชนไทย,,#827717
e5767bf1-6cfd-4a92-964f-61858d5e2699,17,นาย,ธนกร,สังข์โชติ,นายธนกร สังข์โชติ,,,3d55d7c9-f0bc-4803-b40e-090a7ea5d872,3,พรรคใหม่,,#FF5722
e61b1e0a-9731-4c66-a06e-e20118208430,17,นางสาว,ธีร์ลดา,ธีราวัชรเศรษฐ์,นางสาวธีร์ลดา ธีราวัชรเศรษฐ์,,,0c044088-618b-49af-a291-fb28ffe9e0f8,11,พรรคเศรษฐกิจ,,#FFA000
e672b3e9-41bd-4f70-af47-548e39d36bba,17,นาย,สุธน,โคเฟื่อง,นายสุธน โคเฟื่อง,,,7255d2d0-1f49-4fd8-adad-7acfea2d5126,56,พรรคเพื่อบ้านเมือง,,#1565C0
f723e9e3-392a-4434-86f0-31c385861267,17,นาย,เกรียงยศ,สุดลาภา,นายเกรียงยศ สุดลาภา,https://gbqmnnammihcoxshkdxd.supabase.co/storage/v1/object/public/partylist-photos/37/017.jpg,,013c219e-e197-416d-84ea-00ba9c35465e,37,พรรคภูมิใจไทย,,#3949AB
03c727a9-0d54-445b-88c0-675df4d8d36d,18,นาย,กิตติคุณ,สิงทัน,นายกิตติคุณ สิงทัน,,,bcdcd19b-d619-47dd-8535-fafb6bc6f4d8,12,พรรคเสรีรวมไทย,,#C62828
13668784-b11d-4958-860c-9f45064dfc54,18,นาย,ราเมศ,รัตนะเชวง,นายราเมศ รัตนะเชวง,https://gbqmnnammihcoxshkdxd.supabase.co/storage/v1/object/public/partylist-photos/27/018.jpg,,d7155f6d-736d-42c0-8bc0-00ee6e1970dc,27,พรรคประชาธิปัตย์,,#0066B3
1dea2f0c-f1a8-4f15-a69f-20d5e7acfd87,18,นางสาว,นูรีฮัน,ยูโซะ,นางสาวนูรีฮัน ยูโซะ,,,7ffe2115-72d1-4d71-9962-03ff61afc67c,31,พรรคประชากรไทย,,#00695C
21a736b4-2272-449d-a840-f883b756da35,18,นาย,รับเสด็จ,ยศติณเธียร,นายรับเสด็จ ยศติณเธียร,,,7255d2d0-1f49-4fd8-adad-7acfea2d5126,56,พรรคเพื่อบ้านเมือง,,#1565C0
36b7522d-e263-4332-b8d6-e0bb6aee4586,18,นาย,ปวัน,เลิศพยับ,นายปวัน เลิศพยับ,,,0c044088-618b-49af-a291-fb28ffe9e0f8,11,พรรคเศรษฐกิจ,,#FFA000
3a263325-b94d-482f-bfb8-2263602e97f4,18,นาย,สุวิชย์,คำแหล้,นายสุวิชย์ คำแหล้,,,c126e4e4-be85-44e6-bf3e-f9331b9f91a9,24,พรรควิชชั่นใหม่,,#7CB342
3b39d537-fde8-4df7-8e3a-d6b986e9fec0,18,นาย,สุทธิพงษ์,รอดปลอด,นายสุทธิพงษ์ รอดปลอด,,,a54ae018-5399-423a-8a14-4d5c849a79a0,45,พรรคเป็นธรรม,,#4527A0
401b989e-7ff1-4700-a6d3-809c3178708a,18,นาย,จักรภพ,เพ็ญแข,นายจักรภพ เพ็ญแข,https://gbqmnnammihcoxshkdxd.supabase.co/storage/v1/object/public/partylist-photos/9/018.jpg,,2d8a1c84-0bc8-4377-965d-c020a0097c27,9,พรรคเพื่อไทย,,#E4002B
43c334f1-2e9c-4a51-b1dd-35ad183dbfd7,18,นาง,นลินธรณ์,เชาว์นิธิศรีกุล,นางนลินธรณ์ เชาว์นิธิศรีกุล,,,bdd306a2-80c7-4d7b-a7ff-8dc1ec9fcc76,10,พรรคทางเลือกใหม่,,#00838F
47da1393-b71b-4df0-93b2-10589026b55b,18,นาย,ปุระพัฒน์,วิเศษจินดาวัฒนา,นายปุระพัฒน์ วิเศษจินดาวัฒนา,,,2ee17641-917b-4ea0-8c19-da383e03e915,44,พรรคโอกาสใหม่,,#26C6DA
4f758b3a-1999-4faa-964d-1d76eceba88a,18,นางสาว,พรทิพย์,กล้วยไม้ ณ อยุธยา,นางสาวพรทิพย์ กล้วยไม้ ณ อยุธยา,,,3d55d7c9-f0bc-4803-b40e-090a7ea5d872,3,พรรคใหม่,,#FF5722
719631a2-fea2-4934-9026-302e8eda535e,18,นาย,เดชทัต,บุนนาค,นายเดชทัต บุนนาค,,,03347cbc-6089-474c-a3f6-484ae981c9a6,43,พรรคพลังประชารัฐ,,#1565C0
76035e9f-3246-4d72-a62c-240900c6c559,18,นาย,ยุสรีย์,กอดิรีย์,นายยุสรีย์ กอดิรีย์,,,965b4b93-c01e-4a2b-a987-577f2b99ebb4,49,พรรคไทยก้าวใหม่,,#1E88E5
947dc04a-b9f1-4e52-8c80-c944acf1181e,18,นาย,นพดล,พรหมภาสิต,นายนพดล พรหมภาสิต,,,115da917-bf32-4e96-a2ae-b7818d0909ee,6,พรรครวมไทยสร้างชาติ,,#FF6D00
9661b5dc-599b-4e56-b31c-664e1bdb5c79,18,นางสาว,วริสรา,พังงา,นางสาววริสรา พังงา,,,54706125-9661-467d-a8af-78994d14b116,35,พรรครักชาติ,,#B71C1C
9fa4cd3f-8afb-45e7-a6c5-2c525ae9fd2e,18,นาย,ชัยวัฒน์,สถาวรวิจิตร,นายชัยวัฒน์ สถาวรวิจิตร,https://gbqmnnammihcoxshkdxd.supabase.co/storage/v1/object/public/partylist-photos/46/018.jpg,,1116011c-1ef3-4cca-a186-c1b9f7984ede,46,พรรคประชาชน,,#F57C00
a1e87dee-7dcd-46e8-94f4-c3c40788b703,18,นาย,ธีรวัฒน์,จันทร์แจ้ง,นายธีรวัฒน์ จันทร์แจ้ง,,,339fa187-133c-4766-a6c2-36d1b32cda8f,23,พรรคปวงชนไทย,,#827717
a73411d9-6917-40be-9327-3ff75410e975,18,นาย,ทิวากร,สุระชน,นายทิวากร สุระชน,,,cb1b6cf2-41fa-49b1-a060-01acf13edc81,48,พรรคไทยสร้างไทย,,#00ACC1
a814c54a-84e8-465f-9b0c-afdc3c5c651c,18,นาย,สูฮัยมี,ลือแบซา,นายสูฮัยมี ลือแบซา,,,7f4755ca-ea3a-4023-869d-9cabba328db0,33,พรรคประชาชาติ,,#2E7D32
be7160f5-697d-45d8-8db7-4ccc5500c18d,18,นาย,สมทรง,คงสนิทพะเนา,นายสมทรง คงสนิทพะเนา,,,f9cadd57-8256-49aa-9386-0da392b19fc2,29,พรรคไทยภักดี,,#D32F2F
bfe51ea6-a871-4d42-ac81-8e0536aa0cff,18,นาย,อุทิศ,กุลน้อย,นายอุทิศ กุลน้อย,,,409581ea-d469-40f6-803e-7830a6418150,17,พรรคไทยชนะ,,#D84315
c20225eb-20a5-42d4-ac43-e9281eb31d83,18,นาย,เอกราษฏฐ์,ช่างเหลา,นายเอกราษฏฐ์ ช่างเหลา,,,a62aca08-91b7-4f3f-ba8f-cb9e884a3799,42,พรรคกล้าธรรม,,#5D4037
da5458aa-5650-4716-9ce7-d2d38ff328be,18,นาย,ศุภกิจ,ต้นวิบูลย์ศักดิ์,นายศุภกิจ ต้นวิบูลย์ศักดิ์,,,bd8d9f14-f757-41fb-8f37-d6128d9d012d,7,พรรคพลวัต,,#EF6C00
ea8d0c8f-6348-4155-8fe1-c11649375152,18,นาย,ศิลป์ชัย,อาจภักดี,นายศิลป์ชัย อาจภักดี,,,228ae2e0-33d2-4c85-bef3-419928db45cc,32,พรรคครูไทยเพื่อประชาชน,,#6A1B9A
eed440e3-58d1-4615-a6c0-39b1b77078bc,18,นาย,ธนกร,วังบุญคงชนะ,นายธนกร วังบุญคงชนะ,https://gbqmnnammihcoxshkdxd.supabase.co/storage/v1/object/public/partylist-photos/37/018.jpg,,013c219e-e197-416d-84ea-00ba9c35465e,37,พรรคภูมิใจไทย,,#3949AB
ef0ad175-3b8d-4275-b840-76ae990c7b09,18,นาย,จิรโรจน์,มาลัยทองทิพย์,นายจิรโรจน์ มาลัยทองทิพย์,,,d1964fe3-2dd0-43d5-a190-77fbfaf586b2,8,พรรคประชาธิปไตยใหม่,,#1976D2
00b24bbc-c69c-477e-a91a-7f4dca7b9afc,19,นาย,อนุชา,ทองสงค์,นายอนุชา ทองสงค์,,,228ae2e0-33d2-4c85-bef3-419928db45cc,32,พรรคครูไทยเพื่อประชาชน,,#6A1B9A
070ab0b3-6e5b-4dda-8978-69f19d04a4ec,19,นาย,ทวีศักดิ์,ปิยะวิสุทธิกุล,นายทวีศักดิ์ ปิยะวิสุทธิกุล,,,03347cbc-6089-474c-a3f6-484ae981c9a6,43,พรรคพลังประชารัฐ,,#1565C0
09e87fd4-50e9-4407-9c9b-05d95669e1b8,19,นาย,วีรวงศ์,เบ็ญจมาศ,นายวีรวงศ์ เบ็ญจมาศ,,,409581ea-d469-40f6-803e-7830a6418150,17,พรรคไทยชนะ,,#D84315
1cc0811a-1dd1-442c-b136-103ecfcfcb14,19,นาย,พงศ์กวิน,จึงรุ่งเรืองกิจ,นายพงศ์กวิน จึงรุ่งเรืองกิจ,https://gbqmnnammihcoxshkdxd.supabase.co/storage/v1/object/public/partylist-photos/9/019.jpg,,2d8a1c84-0bc8-4377-965d-c020a0097c27,9,พรรคเพื่อไทย,,#E4002B
28132887-9aa2-4d46-8255-3e53f58abf0e,19,นาย,ครรชิตพล,พรมชาติ,นายครรชิตพล พรมชาติ,,,bcdcd19b-d619-47dd-8535-fafb6bc6f4d8,12,พรรคเสรีรวมไทย,,#C62828
3d0f7449-7c93-4190-9c07-375694466c1a,19,นาย,เอกรส,จินตะมัย,นายเอกรส จินตะมัย,,,965b4b93-c01e-4a2b-a987-577f2b99ebb4,49,พรรคไทยก้าวใหม่,,#1E88E5
574a408a-d167-47df-8cf3-f91d10348eb1,19,นาย,สมโภช,โชติชูช่วง,นายสมโภช โชติชูช่วง,,,115da917-bf32-4e96-a2ae-b7818d0909ee,6,พรรครวมไทยสร้างชาติ,,#FF6D00
5c13ee5f-6189-4768-9a85-48ac7a48b442,19,นางสาว,ประภากมล,หินแก้ว,นางสาวประภากมล หินแก้ว,,,54706125-9661-467d-a8af-78994d14b116,35,พรรครักชาติ,,#B71C1C
5d47a81f-a120-4440-911f-69e06da60b0e,19,นาย,ชาญวิทย์,เอนกสัมพันธ์,นายชาญวิทย์ เอนกสัมพันธ์,,,a54ae018-5399-423a-8a14-4d5c849a79a0,45,พรรคเป็นธรรม,,#4527A0
6572255a-94cc-42f2-93e6-616f869221b4,19,ว่าที่ร้อยตำรวจตรี,นรินทร์,ศักดิ์เจริญชัยกุล,ว่าที่ร้อยตำรวจตรีนรินทร์ ศักดิ์เจริญชัยกุล,,,f9cadd57-8256-49aa-9386-0da392b19fc2,29,พรรคไทยภักดี,,#D32F2F
6cc6bf2a-e727-4cc5-8363-4eba9a342f60,19,พลโท,อัศวิน,รัชฎานนท์,พลโทอัศวิน รัชฎานนท์,,,bdd306a2-80c7-4d7b-a7ff-8dc1ec9fcc76,10,พรรคทางเลือกใหม่,,#00838F
7e3d52df-631b-4206-844a-b310336d6726,19,นาย,นิพิฏฐ์,อินทรสมบัติ,นายนิพิฏฐ์ อินทรสมบัติ,https://gbqmnnammihcoxshkdxd.supabase.co/storage/v1/object/public/partylist-photos/27/019.jpg,,d7155f6d-736d-42c0-8bc0-00ee6e1970dc,27,พรรคประชาธิปัตย์,,#0066B3
89482cdc-c1d1-4534-81da-19bc6e7a7518,19,นาง,สร้อยทอง,สุวรรณี,นางสร้อยทอง สุวรรณี,,,7255d2d0-1f49-4fd8-adad-7acfea2d5126,56,พรรคเพื่อบ้านเมือง,,#1565C0
90b36f40-a7f8-4eae-a048-532afbc53480,19,นาย,ประเทือง,เจริญรัมย์,นายประเทือง เจริญรัมย์,,,c126e4e4-be85-44e6-bf3e-f9331b9f91a9,24,พรรควิชชั่นใหม่,,#7CB342
9b5f376b-8805-4dc6-aecd-c0c2eacd0aac,19,นาย,พูนศักดิ์,จันทร์จำปี,นายพูนศักดิ์ จันทร์จำปี,https://gbqmnnammihcoxshkdxd.supabase.co/storage/v1/object/public/partylist-photos/46/019.jpg,,1116011c-1ef3-4cca-a186-c1b9f7984ede,46,พรรคประชาชน,,#F57C00
a738bda9-84b0-4d99-823d-2308a40dc980,19,นางสาว,รินทร์ลิตา,อดิษะ,นางสาวรินทร์ลิตา อดิษะ,,,013c219e-e197-416d-84ea-00ba9c35465e,37,พรรคภูมิใจไทย,,#3949AB
ba2d6d16-17fd-4318-bf50-259306db2bc0,19,นาง,ทองมัน,ไชยพรม,นางทองมัน ไชยพรม,,,d1964fe3-2dd0-43d5-a190-77fbfaf586b2,8,พรรคประชาธิปไตยใหม่,,#1976D2
be067ec8-ce59-41bd-98a1-bf152b2257bd,19,นาย,เจนศักดิ์,วิชาวุฒิพงษ์,นายเจนศักดิ์ วิชาวุฒิพงษ์,,,339fa187-133c-4766-a6c2-36d1b32cda8f,23,พรรคปวงชนไทย,,#827717
c03789b8-b9ce-4ba0-a25c-260bf41c7aeb,19,นางสาว,จุฑามาศ,ยงคะวิสัย,นางสาวจุฑามาศ ยงคะวิสัย,,,2ee17641-917b-4ea0-8c19-da383e03e915,44,พรรคโอกาสใหม่,,#26C6DA
c7a79168-6777-4235-a4cb-a8169c677981,19,นาย,เวชยันต์,ช้างรักษา,นายเวชยันต์ ช้างรักษา,,,cb1b6cf2-41fa-49b1-a060-01acf13edc81,48,พรรคไทยสร้างไทย,,#00ACC1
d6013015-b7f5-4d61-b9ab-f9b554dd585f,19,พันตำรวจเอก,ชาติพรรณ,โชติช่วง,พันตำรวจเอกชาติพรรณ โชติช่วง,,,0c044088-618b-49af-a291-fb28ffe9e0f8,11,พรรคเศรษฐกิจ,,#FFA000
da51151d-76b0-484a-b3ef-bc40ea6fea3b,19,นางสาว,รอมือละห์,แซเยะ,นางสาวรอมือละห์ แซเยะ,,,7f4755ca-ea3a-4023-869d-9cabba328db0,33,พรรคประชาชาติ,,#2E7D32
de8e4c82-a22d-480b-a10c-b4e4c6125625,19,นาย,สุธี,พงษ์เพียรชอบ,นายสุธี พงษ์เพียรชอบ,,,a62aca08-91b7-4f3f-ba8f-cb9e884a3799,42,พรรคกล้าธรรม,,#5D4037
ea330e51-7154-467c-bc0e-59a173f1de2e,19,นางสาว,กุสุมามาลย์,ปัจฉิมสวัสดิ์,นางสาวกุสุมามาลย์ ปัจฉิมสวัสดิ์,,,3d55d7c9-f0bc-4803-b40e-090a7ea5d872,3,พรรคใหม่,,#FF5722
fcce3bd0-54d8-46d8-86c0-100074d429ba,19,นาย,กัมปนาท,แก่นอาสา,นายกัมปนาท แก่นอาสา,,,bd8d9f14-f757-41fb-8f37-d6128d9d012d,7,พรรคพลวัต,,#EF6C00
021a1a79-2d63-440e-aa39-ad456de52797,20,นาย,มังกร,ยนต์ตระกูล,นายมังกร ยนต์ตระกูล,https://gbqmnnammihcoxshkdxd.supabase.co/storage/v1/object/public/partylist-photos/9/020.jpg,,2d8a1c84-0bc8-4377-965d-c020a0097c27,9,พรรคเพื่อไทย,,#E4002B
05a43f4a-a1fe-4947-b85b-263bf6cba327,20,นาย,นิกร,จำนง,นายนิกร จำนง,https://gbqmnnammihcoxshkdxd.supabase.co/storage/v1/object/public/partylist-photos/37/020.jpg,,013c219e-e197-416d-84ea-00ba9c35465e,37,พรรคภูมิใจไทย,,#3949AB
3f9a77e5-8bbf-4cfd-a647-cf2912cfd99a,20,ว่าที่ร้อยตรี,ศิรปัญจพล,พงสินพุฒิภาภัทร,ว่าที่ร้อยตรีศิรปัญจพล พงสินพุฒิภาภัทร,,,bd8d9f14-f757-41fb-8f37-d6128d9d012d,7,พรรคพลวัต,,#EF6C00
3ff9ea15-81b9-4ce6-bbb9-a85473daf4d8,20,นาย,เศษฐวิชช์,ศิริโภคานุสรณ์,นายเศษฐวิชช์ ศิริโภคานุสรณ์,,,965b4b93-c01e-4a2b-a987-577f2b99ebb4,49,พรรคไทยก้าวใหม่,,#1E88E5
42e8a479-e9e9-4587-a9b9-35f2681642c9,20,นาย,ณฐภัทรพล,เอียดขาว,นายณฐภัทรพล เอียดขาว,,,c126e4e4-be85-44e6-bf3e-f9331b9f91a9,24,พรรควิชชั่นใหม่,,#7CB342
439bd43d-6909-4c39-9618-8fb1c6131853,20,นาย,ลัทธจิตร,มีรักษ์,นายลัทธจิตร มีรักษ์,,,2ee17641-917b-4ea0-8c19-da383e03e915,44,พรรคโอกาสใหม่,,#26C6DA
5243203c-fbe8-47a6-8cb2-1d15da03cc31,20,นาย,ไพโรจน์,ตันบรรจง,นายไพโรจน์ ตันบรรจง,,,a62aca08-91b7-4f3f-ba8f-cb9e884a3799,42,พรรคกล้าธรรม,,#5D4037
5783444b-580c-4b10-b4e0-1a963ccde23d,20,นาย,ธนากร,เอ่งฉ้วน,นายธนากร เอ่งฉ้วน,,,228ae2e0-33d2-4c85-bef3-419928db45cc,32,พรรคครูไทยเพื่อประชาชน,,#6A1B9A
5f6f9a71-5d36-488e-8193-6102444cee03,20,นาย,ชญาศักดิ์,พูลทรัพย์,นายชญาศักดิ์ พูลทรัพย์,,,409581ea-d469-40f6-803e-7830a6418150,17,พรรคไทยชนะ,,#D84315
79aa36a9-771e-4066-adbe-2eb393c7ab6a,20,นาย,ธงชัย,แสงประจักษ์,นายธงชัย แสงประจักษ์,,,7255d2d0-1f49-4fd8-adad-7acfea2d5126,56,พรรคเพื่อบ้านเมือง,,#1565C0
91813290-6f9a-4bde-b984-b0f7cd64f7c9,20,นาย,ฐานุพงศ์,ศักดิ์ธนาวัฒน์,นายฐานุพงศ์ ศักดิ์ธนาวัฒน์,,,339fa187-133c-4766-a6c2-36d1b32cda8f,23,พรรคปวงชนไทย,,#827717
92bd27d4-2049-4ff6-becd-c425e114ea68,20,นาย,เทวภัทร,พรมเอี่ยม,นายเทวภัทร พรมเอี่ยม,,,54706125-9661-467d-a8af-78994d14b116,35,พรรครักชาติ,,#B71C1C
a0282270-95c9-4304-8664-28142bdf0ec8,20,นางสาว,มนัสนันท์,ทองเมืองหลวง,นางสาวมนัสนันท์ ทองเมืองหลวง,,,a54ae018-5399-423a-8a14-4d5c849a79a0,45,พรรคเป็นธรรม,,#4527A0
a38e5fd3-c961-4772-9fe3-41fbc35a79de,20,นาย,ศักดิ์ณรงค์,ศิริพร ณ ราชสีมา,นายศักดิ์ณรงค์ ศิริพร ณ ราชสีมา,,,cb1b6cf2-41fa-49b1-a060-01acf13edc81,48,พรรคไทยสร้างไทย,,#00ACC1
a3feb859-664a-4bd6-80b2-6a272b2df50b,20,นาง,กันตวรรณ,ตันเถียร,นางกันตวรรณ ตันเถียร,https://gbqmnnammihcoxshkdxd.supabase.co/storage/v1/object/public/partylist-photos/27/020.jpg,,d7155f6d-736d-42c0-8bc0-00ee6e1970dc,27,พรรคประชาธิปัตย์,,#0066B3
a83aebbe-4402-48bb-b99a-9a9d0ec2026b,20,นาย,ปรพล,อดิเรกสาร,นายปรพล อดิเรกสาร,,,03347cbc-6089-474c-a3f6-484ae981c9a6,43,พรรคพลังประชารัฐ,,#1565C0
ac0cc2bd-4267-4cfa-8d14-fb539d362fb3,20,นางสาว,บุษราคัม,แก้วเกิด,นางสาวบุษราคัม แก้วเกิด,,,7f4755ca-ea3a-4023-869d-9cabba328db0,33,พรรคประชาชาติ,,#2E7D32
b8b7b6fb-b7bd-4972-bd2f-8ac8c7442bbc,20,นาย,ณัฐชา,บุญไชยอินสวัสดิ์,นายณัฐชา บุญไชยอินสวัสดิ์,https://gbqmnnammihcoxshkdxd.supabase.co/storage/v1/object/public/partylist-photos/46/020.jpg,,1116011c-1ef3-4cca-a186-c1b9f7984ede,46,พรรคประชาชน,,#F57C00
becd53c7-d9ef-41d3-a97a-4433925b29a8,20,นาย,ภูมิพงศ์,จงสกุล,นายภูมิพงศ์ จงสกุล,,,0c044088-618b-49af-a291-fb28ffe9e0f8,11,พรรคเศรษฐกิจ,,#FFA000
c2d1f187-a682-42a0-bacd-1f8f0040b4c7,20,ว่าที่ร้อยเอก,ชนะโชค,บุญศล,ว่าที่ร้อยเอกชนะโชค บุญศล,,,bdd306a2-80c7-4d7b-a7ff-8dc1ec9fcc76,10,พรรคทางเลือกใหม่,,#00838F
cf3fb2a3-71f6-4621-8a56-e198322026b4,20,นาย,โกวิทย์,ลิลา,นายโกวิทย์ ลิลา,,,bcdcd19b-d619-47dd-8535-fafb6bc6f4d8,12,พรรคเสรีรวมไทย,,#C62828
d80a1279-9ebe-4ce4-9128-387a3e6e0c2d,20,นาย,วิเชียร,ราชบุรี,นายวิเชียร ราชบุรี,,,3d55d7c9-f0bc-4803-b40e-090a7ea5d872,3,พรรคใหม่,,#FF5722
e8255fa7-7cd8-4449-94cb-0971a6d3eb18,20,นางสาว,ภัทธปภา,นิ่มเรือง,นางสาวภัทธปภา นิ่มเรือง,,,115da917-bf32-4e96-a2ae-b7818d0909ee,6,พรรครวมไทยสร้างชาติ,,#FF6D00
f5380431-d444-451c-a01a-70d88b52af78,20,นาย,บุญเถิง,บุญดก,นายบุญเถิง บุญดก,,,d1964fe3-2dd0-43d5-a190-77fbfaf586b2,8,พรรคประชาธิปไตยใหม่,,#1976D2
fc05ee8a-63d5-4214-a622-e5612441c280,20,นาย,จิรกิตต์,ผลจันทร์,นายจิรกิตต์ ผลจันทร์,,,f9cadd57-8256-49aa-9386-0da392b19fc2,29,พรรคไทยภักดี,,#D32F2F
03c868cc-4485-43eb-b34b-4bfcc738c9f7,21,นาง,ธนนันท์,วันทยางค์นันท์,นางธนนันท์ วันทยางค์นันท์,,,f9cadd57-8256-49aa-9386-0da392b19fc2,29,พรรคไทยภักดี,,#D32F2F
08c47a8c-fcd1-407a-8567-895affef4e41,21,นาย,ณัฐวัฒน์,พอใช้ได้,นายณัฐวัฒน์ พอใช้ได้,,,cb1b6cf2-41fa-49b1-a060-01acf13edc81,48,พรรคไทยสร้างไทย,,#00ACC1
1124215b-9b2b-4164-b596-3b32c0eb53bd,21,นาย,ไพศาล,ร่วมทอง,นายไพศาล ร่วมทอง,,,d1964fe3-2dd0-43d5-a190-77fbfaf586b2,8,พรรคประชาธิปไตยใหม่,,#1976D2
17596fcf-1bb7-424a-9a31-dea854592efa,21,นาง,ภคพร,เดชพัฒนกุล,นางภคพร เดชพัฒนกุล,,,54706125-9661-467d-a8af-78994d14b116,35,พรรครักชาติ,,#B71C1C
46bb8885-c8cd-4c99-a239-f806cb856237,21,นาย,ปิติ,ปิตุเตชะ,นายปิติ ปิตุเตชะ,,,013c219e-e197-416d-84ea-00ba9c35465e,37,พรรคภูมิใจไทย,,#3949AB
4e3046f6-0bb1-4675-808f-284e6d9bd747,21,นาย,เชาวฤทธิ์,ขจรพงศ์กีรติ,นายเชาวฤทธิ์ ขจรพงศ์กีรติ,,,a62aca08-91b7-4f3f-ba8f-cb9e884a3799,42,พรรคกล้าธรรม,,#5D4037
5680a68b-d011-46ab-bed2-ae80c4dc5681,21,นางสาว,บุญส่ง,ประดับวัน,นางสาวบุญส่ง ประดับวัน,,,228ae2e0-33d2-4c85-bef3-419928db45cc,32,พรรคครูไทยเพื่อประชาชน,,#6A1B9A
5e93add1-0fdd-42d3-bc4d-729af064fcaa,21,นาย,ฐัฎฐิติวาสก์,เสนีย์,นายฐัฎฐิติวาสก์ เสนีย์,,,115da917-bf32-4e96-a2ae-b7818d0909ee,6,พรรครวมไทยสร้างชาติ,,#FF6D00
5ec7b076-7d78-4d5c-b16b-e3507046d3cb,21,นาย,อธิพัชร์,ทารักษ์,นายอธิพัชร์ ทารักษ์,,,bd8d9f14-f757-41fb-8f37-d6128d9d012d,7,พรรคพลวัต,,#EF6C00
73ebb849-0e34-4186-bc22-4e9299b22949,21,นางสาว,ตฤณ,ล่อใจ,นางสาวตฤณ ล่อใจ,,,7f4755ca-ea3a-4023-869d-9cabba328db0,33,พรรคประชาชาติ,,#2E7D32
7b8f0e4c-44d0-4e9b-b3b5-3032418109a2,21,นาย,เจะอามิง,โตะตาหยง,นายเจะอามิง โตะตาหยง,https://gbqmnnammihcoxshkdxd.supabase.co/storage/v1/object/public/partylist-photos/27/021.jpg,,d7155f6d-736d-42c0-8bc0-00ee6e1970dc,27,พรรคประชาธิปัตย์,,#0066B3
7ec6c24a-862c-419d-b642-63126bca9672,21,นาง,สุพิชญา,สุวรรณโสภา,นางสุพิชญา สุวรรณโสภา,,,bcdcd19b-d619-47dd-8535-fafb6bc6f4d8,12,พรรคเสรีรวมไทย,,#C62828
8e2b987e-a228-4740-9ba4-812a549b7c7a,21,นาย,ปราโมทย์,ห้าวหาญ,นายปราโมทย์ ห้าวหาญ,,,7255d2d0-1f49-4fd8-adad-7acfea2d5126,56,พรรคเพื่อบ้านเมือง,,#1565C0
9607a72a-0286-437d-a71b-45cba1c304ec,21,นาย,ประสงค์,บูรณ์พงศ์,นายประสงค์ บูรณ์พงศ์,,,03347cbc-6089-474c-a3f6-484ae981c9a6,43,พรรคพลังประชารัฐ,,#1565C0
99da2f8f-6150-469c-b704-572077a0fead,21,นาย,สนิท,จันทร์โสด,นายสนิท จันทร์โสด,,,409581ea-d469-40f6-803e-7830a6418150,17,พรรคไทยชนะ,,#D84315
aa921f09-d929-4058-829d-8941b465ab87,21,นาย,กัมปนาท,จิราภรรคกุล,นายกัมปนาท จิราภรรคกุล,,,339fa187-133c-4766-a6c2-36d1b32cda8f,23,พรรคปวงชนไทย,,#827717
ada2e2b9-1bbc-46e0-8048-4bcabf441c97,21,นาย,ธิติรัตน์,พุ่มไสว,นายธิติรัตน์ พุ่มไสว,,,2ee17641-917b-4ea0-8c19-da383e03e915,44,พรรคโอกาสใหม่,,#26C6DA
b0befea9-a18b-4d5d-8771-c51f17729024,21,พลเอก,ชัยชนะ,นาคเกิด,พลเอกชัยชนะ นาคเกิด,,,0c044088-618b-49af-a291-fb28ffe9e0f8,11,พรรคเศรษฐกิจ,,#FFA000
bdd8249f-8626-4559-ab9e-0ee03e098172,21,นาย,ศุภโชติ,ไชยสัจ,นายศุภโชติ ไชยสัจ,https://gbqmnnammihcoxshkdxd.supabase.co/storage/v1/object/public/partylist-photos/46/021.jpg,,1116011c-1ef3-4cca-a186-c1b9f7984ede,46,พรรคประชาชน,,#F57C00
be29314c-7cac-4086-8c73-2a6d86a2e7c1,21,นาย,อนุชา,มีแก้วเจริญ,นายอนุชา มีแก้วเจริญ,,,3d55d7c9-f0bc-4803-b40e-090a7ea5d872,3,พรรคใหม่,,#FF5722
c321da99-2e02-4cb3-a2fb-7653c50af12d,21,นาย,ศึกษิษฏ์,ศรีจอมขวัญ,นายศึกษิษฏ์ ศรีจอมขวัญ,https://gbqmnnammihcoxshkdxd.supabase.co/storage/v1/object/public/partylist-photos/9/021.jpg,,2d8a1c84-0bc8-4377-965d-c020a0097c27,9,พรรคเพื่อไทย,,#E4002B
c5dfd305-acb2-4e55-a527-14886bc7644b,21,นาย,สมสุข,สวัสดิ์ใหม่,นายสมสุข สวัสดิ์ใหม่,,,a54ae018-5399-423a-8a14-4d5c849a79a0,45,พรรคเป็นธรรม,,#4527A0
ce81254e-fe1e-450c-84b4-0e3cdb76e4ff,21,นางสาว,อภิชชยา,เทพโสธร,นางสาวอภิชชยา เทพโสธร,,,965b4b93-c01e-4a2b-a987-577f2b99ebb4,49,พรรคไทยก้าวใหม่,,#1E88E5
ff5b3c04-ca57-4d59-85c5-63c1798beebd,21,นาย,บรรหาญ,สิงคิบุตร,นายบรรหาญ สิงคิบุตร,,,c126e4e4-be85-44e6-bf3e-f9331b9f91a9,24,พรรควิชชั่นใหม่,,#7CB342
1334673f-f0fb-499c-913f-f90a1f6afc2f,22,นาย,กฤดิทัช,แสงธนโยธิน,นายกฤดิทัช แสงธนโยธิน,,,a62aca08-91b7-4f3f-ba8f-cb9e884a3799,42,พรรคกล้าธรรม,,#5D4037
17fe3097-8bb5-411a-a966-62f49d3336ed,22,นางสาว,มณทิรา,จำปา,นางสาวมณทิรา จำปา,,,2ee17641-917b-4ea0-8c19-da383e03e915,44,พรรคโอกาสใหม่,,#26C6DA
1ac9d9d4-14c6-483d-ad00-10939df68ec5,22,นางสาว,วรรณีย์,ขันธ์วิเศษ,นางสาววรรณีย์ ขันธ์วิเศษ,,,3d55d7c9-f0bc-4803-b40e-090a7ea5d872,3,พรรคใหม่,,#FF5722
1bbafabf-6a98-4031-84b1-2c29ca6dbea8,22,นาย,ไพศาล,เชิดชู,นายไพศาล เชิดชู,,,0c044088-618b-49af-a291-fb28ffe9e0f8,11,พรรคเศรษฐกิจ,,#FFA000
2c4b5410-43fe-4621-87e6-923f90bf3772,22,นาย,ประมวล,สุธีจารุวัฒน,นายประมวล สุธีจารุวัฒน,https://gbqmnnammihcoxshkdxd.supabase.co/storage/v1/object/public/partylist-photos/46/022.jpg,,1116011c-1ef3-4cca-a186-c1b9f7984ede,46,พรรคประชาชน,,#F57C00
2cd390d6-5636-44a2-ba58-ceb229889772,22,นาง,อารีย์,ชัยขัน,นางอารีย์ ชัยขัน,,,7255d2d0-1f49-4fd8-adad-7acfea2d5126,56,พรรคเพื่อบ้านเมือง,,#1565C0
2e43da51-f9b6-42a9-9978-de9d76c9bd44,22,นาย,ประดิษฐ์,พราหมณ์จินดา,นายประดิษฐ์ พราหมณ์จินดา,,,7f4755ca-ea3a-4023-869d-9cabba328db0,33,พรรคประชาชาติ,,#2E7D32
34f5cac4-d8eb-412e-9b16-6348ba3b0342,22,นาย,อารยะ,ชูประวัติ,นายอารยะ ชูประวัติ,,,f9cadd57-8256-49aa-9386-0da392b19fc2,29,พรรคไทยภักดี,,#D32F2F
3809b0ef-bad2-469a-9ab1-7d5c0446dbea,22,นาย,นิเวช,มิ่งมิตรโอฬาร,นายนิเวช มิ่งมิตรโอฬาร,,,cb1b6cf2-41fa-49b1-a060-01acf13edc81,48,พรรคไทยสร้างไทย,,#00ACC1
45992284-096a-4ec8-9257-46e7d2b2ed5b,22,นาย,สุรชัย,ศรีด้วง,นายสุรชัย ศรีด้วง,,,409581ea-d469-40f6-803e-7830a6418150,17,พรรคไทยชนะ,,#D84315
45f019ea-a20d-4a55-8f66-da945a4ac27a,22,นาย,พเยาว์,เสนาะเสียง,นายพเยาว์ เสนาะเสียง,,,bd8d9f14-f757-41fb-8f37-d6128d9d012d,7,พรรคพลวัต,,#EF6C00
73dae1fe-0c83-4b99-9148-e0f2c8ee2e7a,22,นาย,ดนุพร,ปุณณกันต์,นายดนุพร ปุณณกันต์,https://gbqmnnammihcoxshkdxd.supabase.co/storage/v1/object/public/partylist-photos/9/022.jpg,,2d8a1c84-0bc8-4377-965d-c020a0097c27,9,พรรคเพื่อไทย,,#E4002B
83f1e219-875a-4c73-b62c-59aa04c9c2b9,22,นาย,ศรายุทธ,พุทธรักษา,นายศรายุทธ พุทธรักษา,,,115da917-bf32-4e96-a2ae-b7818d0909ee,6,พรรครวมไทยสร้างชาติ,,#FF6D00
8812f44a-306b-4823-918d-faa14e7f61ab,22,นาย,สามารถ,ราชพลสิทธิ์,นายสามารถ ราชพลสิทธิ์,https://gbqmnnammihcoxshkdxd.supabase.co/storage/v1/object/public/partylist-photos/27/022.jpg,,d7155f6d-736d-42c0-8bc0-00ee6e1970dc,27,พรรคประชาธิปัตย์,,#0066B3
96931bd5-6f62-46b3-8b3f-8f03ba0a37b4,22,นางสาว,ณัฏฐิกา,บุญวิภาส,นางสาวณัฏฐิกา บุญวิภาส,,,54706125-9661-467d-a8af-78994d14b116,35,พรรครักชาติ,,#B71C1C
9ee64ca4-3d19-42c7-a10d-9f6fdd94f335,22,นาย,สายันต์,สายเจียง,นายสายันต์ สายเจียง,,,c126e4e4-be85-44e6-bf3e-f9331b9f91a9,24,พรรควิชชั่นใหม่,,#7CB342
a18d2abb-f222-41ff-8acf-0d9a81bd62c3,22,นางสาว,สุดใจ,เอี่ยมสอาด,นางสาวสุดใจ เอี่ยมสอาด,,,bcdcd19b-d619-47dd-8535-fafb6bc6f4d8,12,พรรคเสรีรวมไทย,,#C62828
ac240fec-585b-4b85-a11f-a234e5899f7c,22,นาย,พิบูลย์,รัชกิจประการ,นายพิบูลย์ รัชกิจประการ,https://gbqmnnammihcoxshkdxd.supabase.co/storage/v1/object/public/partylist-photos/37/022.jpg,,013c219e-e197-416d-84ea-00ba9c35465e,37,พรรคภูมิใจไทย,,#3949AB
c11c2b44-1aae-46ca-96fc-5700cb0a8287,22,นาง,จันทนา,แสนสำราญ,นางจันทนา แสนสำราญ,,,a54ae018-5399-423a-8a14-4d5c849a79a0,45,พรรคเป็นธรรม,,#4527A0
c2f91b18-341e-4025-803d-4c67f54a5731,22,นาย,มนตรี,นิเวศน์,นายมนตรี นิเวศน์,,,228ae2e0-33d2-4c85-bef3-419928db45cc,32,พรรคครูไทยเพื่อประชาชน,,#6A1B9A
c5e92a1f-7e91-4c05-8f27-8df2f77c4b12,22,นางสาว,ชนิกานต์,นุ่มบัว,นางสาวชนิกานต์ นุ่มบัว,,,965b4b93-c01e-4a2b-a987-577f2b99ebb4,49,พรรคไทยก้าวใหม่,,#1E88E5
d1bef38a-1200-4958-b1f6-27acad052ac8,22,นาย,วชิรชัย,คงชัย,นายวชิรชัย คงชัย,,,339fa187-133c-4766-a6c2-36d1b32cda8f,23,พรรคปวงชนไทย,,#827717
e3f60888-2bb9-40f8-ae9b-6aa6635b6bbc,22,นาย,ประเสริฐ,กรุดเงิน,นายประเสริฐ กรุดเงิน,,,03347cbc-6089-474c-a3f6-484ae981c9a6,43,พรรคพลังประชารัฐ,,#1565C0
03fc9ddd-0058-4cee-a84f-ec468c84a43d,23,นาย,วราวุธ,ทองเกิด,นายวราวุธ ทองเกิด,,,a54ae018-5399-423a-8a14-4d5c849a79a0,45,พรรคเป็นธรรม,,#4527A0
056fb66a-410f-408f-acf3-5b81f216b72e,23,นาย,พุฒิพงศ์,จิรัตกิติวงศ์,นายพุฒิพงศ์ จิรัตกิติวงศ์,,,bd8d9f14-f757-41fb-8f37-d6128d9d012d,7,พรรคพลวัต,,#EF6C00
154f08dd-5f7c-4c06-ab55-cf54e0d44015,23,นาย,สุทัศน์,เงินหมื่น,นายสุทัศน์ เงินหมื่น,https://gbqmnnammihcoxshkdxd.supabase.co/storage/v1/object/public/partylist-photos/27/023.jpg,,d7155f6d-736d-42c0-8bc0-00ee6e1970dc,27,พรรคประชาธิปัตย์,,#0066B3
163695ba-3aef-4a3e-a3e0-d26105d31913,23,นาง,พรกมล,บุนนาค,นางพรกมล บุนนาค,,,03347cbc-6089-474c-a3f6-484ae981c9a6,43,พรรคพลังประชารัฐ,,#1565C0
18b3a113-bf41-4387-9455-bf9401af8188,23,นาย,รุ่งโรจน์,สุวรรณสิชณน์,นายรุ่งโรจน์ สุวรรณสิชณน์,,,965b4b93-c01e-4a2b-a987-577f2b99ebb4,49,พรรคไทยก้าวใหม่,,#1E88E5
350a603c-890b-4056-8c82-22d73eb43230,23,ว่าที่ร้อยตรี,ธวีพงษ์,สิทธิธัญกิจ,ว่าที่ร้อยตรีธวีพงษ์ สิทธิธัญกิจ,,,0c044088-618b-49af-a291-fb28ffe9e0f8,11,พรรคเศรษฐกิจ,,#FFA000
3d16ac85-9764-4410-97b4-e0d6243c52a9,23,นาย,อัษฎา,วนาทรัพย์ดำรง,นายอัษฎา วนาทรัพย์ดำรง,,,2ee17641-917b-4ea0-8c19-da383e03e915,44,พรรคโอกาสใหม่,,#26C6DA
4523a0ef-fd8f-4f4c-9853-cf715d7ccd6b,23,นาง,รุ้งลาวัลย์,สีทองเสือ,นางรุ้งลาวัลย์ สีทองเสือ,,,7255d2d0-1f49-4fd8-adad-7acfea2d5126,56,พรรคเพื่อบ้านเมือง,,#1565C0
497dabe5-8ce3-4cc1-be58-9a67f25ee29a,23,นาง,ปทิตตา,กลิ่นวิชิต,นางปทิตตา กลิ่นวิชิต,,,f9cadd57-8256-49aa-9386-0da392b19fc2,29,พรรคไทยภักดี,,#D32F2F
537ce6e1-b37e-4dc9-837e-ba0ad05595d4,23,นาย,นิพนธ์,พึ่งโพธิ์,นายนิพนธ์ พึ่งโพธิ์,,,c126e4e4-be85-44e6-bf3e-f9331b9f91a9,24,พรรควิชชั่นใหม่,,#7CB342
68941aed-c498-493c-b8e2-02c65ca3daf7,23,นาย,เอกรัฐ,อนุศาสน์สิริพร,นายเอกรัฐ อนุศาสน์สิริพร,,,54706125-9661-467d-a8af-78994d14b116,35,พรรครักชาติ,,#B71C1C
70856736-320c-420f-a85a-687008d1d766,23,พันตำรวจเอก,วีรชน,บุญทวี,พันตำรวจเอกวีรชน บุญทวี,,,a62aca08-91b7-4f3f-ba8f-cb9e884a3799,42,พรรคกล้าธรรม,,#5D4037
72bc7962-bbfd-48ed-84bc-8fb77dce0a5e,23,นางสาว,ธนัญญรัชช์,เศรษฐาธิรัชฎิ์,นางสาวธนัญญรัชช์ เศรษฐาธิรัชฎิ์,,,7f4755ca-ea3a-4023-869d-9cabba328db0,33,พรรคประชาชาติ,,#2E7D32
76edc4e0-01a8-4660-9fdc-a99b38f36cad,23,นาย,เลาฟั้ง,บัณฑิตเทอดสกุล,นายเลาฟั้ง บัณฑิตเทอดสกุล,https://gbqmnnammihcoxshkdxd.supabase.co/storage/v1/object/public/partylist-photos/46/023.jpg,,1116011c-1ef3-4cca-a186-c1b9f7984ede,46,พรรคประชาชน,,#F57C00
883592e3-d288-4347-8b5c-3b81aa487b86,23,นาย,ศิริพงศ์,คุ้มพะเนียด,นายศิริพงศ์ คุ้มพะเนียด,,,409581ea-d469-40f6-803e-7830a6418150,17,พรรคไทยชนะ,,#D84315
9576af37-46ec-45a6-9992-eff3de5e4c7a,23,นาย,ธนวิชญ์,พานแก้ว,นายธนวิชญ์ พานแก้ว,,,339fa187-133c-4766-a6c2-36d1b32cda8f,23,พรรคปวงชนไทย,,#827717
9f93d2d2-22fa-4767-be04-362a4f13f79a,23,นาย,สมนึก,ภูวศานต์,นายสมนึก ภูวศานต์,,,bcdcd19b-d619-47dd-8535-fafb6bc6f4d8,12,พรรคเสรีรวมไทย,,#C62828
a5870bbb-b4c4-4cf6-beec-6fef55ee8962,23,นาย,สุโรจน์,จันทรพิทักษ์,นายสุโรจน์ จันทรพิทักษ์,,,115da917-bf32-4e96-a2ae-b7818d0909ee,6,พรรครวมไทยสร้างชาติ,,#FF6D00
b2420801-6885-4bbb-b95e-a415f661cffd,23,นาย,พงศกร,อรรณนพพร,นายพงศกร อรรณนพพร,https://gbqmnnammihcoxshkdxd.supabase.co/storage/v1/object/public/partylist-photos/37/023.jpg,,013c219e-e197-416d-84ea-00ba9c35465e,37,พรรคภูมิใจไทย,,#3949AB
bfb4132d-6865-4462-a331-964e115296ae,23,นาย,สมศักดิ์,อัครโชติโสภณ,นายสมศักดิ์ อัครโชติโสภณ,,,3d55d7c9-f0bc-4803-b40e-090a7ea5d872,3,พรรคใหม่,,#FF5722
cc20f3af-7f7b-4d4b-8f7e-ece06bc9cbb5,23,นาย,ชนินทร์,รุ่งธนเกียรติ,นายชนินทร์ รุ่งธนเกียรติ,https://gbqmnnammihcoxshkdxd.supabase.co/storage/v1/object/public/partylist-photos/9/023.jpg,,2d8a1c84-0bc8-4377-965d-c020a0097c27,9,พรรคเพื่อไทย,,#E4002B
f1d089fa-71c8-4d3c-8755-c7bef7d78903,23,นาย,อดิลัน,อาลีอิสเฮาะ,นายอดิลัน อาลีอิสเฮาะ,,,cb1b6cf2-41fa-49b1-a060-01acf13edc81,48,พรรคไทยสร้างไทย,,#00ACC1
1268015a-4cf6-471f-b5e1-32898ff69976,24,นาย,กฤช,จุลกะเศียน,นายกฤช จุลกะเศียน,,,965b4b93-c01e-4a2b-a987-577f2b99ebb4,49,พรรคไทยก้าวใหม่,,#1E88E5
2b2e5a58-9742-4683-bfd2-59004d79dac9,24,นางสาว,พนินทร,เอกสมาธิกุล,นางสาวพนินทร เอกสมาธิกุล,,,7255d2d0-1f49-4fd8-adad-7acfea2d5126,56,พรรคเพื่อบ้านเมือง,,#1565C0
3433a54c-df96-43fb-8a72-ce1cba581db4,24,นาย,ไชยพล,เดชตระกูล,นายไชยพล เดชตระกูล,,,7f4755ca-ea3a-4023-869d-9cabba328db0,33,พรรคประชาชาติ,,#2E7D32
35bb4a6e-fc16-458e-9c97-14fc8cc09699,24,พันตำรวจโท,วิบูลย์,อุ่นนันกาศ,พันตำรวจโทวิบูลย์ อุ่นนันกาศ,,,bcdcd19b-d619-47dd-8535-fafb6bc6f4d8,12,พรรคเสรีรวมไทย,,#C62828
3c7dd670-0192-4319-b871-303b594257d1,24,นาย,เลอพงศ์,ลิ้มรัตน์,นายเลอพงศ์ ลิ้มรัตน์,,,2ee17641-917b-4ea0-8c19-da383e03e915,44,พรรคโอกาสใหม่,,#26C6DA
402cee39-eadf-4ae7-9158-ec814b02960b,24,นาย,พันธพัฒน์,คุ้มวิเชียร,นายพันธพัฒน์ คุ้มวิเชียร,,,0c044088-618b-49af-a291-fb28ffe9e0f8,11,พรรคเศรษฐกิจ,,#FFA000
5149e47d-cdb7-4ca3-9433-c93e814fb3a4,24,นาย,ธีระธนา,ด่านพงษ์,นายธีระธนา ด่านพงษ์,,,c126e4e4-be85-44e6-bf3e-f9331b9f91a9,24,พรรควิชชั่นใหม่,,#7CB342
53df98cd-0678-45e4-832f-8ac1d947d7db,24,นาง,ศิริวรรณ,ปราศจากศัตรู,นางศิริวรรณ ปราศจากศัตรู,https://gbqmnnammihcoxshkdxd.supabase.co/storage/v1/object/public/partylist-photos/37/024.jpg,,013c219e-e197-416d-84ea-00ba9c35465e,37,พรรคภูมิใจไทย,,#3949AB
6cc14785-64db-41f9-bc7a-614f32b5f54d,24,นาย,เกียรติพฬ,คำดี,นายเกียรติพฬ คำดี,,,3d55d7c9-f0bc-4803-b40e-090a7ea5d872,3,พรรคใหม่,,#FF5722
743d444f-5a30-47e2-9142-0963eb11bd5e,24,นาย,โมเซนคาน,เมฆดารา,นายโมเซนคาน เมฆดารา,,,54706125-9661-467d-a8af-78994d14b116,35,พรรครักชาติ,,#B71C1C
75d97c2f-f006-473e-8570-f94acb322483,24,นาย,กันต์พงษ์,วิเลิศศักดิ์,นายกันต์พงษ์ วิเลิศศักดิ์,,,409581ea-d469-40f6-803e-7830a6418150,17,พรรคไทยชนะ,,#D84315
8a6b1504-470a-417b-b2a5-f335d7289d29,24,นาย,ศิริ,งามขำ,นายศิริ งามขำ,,,115da917-bf32-4e96-a2ae-b7818d0909ee,6,พรรครวมไทยสร้างชาติ,,#FF6D00
8f249a82-8ebd-4a79-ac16-cb4495403256,24,นาย,สุนทร,ภู่ไพบูลย์,นายสุนทร ภู่ไพบูลย์,,,cb1b6cf2-41fa-49b1-a060-01acf13edc81,48,พรรคไทยสร้างไทย,,#00ACC1
95345a69-1871-4258-8f31-dfcfcd93f1ef,24,นางสาว,จิรารัตน์,มูลศิริ,นางสาวจิรารัตน์ มูลศิริ,,,bd8d9f14-f757-41fb-8f37-d6128d9d012d,7,พรรคพลวัต,,#EF6C00
b6ff5312-f5e4-480f-8993-fc84b1d603f1,24,นาย,ชนินทร์,รุ่งแสง,นายชนินทร์ รุ่งแสง,https://gbqmnnammihcoxshkdxd.supabase.co/storage/v1/object/public/partylist-photos/27/024.jpg,,d7155f6d-736d-42c0-8bc0-00ee6e1970dc,27,พรรคประชาธิปัตย์,,#0066B3
c27955fe-50e8-4518-830f-bb15da8c1bd7,24,นาย,ชำนาญ,เผือกวัฒนะ,นายชำนาญ เผือกวัฒนะ,,,339fa187-133c-4766-a6c2-36d1b32cda8f,23,พรรคปวงชนไทย,,#827717
d09e1110-8cf6-442a-925e-cae16ade70f3,24,นาย,พัฒนจักษ์,แพทย์รัฏณิ์,นายพัฒนจักษ์ แพทย์รัฏณิ์,,,03347cbc-6089-474c-a3f6-484ae981c9a6,43,พรรคพลังประชารัฐ,,#1565C0
d81fa4bd-f70f-4019-a1e2-cc9ec03d44b2,24,นาย,สุทิน,หลายเจริญ,นายสุทิน หลายเจริญ,,,a62aca08-91b7-4f3f-ba8f-cb9e884a3799,42,พรรคกล้าธรรม,,#5D4037
da5abef9-2f29-4aab-965e-59ae441db40b,24,นาย,อดุลย์,สะอะ,นายอดุลย์ สะอะ,,,f9cadd57-8256-49aa-9386-0da392b19fc2,29,พรรคไทยภักดี,,#D32F2F
ec36b31e-eae4-43b2-ac8d-3237880f9f4e,24,นาย,กิตติชัย,เตชะกุลวณิชย์,นายกิตติชัย เตชะกุลวณิชย์,https://gbqmnnammihcoxshkdxd.supabase.co/storage/v1/object/public/partylist-photos/46/024.jpg,,1116011c-1ef3-4cca-a186-c1b9f7984ede,46,พรรคประชาชน,,#F57C00
edcdf74f-0b40-45cb-9200-ec09c0bdc985,24,นาย,ก่อแก้ว,พิกุลทอง,นายก่อแก้ว พิกุลทอง,https://gbqmnnammihcoxshkdxd.supabase.co/storage/v1/object/public/partylist-photos/9/024.jpg,,2d8a1c84-0bc8-4377-965d-c020a0097c27,9,พรรคเพื่อไทย,,#E4002B
050694b5-9cd9-4889-8fb7-cd524d5f4d39,25,นางสาว,รัสรินทร์,กันต์นิธิวงศ์,นางสาวรัสรินทร์ กันต์นิธิวงศ์,,,54706125-9661-467d-a8af-78994d14b116,35,พรรครักชาติ,,#B71C1C
09633c6f-280d-4999-82c1-50108fba8f72,25,นาย,พิพัฒน์,จำปาทอง,นายพิพัฒน์ จำปาทอง,,,03347cbc-6089-474c-a3f6-484ae981c9a6,43,พรรคพลังประชารัฐ,,#1565C0
0a28593e-1db8-4a92-b28b-0e6e983c99bc,25,นาย,ธนพัฒน์,ปฎิกา,นายธนพัฒน์ ปฎิกา,,,409581ea-d469-40f6-803e-7830a6418150,17,พรรคไทยชนะ,,#D84315
0cfa16d5-118f-4944-9c34-d7e4b0f1a9b8,25,นาย,นัฎฐ์ประชา,เกื้อสกุล,นายนัฎฐ์ประชา เกื้อสกุล,,,cb1b6cf2-41fa-49b1-a060-01acf13edc81,48,พรรคไทยสร้างไทย,,#00ACC1
16939746-5e6c-476e-acf0-d3d223d86c34,25,นางสาว,กำแพงเพชร,บุญมาก,นางสาวกำแพงเพชร บุญมาก,,,c126e4e4-be85-44e6-bf3e-f9331b9f91a9,24,พรรควิชชั่นใหม่,,#7CB342
213394e5-c2b8-43f2-acb1-9882e62c2952,25,นาย,สุรศักดิ์,รมยานนท์,นายสุรศักดิ์ รมยานนท์,,,7f4755ca-ea3a-4023-869d-9cabba328db0,33,พรรคประชาชาติ,,#2E7D32
2f96b387-d687-440c-9b00-b6df6f2f60d0,25,นาย,ศักดินา,รักษ์อุดมการณ์,นายศักดินา รักษ์อุดมการณ์,,,0c044088-618b-49af-a291-fb28ffe9e0f8,11,พรรคเศรษฐกิจ,,#FFA000
3e70491d-f743-422d-a0e1-f094e450808a,25,นาย,กิตติเดช,กิจมโนมัย,นายกิตติเดช กิจมโนมัย,,,965b4b93-c01e-4a2b-a987-577f2b99ebb4,49,พรรคไทยก้าวใหม่,,#1E88E5
6c42255b-97f1-4d26-ab60-4a3f7f082c1a,25,นาย,ณัฐชา,ลิขิตกิจวรกุล,นายณัฐชา ลิขิตกิจวรกุล,,,115da917-bf32-4e96-a2ae-b7818d0909ee,6,พรรครวมไทยสร้างชาติ,,#FF6D00
72ee295f-66ed-4433-a2d3-073d40ba2aea,25,นางสาว,ธฤษวรรณ,สุภโกศล,นางสาวธฤษวรรณ สุภโกศล,,,7255d2d0-1f49-4fd8-adad-7acfea2d5126,56,พรรคเพื่อบ้านเมือง,,#1565C0
924013da-1e7f-4ada-9b5d-3082c9d445cd,25,นางสาว,ภคมน,หนุนอนันต์,นางสาวภคมน หนุนอนันต์,https://gbqmnnammihcoxshkdxd.supabase.co/storage/v1/object/public/partylist-photos/46/025.jpg,,1116011c-1ef3-4cca-a186-c1b9f7984ede,46,พรรคประชาชน,,#F57C00
b1e72ba1-3877-4798-9fc8-da22eb831e85,25,นาง,มุกดา,พงษ์สมบัติ,นางมุกดา พงษ์สมบัติ,,,a62aca08-91b7-4f3f-ba8f-cb9e884a3799,42,พรรคกล้าธรรม,,#5D4037
ccefc0d5-954e-4ab7-8edc-d1b94208455c,25,นางสาว,รังสิมา,รอดรัศมี,นางสาวรังสิมา รอดรัศมี,https://gbqmnnammihcoxshkdxd.supabase.co/storage/v1/object/public/partylist-photos/27/025.jpg,,d7155f6d-736d-42c0-8bc0-00ee6e1970dc,27,พรรคประชาธิปัตย์,,#0066B3
d1c3f9eb-6108-4dbe-9bc7-3280f6587956,25,นาง,พูนสุข,โพธิ์สุ,นางพูนสุข โพธิ์สุ,,,013c219e-e197-416d-84ea-00ba9c35465e,37,พรรคภูมิใจไทย,,#3949AB
d4058e87-7042-4ff2-a69f-b876b38a4e3f,25,นาย,เทวัญ,ลิปตพัลลภ,นายเทวัญ ลิปตพัลลภ,https://gbqmnnammihcoxshkdxd.supabase.co/storage/v1/object/public/partylist-photos/9/025.jpg,,2d8a1c84-0bc8-4377-965d-c020a0097c27,9,พรรคเพื่อไทย,,#E4002B
daedfffd-e126-4ea4-84f5-5853d8353f0b,25,นาย,พิชญ์ชนกนันทน์,ภวภูรีนนท์,นายพิชญ์ชนกนันทน์ ภวภูรีนนท์,,,bcdcd19b-d619-47dd-8535-fafb6bc6f4d8,12,พรรคเสรีรวมไทย,,#C62828
e588516b-4008-48e9-b8ea-574587e2a6c6,25,นาย,วิริยะ,อินพานิช,นายวิริยะ อินพานิช,,,339fa187-133c-4766-a6c2-36d1b32cda8f,23,พรรคปวงชนไทย,,#827717
ec105dc8-b0ba-44f5-a603-400e43263b9d,25,นาย,วรงค์,ทิวทัศน์,นายวรงค์ ทิวทัศน์,,,2ee17641-917b-4ea0-8c19-da383e03e915,44,พรรคโอกาสใหม่,,#26C6DA
fe52e62e-0b31-4311-b7cb-57e93ca1561a,25,นางสาว,จินดา,ชามา,นางสาวจินดา ชามา,,,3d55d7c9-f0bc-4803-b40e-090a7ea5d872,3,พรรคใหม่,,#FF5722
2e4ccea5-fe4a-4ea1-b257-8e118cf0216a,26,นาง,ภคปภา,ศิริณายกุล,นางภคปภา ศิริณายกุล,,,03347cbc-6089-474c-a3f6-484ae981c9a6,43,พรรคพลังประชารัฐ,,#1565C0
2f5bb8f5-69cf-4231-971a-dd4f17d10f97,26,นางสาว,ริกาณ์,ปุญทริกา,นางสาวริกาณ์ ปุญทริกา,,,2ee17641-917b-4ea0-8c19-da383e03e915,44,พรรคโอกาสใหม่,,#26C6DA
368f848d-055d-4a91-9c18-24042a5d28a6,26,นาย,พร้อมพณ,ทินวงศ์,นายพร้อมพณ ทินวงศ์,,,339fa187-133c-4766-a6c2-36d1b32cda8f,23,พรรคปวงชนไทย,,#827717
4463969f-6bef-4505-aef7-cdea491b7ce5,26,นางสาว,ณวิรินทร์,ดิษยเศรษฐนนท์,นางสาวณวิรินทร์ ดิษยเศรษฐนนท์,,,7255d2d0-1f49-4fd8-adad-7acfea2d5126,56,พรรคเพื่อบ้านเมือง,,#1565C0
44b90e80-9329-4c32-996a-ad22c8cc6681,26,นาย,พุทธา,หริคำภา,นายพุทธา หริคำภา,,,bcdcd19b-d619-47dd-8535-fafb6bc6f4d8,12,พรรคเสรีรวมไทย,,#C62828
5f5f1ae7-0f22-4715-89c4-26e6cb7174d2,26,นาย,ทูลสวัสดิ์,ยอดมณีบรรพต,นายทูลสวัสดิ์ ยอดมณีบรรพต,,,cb1b6cf2-41fa-49b1-a060-01acf13edc81,48,พรรคไทยสร้างไทย,,#00ACC1
7811c97c-58c3-41ca-89f7-a1755615f222,26,นาย,ธนิตพล,ไชยนันทน์,นายธนิตพล ไชยนันทน์,https://gbqmnnammihcoxshkdxd.supabase.co/storage/v1/object/public/partylist-photos/27/026.jpg,,d7155f6d-736d-42c0-8bc0-00ee6e1970dc,27,พรรคประชาธิปัตย์,,#0066B3
8c41fb04-ebd6-4c07-91bd-38913d61c1af,26,นาย,สรศักดิ์,สมรไกรสรกิจ,นายสรศักดิ์ สมรไกรสรกิจ,https://gbqmnnammihcoxshkdxd.supabase.co/storage/v1/object/public/partylist-photos/46/026.jpg,,1116011c-1ef3-4cca-a186-c1b9f7984ede,46,พรรคประชาชน,,#F57C00
8d7f16bf-b4a2-43f6-93ff-1478f1b9ca69,26,นาย,ไตรรัตน์,มิ่งเมือง,นายไตรรัตน์ มิ่งเมือง,,,965b4b93-c01e-4a2b-a987-577f2b99ebb4,49,พรรคไทยก้าวใหม่,,#1E88E5
95c96bf6-0664-418e-ba9a-4bb483ab04c0,26,นาย,อดิเรก,บุญคง,นายอดิเรก บุญคง,,,409581ea-d469-40f6-803e-7830a6418150,17,พรรคไทยชนะ,,#D84315
bf87f9b8-9ecb-4f3d-aa98-e01ca79ee2fb,26,นาย,อภินันท์,พัฒนศิริ,นายอภินันท์ พัฒนศิริ,,,7f4755ca-ea3a-4023-869d-9cabba328db0,33,พรรคประชาชาติ,,#2E7D32
c310f825-4458-4da8-b9fd-9b584baa63cb,26,นาย,โอภาส,กิติคุณ,นายโอภาส กิติคุณ,,,c126e4e4-be85-44e6-bf3e-f9331b9f91a9,24,พรรควิชชั่นใหม่,,#7CB342
c59a09e3-5b54-4a5a-aaa8-754852bedaa1,26,นางสาว,นารีรัตน์,ว่องไว,นางสาวนารีรัตน์ ว่องไว,,,115da917-bf32-4e96-a2ae-b7818d0909ee,6,พรรครวมไทยสร้างชาติ,,#FF6D00
c856f00b-33ec-448f-8100-41ac0e1c348e,26,นาย,ธงศักดิ์,เกิดสุข,นายธงศักดิ์ เกิดสุข,,,3d55d7c9-f0bc-4803-b40e-090a7ea5d872,3,พรรคใหม่,,#FF5722
ddbd2a72-0b43-429e-b941-5eb011f33165,26,นาย,เกษม,อุประ,นายเกษม อุประ,https://gbqmnnammihcoxshkdxd.supabase.co/storage/v1/object/public/partylist-photos/9/026.jpg,,2d8a1c84-0bc8-4377-965d-c020a0097c27,9,พรรคเพื่อไทย,,#E4002B
ddd46106-3f6a-432a-86eb-d8998b4eaa28,26,นางสาว,รัชดา,ธนาดิเรก,นางสาวรัชดา ธนาดิเรก,,,013c219e-e197-416d-84ea-00ba9c35465e,37,พรรคภูมิใจไทย,,#3949AB
e13ca738-103f-4563-9657-b005037dc5a4,26,นาย,อิทธิศักดิ์,สันต์ธัญดิฐ,นายอิทธิศักดิ์ สันต์ธัญดิฐ,,,0c044088-618b-49af-a291-fb28ffe9e0f8,11,พรรคเศรษฐกิจ,,#FFA000
f6098d26-56a5-4516-802d-6f6d9c5d01ed,26,นาง,อนุรักษ์,บุญศล,นางอนุรักษ์ บุญศล,,,a62aca08-91b7-4f3f-ba8f-cb9e884a3799,42,พรรคกล้าธรรม,,#5D4037
09c6d55b-5e1b-4c2d-a616-718d0d749174,27,นาย,ศักดา,คงเพชร,นายศักดา คงเพชร,,,a62aca08-91b7-4f3f-ba8f-cb9e884a3799,42,พรรคกล้าธรรม,,#5D4037
23c9bb8d-2c3e-429c-a5be-d24ca45b8d91,27,นาย,สุนทราวุธ,มีเอม,นายสุนทราวุธ มีเอม,,,2ee17641-917b-4ea0-8c19-da383e03e915,44,พรรคโอกาสใหม่,,#26C6DA
356af346-65fe-40cb-a048-9843d12c1eb5,27,นาย,อรรถภพ,ว่องธนวณิช,นายอรรถภพ ว่องธนวณิช,,,7f4755ca-ea3a-4023-869d-9cabba328db0,33,พรรคประชาชาติ,,#2E7D32
384d71c5-dd4c-4e30-9e43-7204f79402d2,27,นาย,ปิยรัฐ,จงเทพ,นายปิยรัฐ จงเทพ,https://gbqmnnammihcoxshkdxd.supabase.co/storage/v1/object/public/partylist-photos/46/027.jpg,,1116011c-1ef3-4cca-a186-c1b9f7984ede,46,พรรคประชาชน,,#F57C00
3a0947b4-4901-44a3-95f2-dc5aa5bcb7a2,27,นางสาว,อัญพัชร์,ศักดิ์ธนาวัฒน์,นางสาวอัญพัชร์ ศักดิ์ธนาวัฒน์,,,339fa187-133c-4766-a6c2-36d1b32cda8f,23,พรรคปวงชนไทย,,#827717
3c8a6f70-093f-4ebe-b4ff-ad2ecd258cf0,27,นาย,นฤวุฒิ,นิรุตติพงศ์,นายนฤวุฒิ นิรุตติพงศ์,,,7255d2d0-1f49-4fd8-adad-7acfea2d5126,56,พรรคเพื่อบ้านเมือง,,#1565C0
4a7d924c-f228-4bff-bdbd-d39adde0ace9,27,นาย,สามารถ,ลอยฟ้า,นายสามารถ ลอยฟ้า,https://gbqmnnammihcoxshkdxd.supabase.co/storage/v1/object/public/partylist-photos/27/027.jpg,,d7155f6d-736d-42c0-8bc0-00ee6e1970dc,27,พรรคประชาธิปัตย์,,#0066B3
4cb54042-0cc0-4353-91fa-1a2aaa90c4ef,27,นาย,เพ็ชรประเสริฐ,แก้วดวงใจ,นายเพ็ชรประเสริฐ แก้วดวงใจ,,,3d55d7c9-f0bc-4803-b40e-090a7ea5d872,3,พรรคใหม่,,#FF5722
5142728b-0875-4c13-8bb5-487bd7a2b4e0,27,นางสาว,ละออง,ติยะไพรัช,นางสาวละออง ติยะไพรัช,https://gbqmnnammihcoxshkdxd.supabase.co/storage/v1/object/public/partylist-photos/9/027.jpg,,2d8a1c84-0bc8-4377-965d-c020a0097c27,9,พรรคเพื่อไทย,,#E4002B
52828eda-023d-40a8-a9e9-e112bd33e390,27,พลเรือตรี,วชิระ,ประทีปะวณิช,พลเรือตรีวชิระ ประทีปะวณิช,,,115da917-bf32-4e96-a2ae-b7818d0909ee,6,พรรครวมไทยสร้างชาติ,,#FF6D00
814e408f-e478-48b3-92f6-7f8ac02a2e76,27,นางสาว,รินรดา,สหพัฒนโชติ,นางสาวรินรดา สหพัฒนโชติ,,,cb1b6cf2-41fa-49b1-a060-01acf13edc81,48,พรรคไทยสร้างไทย,,#00ACC1
86c8903b-1e17-47ed-8d04-b36280730dff,27,ว่าที่ร้อยตำรวจเอก,พรเนตร,ศรีทอง,ว่าที่ร้อยตำรวจเอกพรเนตร ศรีทอง,,,965b4b93-c01e-4a2b-a987-577f2b99ebb4,49,พรรคไทยก้าวใหม่,,#1E88E5
8bbdd285-0bfa-4d42-87f3-0dd7d96735c0,27,นาง,รัชนี,ยิ่งฉายรักษ์,นางรัชนี ยิ่งฉายรักษ์,,,0c044088-618b-49af-a291-fb28ffe9e0f8,11,พรรคเศรษฐกิจ,,#FFA000
c90476bc-80f6-413e-96b9-bc4dc07b42e7,27,นางสาว,ภคอร,พลพรกลาง,นางสาวภคอร พลพรกลาง,,,03347cbc-6089-474c-a3f6-484ae981c9a6,43,พรรคพลังประชารัฐ,,#1565C0
e4ecc1aa-0bf2-452a-92c0-0d6b710754f5,27,นาย,นนทวัฒน์,โต๊ะหนู,นายนนทวัฒน์ โต๊ะหนู,,,bcdcd19b-d619-47dd-8535-fafb6bc6f4d8,12,พรรคเสรีรวมไทย,,#C62828
ec64f5e1-0526-4c4f-ab3a-1fdbe4b4c343,27,นาย,ประดิษฐ,คำใหล,นายประดิษฐ คำใหล,,,c126e4e4-be85-44e6-bf3e-f9331b9f91a9,24,พรรควิชชั่นใหม่,,#7CB342
ef9f9386-93a9-4709-ad2a-b02fb11c858a,27,นาย,ศิริวุฒิ,ตู้จินดา,นายศิริวุฒิ ตู้จินดา,,,409581ea-d469-40f6-803e-7830a6418150,17,พรรคไทยชนะ,,#D84315
f20e9e2f-7225-44e1-84d5-27d64d0bf77a,27,นาย,ยุทธพล,อังกินันทน์,นายยุทธพล อังกินันทน์,,,013c219e-e197-416d-84ea-00ba9c35465e,37,พรรคภูมิใจไทย,,#3949AB
08bceb29-1bde-459f-a7f0-6d8b35d6287a,28,นาย,ไชยยงค์,รัตนวัน,นายไชยยงค์ รัตนวัน,,2.0,409581ea-d469-40f6-803e-7830a6418150,17,พรรคไทยชนะ,,#D84315
181d31d3-ce0a-49f4-8092-3dd863ce4196,28,นาย,วิรัตน์,มีนชัยนันท์,นายวิรัตน์ มีนชัยนันท์,https://gbqmnnammihcoxshkdxd.supabase.co/storage/v1/object/public/partylist-photos/9/028.jpg,,2d8a1c84-0bc8-4377-965d-c020a0097c27,9,พรรคเพื่อไทย,,#E4002B
1cc222e0-a7a9-407e-a0de-09b95d7793de,28,นาย,มานิตย์,จินดามงคล,นายมานิตย์ จินดามงคล,,,03347cbc-6089-474c-a3f6-484ae981c9a6,43,พรรคพลังประชารัฐ,,#1565C0
2eb96dcc-ebab-408a-b8b4-781450567211,28,นาย,ทรงกริช,รัตนวรรณี,นายทรงกริช รัตนวรรณี,,,cb1b6cf2-41fa-49b1-a060-01acf13edc81,48,พรรคไทยสร้างไทย,,#00ACC1
32cadea8-095e-48c3-8d14-c9456aa12167,28,ว่าที่ร้อยตรีหญิง,ศุภานัน,ตัณยะกุล,ว่าที่ร้อยตรีหญิงศุภานัน ตัณยะกุล,,,115da917-bf32-4e96-a2ae-b7818d0909ee,6,พรรครวมไทยสร้างชาติ,,#FF6D00
3d84e4d5-6064-42cd-957e-d606fb05f39e,28,นาย,อุทิศ,พิมพลีชัย,นายอุทิศ พิมพลีชัย,,,2ee17641-917b-4ea0-8c19-da383e03e915,44,พรรคโอกาสใหม่,,#26C6DA
41b48e05-fc6d-46f0-ba63-3ef2c9008795,28,ร้อยตำรวจเอก,อภินันท์,ศรีปัญญา,ร้อยตำรวจเอกอภินันท์ ศรีปัญญา,,,bcdcd19b-d619-47dd-8535-fafb6bc6f4d8,12,พรรคเสรีรวมไทย,,#C62828
4ee4b927-ab2e-4d26-a047-68239043d12b,28,นาย,วันชัย,เอนกสุวรรณกุล,นายวันชัย เอนกสุวรรณกุล,,,339fa187-133c-4766-a6c2-36d1b32cda8f,23,พรรคปวงชนไทย,,#827717
6b2486af-611f-444a-b3de-72370f5baf7c,28,นาย,อำนาจ,ทัดสวน,นายอำนาจ ทัดสวน,,,965b4b93-c01e-4a2b-a987-577f2b99ebb4,49,พรรคไทยก้าวใหม่,,#1E88E5
6ed427b9-1a8c-417a-98fc-6b39e864e89b,28,นาย,วินัย,วงศ์สุวรรณ,นายวินัย วงศ์สุวรรณ,,,c126e4e4-be85-44e6-bf3e-f9331b9f91a9,24,พรรควิชชั่นใหม่,,#7CB342
8919ee95-53e7-411b-8875-f41a6bc24e11,28,นาย,ปิยะ,หมานอีน,นายปิยะ หมานอีน,,,7f4755ca-ea3a-4023-869d-9cabba328db0,33,พรรคประชาชาติ,,#2E7D32
8f42ea92-0f96-41ce-9623-c8dc6deb5fec,28,นาย,อรรถพล,สังขวาสี,นายอรรถพล สังขวาสี,https://gbqmnnammihcoxshkdxd.supabase.co/storage/v1/object/public/partylist-photos/27/028.jpg,,d7155f6d-736d-42c0-8bc0-00ee6e1970dc,27,พรรคประชาธิปัตย์,,#0066B3
a4fe2e7e-ca27-4a3f-8bdb-d3c1313be121,28,นาง,อรพิน,มัจฉาเดช,นางอรพิน มัจฉาเดช,,,3d55d7c9-f0bc-4803-b40e-090a7ea5d872,3,พรรคใหม่,,#FF5722
cdfa5030-3285-46c3-be36-1ac3e05e8e8b,28,นางสาว,ณภาภัช,อัญชสาณิชมน,นางสาวณภาภัช อัญชสาณิชมน,,,a62aca08-91b7-4f3f-ba8f-cb9e884a3799,42,พรรคกล้าธรรม,,#5D4037
e0f0de88-1c00-4cf9-8e08-50f42c9962bc,28,พลตรี,ฉัตรมงคล,เกิดปั้น,พลตรีฉัตรมงคล เกิดปั้น,,,0c044088-618b-49af-a291-fb28ffe9e0f8,11,พรรคเศรษฐกิจ,,#FFA000
edbf21f4-f125-4860-85aa-e5923ecc28ac,28,นางสาว,รักชนก,ศรีนอก,นางสาวรักชนก ศรีนอก,https://gbqmnnammihcoxshkdxd.supabase.co/storage/v1/object/public/partylist-photos/46/028.jpg,,1116011c-1ef3-4cca-a186-c1b9f7984ede,46,พรรคประชาชน,,#F57C00
fd46fbbe-ef0e-49ec-93ed-0d25f6085a19,28,นาง,มริศรา,โพธิ์นาง,นางมริศรา โพธิ์นาง,,,7255d2d0-1f49-4fd8-adad-7acfea2d5126,56,พรรคเพื่อบ้านเมือง,,#1565C0
ff658489-859f-477a-bbd9-7a7c80cab8b8,28,นาย,อนุชา,บูรพชัยศรี,นายอนุชา บูรพชัยศรี,,,013c219e-e197-416d-84ea-00ba9c35465e,37,พรรคภูมิใจไทย,,#3949AB
17a69b74-3781-4973-b8e0-6f511be665df,29,นาย,สุชาติ,อุสาหะ,นายสุชาติ อุสาหะ,,,a62aca08-91b7-4f3f-ba8f-cb9e884a3799,42,พรรคกล้าธรรม,,#5D4037
23b74467-242f-425d-a3df-0a0ecc0528c0,29,นาย,สวาท,สุทธิอาคาร,นายสวาท สุทธิอาคาร,,,0c044088-618b-49af-a291-fb28ffe9e0f8,11,พรรคเศรษฐกิจ,,#FFA000
299b3217-74c8-430d-a159-be6596a4c76e,29,นาย,อนุสรณ์,เอี่ยมสะอาด,นายอนุสรณ์ เอี่ยมสะอาด,https://gbqmnnammihcoxshkdxd.supabase.co/storage/v1/object/public/partylist-photos/9/029.jpg,,2d8a1c84-0bc8-4377-965d-c020a0097c27,9,พรรคเพื่อไทย,,#E4002B
2e879b3a-d60f-419e-b842-9bea52d14ebc,29,นาย,ไชยยศ,จิรเมธากร,นายไชยยศ จิรเมธากร,https://gbqmnnammihcoxshkdxd.supabase.co/storage/v1/object/public/partylist-photos/27/029.jpg,,d7155f6d-736d-42c0-8bc0-00ee6e1970dc,27,พรรคประชาธิปัตย์,,#0066B3
3bee62c5-0831-40ba-9690-29a028c482f7,29,นาย,รักพงษ์,แซ่ตั้ง,นายรักพงษ์ แซ่ตั้ง,,,03347cbc-6089-474c-a3f6-484ae981c9a6,43,พรรคพลังประชารัฐ,,#1565C0
6f2d1c08-512c-43f9-a46a-ee3a9b043280,29,นาย,นินนารถ,ศรคำ,นายนินนารถ ศรคำ,,,bcdcd19b-d619-47dd-8535-fafb6bc6f4d8,12,พรรคเสรีรวมไทย,,#C62828
715a4d1a-62f5-4e1d-908f-8d1fc527d92e,29,นาย,เอกพงศ์,สว่างวงษ์,นายเอกพงศ์ สว่างวงษ์,,,3d55d7c9-f0bc-4803-b40e-090a7ea5d872,3,พรรคใหม่,,#FF5722
85b43727-4600-4e20-84f8-bf38c698c224,29,นาย,วิเชียร,ศรีสุด,นายวิเชียร ศรีสุด,,,339fa187-133c-4766-a6c2-36d1b32cda8f,23,พรรคปวงชนไทย,,#827717
8cab4569-3db5-4283-b7b8-dadb5f311664,29,นาย,รอมฎอน,ปันจอร์,นายรอมฎอน ปันจอร์,https://gbqmnnammihcoxshkdxd.supabase.co/storage/v1/object/public/partylist-photos/46/029.jpg,,1116011c-1ef3-4cca-a186-c1b9f7984ede,46,พรรคประชาชน,,#F57C00
8f849a68-ce6c-4866-9c27-aa9739e2ff7b,29,นาย,ชิน,จินตประยูร,นายชิน จินตประยูร,,,965b4b93-c01e-4a2b-a987-577f2b99ebb4,49,พรรคไทยก้าวใหม่,,#1E88E5
909584f0-75db-4c9e-bf06-510b8b3a9222,29,นาย,ประวัติ,สุทธิประภา,นายประวัติ สุทธิประภา,,,cb1b6cf2-41fa-49b1-a060-01acf13edc81,48,พรรคไทยสร้างไทย,,#00ACC1
a282abd2-8eb0-4c5a-8477-1665e4cf8e3d,29,นาย,ไกรศร,วิศิษฎ์วงศ์,นายไกรศร วิศิษฎ์วงศ์,,,013c219e-e197-416d-84ea-00ba9c35465e,37,พรรคภูมิใจไทย,,#3949AB
aad167d1-501a-4bc8-a0c3-437754b655e2,29,นาย,องอาจ,สุขเอมโอษฐ์,นายองอาจ สุขเอมโอษฐ์,,,7f4755ca-ea3a-4023-869d-9cabba328db0,33,พรรคประชาชาติ,,#2E7D32
b053a79b-5693-4900-87f8-557712b7f6dc,29,นางสาว,สุดาพรรณ,นิธิยานันท์,นางสาวสุดาพรรณ นิธิยานันท์,,,115da917-bf32-4e96-a2ae-b7818d0909ee,6,พรรครวมไทยสร้างชาติ,,#FF6D00
be3ac992-2f9a-4d65-92a7-8983e75464f7,29,นาง,ฐิตารีย์,ไตรสรณปัญญา,นางฐิตารีย์ ไตรสรณปัญญา,,,2ee17641-917b-4ea0-8c19-da383e03e915,44,พรรคโอกาสใหม่,,#26C6DA
ea3201e2-0adb-4794-9df6-e8ed3960e637,29,นาย,สุรชัย,หาญชิน,นายสุรชัย หาญชิน,,,7255d2d0-1f49-4fd8-adad-7acfea2d5126,56,พรรคเพื่อบ้านเมือง,,#1565C0
09e27489-a592-41b7-bfaa-8c4cd94a10c1,30,นาย,เขมธนวัฒน์,ชูชาติวงศ์สกุล,นายเขมธนวัฒน์ ชูชาติวงศ์สกุล,,,0c044088-618b-49af-a291-fb28ffe9e0f8,11,พรรคเศรษฐกิจ,,#FFA000
0dfef40c-006f-4a6e-b8e9-19d6fd431f0b,30,นาง,รัชฎาภรณ์,แก้วสนิท,นางรัชฎาภรณ์ แก้วสนิท,https://gbqmnnammihcoxshkdxd.supabase.co/storage/v1/object/public/partylist-photos/27/030.jpg,,d7155f6d-736d-42c0-8bc0-00ee6e1970dc,27,พรรคประชาธิปัตย์,,#0066B3
198e2ea0-2323-4111-b3fd-42a688e55d8a,30,นาย,สฤษดิ์,วาปี,นายสฤษดิ์ วาปี,,,7255d2d0-1f49-4fd8-adad-7acfea2d5126,56,พรรคเพื่อบ้านเมือง,,#1565C0
2e2644d5-19ff-4a1e-901c-4afc301fe127,30,นาย,จีระศักดิ์,ดรโคตรจันทร์,นายจีระศักดิ์ ดรโคตรจันทร์,,,2ee17641-917b-4ea0-8c19-da383e03e915,44,พรรคโอกาสใหม่,,#26C6DA
51be3b84-7082-4e47-9b48-73758e226145,30,นาย,ศิวพันธ์,เภารัตน์,นายศิวพันธ์ เภารัตน์,,,3d55d7c9-f0bc-4803-b40e-090a7ea5d872,3,พรรคใหม่,,#FF5722
53253c28-f81a-46d6-a24c-cf83789d488a,30,นาง,นงลักษณ์,นกต่อ,นางนงลักษณ์ นกต่อ,,,115da917-bf32-4e96-a2ae-b7818d0909ee,6,พรรครวมไทยสร้างชาติ,,#FF6D00
577fd99b-efd3-49b5-ac1c-38c7cc922327,30,นาย,ปรีชา,ทองเต็ม,นายปรีชา ทองเต็ม,,,339fa187-133c-4766-a6c2-36d1b32cda8f,23,พรรคปวงชนไทย,,#827717
5a151463-edfc-4d2e-83f8-d736efd7ce8d,30,นาย,นิคม,บุญวิเศษ,นายนิคม บุญวิเศษ,https://gbqmnnammihcoxshkdxd.supabase.co/storage/v1/object/public/partylist-photos/9/030.jpg,,2d8a1c84-0bc8-4377-965d-c020a0097c27,9,พรรคเพื่อไทย,,#E4002B
6b354c4c-a4d8-405a-88a9-7a50afb6481e,30,นาย,ทักษิณ,แก้วสามดวง,นายทักษิณ แก้วสามดวง,,,a62aca08-91b7-4f3f-ba8f-cb9e884a3799,42,พรรคกล้าธรรม,,#5D4037
6c70f1ba-04d0-4033-aa13-be310b00cc6f,30,นาย,ศรายุทธ,โอสุวรรณรัตน์,นายศรายุทธ โอสุวรรณรัตน์,,,cb1b6cf2-41fa-49b1-a060-01acf13edc81,48,พรรคไทยสร้างไทย,,#00ACC1
7d774f6f-a9e4-4431-9798-42fa68950a1c,30,นาย,วสันต์,แก้วงาม,นายวสันต์ แก้วงาม,,,03347cbc-6089-474c-a3f6-484ae981c9a6,43,พรรคพลังประชารัฐ,,#1565C0
7f19c68a-acb5-436d-9d0b-171dc86f723e,30,นาย,ปารเมศ,โพธารากุล,นายปารเมศ โพธารากุล,,,013c219e-e197-416d-84ea-00ba9c35465e,37,พรรคภูมิใจไทย,,#3949AB
8d7797c0-2a1a-448a-a624-fd138029d70f,30,นาย,อาณัติ,ช่างเรือ,นายอาณัติ ช่างเรือ,,,7f4755ca-ea3a-4023-869d-9cabba328db0,33,พรรคประชาชาติ,,#2E7D32
8eb6e5ab-a051-401a-a82a-20f86c2e7e95,30,พันตำรวจโท,สมบูรณ์,จันโท,พันตำรวจโทสมบูรณ์ จันโท,,,bcdcd19b-d619-47dd-8535-fafb6bc6f4d8,12,พรรคเสรีรวมไทย,,#C62828
c270674f-8fab-495f-bb09-0f6ca1d044f9,30,นาย,หรรษวัธน์,ศิริฉัตรฐิติกุล,นายหรรษวัธน์ ศิริฉัตรฐิติกุล,,,965b4b93-c01e-4a2b-a987-577f2b99ebb4,49,พรรคไทยก้าวใหม่,,#1E88E5
e621f341-49da-400b-a09a-2afa536f0d6b,30,นาย,เอกภพ,สิทธิวรรณธนะ,นายเอกภพ สิทธิวรรณธนะ,https://gbqmnnammihcoxshkdxd.supabase.co/storage/v1/object/public/partylist-photos/46/030.jpg,,1116011c-1ef3-4cca-a186-c1b9f7984ede,46,พรรคประชาชน,,#F57C00
00374170-bd6a-4bf6-8ec6-42716cf6ced1,31,นาย,ธีรศักดิ์,จิระตราชู,นายธีรศักดิ์ จิระตราชู,https://gbqmnnammihcoxshkdxd.supabase.co/storage/v1/object/public/partylist-photos/46/031.jpg,,1116011c-1ef3-4cca-a186-c1b9f7984ede,46,พรรคประชาชน,,#F57C00
083589b0-532a-401d-b06d-d267f638ff24,31,นาย,สมบูรณ์,อุทัยเวียนกุล,นายสมบูรณ์ อุทัยเวียนกุล,https://gbqmnnammihcoxshkdxd.supabase.co/storage/v1/object/public/partylist-photos/27/031.jpg,,d7155f6d-736d-42c0-8bc0-00ee6e1970dc,27,พรรคประชาธิปัตย์,,#0066B3
0a235368-797f-4742-b63c-9ea1ea745a3d,31,นาง,จิราภรณ์,บุญไกรสร,นางจิราภรณ์ บุญไกรสร,,,965b4b93-c01e-4a2b-a987-577f2b99ebb4,49,พรรคไทยก้าวใหม่,,#1E88E5
10e74c0a-0165-40c7-b849-1338b5a7d5e0,31,นาย,ลพ,พยอมหอม,นายลพ พยอมหอม,,,7255d2d0-1f49-4fd8-adad-7acfea2d5126,56,พรรคเพื่อบ้านเมือง,,#1565C0
165831ed-db7c-43e2-bdb6-833b4c3b2096,31,นาย,กำแหง,ตันกำแหง,นายกำแหง ตันกำแหง,,,339fa187-133c-4766-a6c2-36d1b32cda8f,23,พรรคปวงชนไทย,,#827717
21fdf0dd-48c5-4df5-997a-9ee967d5fd0c,31,ว่าที่ร้อยตำรวจตรี,ธนุ,วงษ์จินดา,ว่าที่ร้อยตำรวจตรีธนุ วงษ์จินดา,,,a62aca08-91b7-4f3f-ba8f-cb9e884a3799,42,พรรคกล้าธรรม,,#5D4037
522204d8-18cd-409f-8232-7d0895c37cee,31,นาย,อารี,ไกรนรา,นายอารี ไกรนรา,,,013c219e-e197-416d-84ea-00ba9c35465e,37,พรรคภูมิใจไทย,,#3949AB
67b717fd-204b-4022-9715-8923596e0e93,31,นาย,สรธรรม,จินดา,นายสรธรรม จินดา,,,7f4755ca-ea3a-4023-869d-9cabba328db0,33,พรรคประชาชาติ,,#2E7D32
7e07757e-b3d9-4be1-9dab-180226d76492,31,นาย,พิเชษฐ์,ศรีสดใส,นายพิเชษฐ์ ศรีสดใส,,,bcdcd19b-d619-47dd-8535-fafb6bc6f4d8,12,พรรคเสรีรวมไทย,,#C62828
8e15e4f0-edc1-4793-99aa-af80595dbc35,31,นาย,ปัญญา,โพเตียน,นายปัญญา โพเตียน,,,3d55d7c9-f0bc-4803-b40e-090a7ea5d872,3,พรรคใหม่,,#FF5722
9664a621-c0d7-4067-be4b-96baefe5322f,31,นาย,จิรวัฒน์,สมบูรณ์สาร,นายจิรวัฒน์ สมบูรณ์สาร,,,0c044088-618b-49af-a291-fb28ffe9e0f8,11,พรรคเศรษฐกิจ,,#FFA000
a202f6a0-b6cb-46b6-b21f-1d3e95e02c6a,31,นาย,รวิศ,สอดส่อง,นายรวิศ สอดส่อง,https://gbqmnnammihcoxshkdxd.supabase.co/storage/v1/object/public/partylist-photos/9/031.jpg,,2d8a1c84-0bc8-4377-965d-c020a0097c27,9,พรรคเพื่อไทย,,#E4002B
be3e735c-2ff6-4234-a822-48711b21ae28,31,นาย,วันชัย,โคตรแก้ว,นายวันชัย โคตรแก้ว,,,03347cbc-6089-474c-a3f6-484ae981c9a6,43,พรรคพลังประชารัฐ,,#1565C0
c5c127d0-13ac-486d-a524-59552b40da1c,31,นางสาว,ปนัดดา,มาตะวงค์,นางสาวปนัดดา มาตะวงค์,,,2ee17641-917b-4ea0-8c19-da383e03e915,44,พรรคโอกาสใหม่,,#26C6DA
ec843177-d0b1-49bb-b80d-81a354c3bc8e,31,นาย,ยืนยง,โพธิ์อุดม,นายยืนยง โพธิ์อุดม,,,cb1b6cf2-41fa-49b1-a060-01acf13edc81,48,พรรคไทยสร้างไทย,,#00ACC1
f36e01b6-537b-4ae0-9333-37c8d0b4d095,31,นางสาว,ฐิตาภรณ์,สุขประชา,นางสาวฐิตาภรณ์ สุขประชา,,,115da917-bf32-4e96-a2ae-b7818d0909ee,6,พรรครวมไทยสร้างชาติ,,#FF6D00
0d5caacb-4e87-49a9-ad6e-9d49b073a377,32,นาย,ไสว,ทัศนีย์ภาพ,นายไสว ทัศนีย์ภาพ,,,0c044088-618b-49af-a291-fb28ffe9e0f8,11,พรรคเศรษฐกิจ,,#FFA000
310f9101-0997-4d05-9465-2f7f9534bad7,32,นางสาว,ปัณฑิกา,ไชโยแสง,นางสาวปัณฑิกา ไชโยแสง,,,bcdcd19b-d619-47dd-8535-fafb6bc6f4d8,12,พรรคเสรีรวมไทย,,#C62828
32049274-a6d3-4e53-819d-78f27a9d436a,32,นาย,เจือ,ราชสีห์,นายเจือ ราชสีห์,https://gbqmnnammihcoxshkdxd.supabase.co/storage/v1/object/public/partylist-photos/27/032.jpg,,d7155f6d-736d-42c0-8bc0-00ee6e1970dc,27,พรรคประชาธิปัตย์,,#0066B3
47751996-d6d3-4f29-a694-519197b69987,32,นาย,มนูญ,บือราเฮง,นายมนูญ บือราเฮง,,,7f4755ca-ea3a-4023-869d-9cabba328db0,33,พรรคประชาชาติ,,#2E7D32
545b6552-f24d-467a-ba51-8340be333d65,32,นาย,วิชิต,ตันจรัสสกุล,นายวิชิต ตันจรัสสกุล,,,cb1b6cf2-41fa-49b1-a060-01acf13edc81,48,พรรคไทยสร้างไทย,,#00ACC1
71dd1050-ec68-4aa2-ae51-938bbfd59e04,32,นาย,ทองเพชร,เศษภักดี,นายทองเพชร เศษภักดี,,,7255d2d0-1f49-4fd8-adad-7acfea2d5126,56,พรรคเพื่อบ้านเมือง,,#1565C0
7a8e9e1b-0a03-4483-b2c6-3c27363bc5cc,32,นางสาว,รัตนาวรรณ,สุขศาลา,นางสาวรัตนาวรรณ สุขศาลา,,,115da917-bf32-4e96-a2ae-b7818d0909ee,6,พรรครวมไทยสร้างชาติ,,#FF6D00
7f81e260-9540-4bd8-ab10-618089699ba7,32,นาย,ไพบูลย์,ลิ่มรัตนะมงคล,นายไพบูลย์ ลิ่มรัตนะมงคล,,,3d55d7c9-f0bc-4803-b40e-090a7ea5d872,3,พรรคใหม่,,#FF5722
83a8f9a2-76bd-4ad7-8314-003359d0650b,32,พันตำรวจเอก,ประพนธ์,ไกรประยูร,พันตำรวจเอกประพนธ์ ไกรประยูร,,,339fa187-133c-4766-a6c2-36d1b32cda8f,23,พรรคปวงชนไทย,,#827717
8c11d3a6-2bba-4323-b717-ead12167a581,32,นาย,ณัฏฐกิตติ์,ของทิพย์,นายณัฏฐกิตติ์ ของทิพย์,,,a62aca08-91b7-4f3f-ba8f-cb9e884a3799,42,พรรคกล้าธรรม,,#5D4037
902d8cd5-834f-4be6-984f-75ec2ca89698,32,นาย,สิระ,พิมพ์กลาง,นายสิระ พิมพ์กลาง,,,2ee17641-917b-4ea0-8c19-da383e03e915,44,พรรคโอกาสใหม่,,#26C6DA
91a7d2b9-8241-4f2a-bc76-7222d3b51d5a,32,นาย,ศรสุทธา,กลั่นมาลี,นายศรสุทธา กลั่นมาลี,,,03347cbc-6089-474c-a3f6-484ae981c9a6,43,พรรคพลังประชารัฐ,,#1565C0
b53ae151-add9-48ea-aaf3-e1855179dcbb,32,นางสาว,ธนพร,วิจันทร์,นางสาวธนพร วิจันทร์,https://gbqmnnammihcoxshkdxd.supabase.co/storage/v1/object/public/partylist-photos/46/032.jpg,,1116011c-1ef3-4cca-a186-c1b9f7984ede,46,พรรคประชาชน,,#F57C00
e88a099d-fce7-4516-b79c-05983b004915,32,นางสาว,ศรีญาดา,ปาลิมาพันธ์,นางสาวศรีญาดา ปาลิมาพันธ์,https://gbqmnnammihcoxshkdxd.supabase.co/storage/v1/object/public/partylist-photos/9/032.jpg,,2d8a1c84-0bc8-4377-965d-c020a0097c27,9,พรรคเพื่อไทย,,#E4002B
ec47c178-dc5e-4002-b296-1e829ab216fb,32,นาย,พีรพร,สุวรรณฉวี,นายพีรพร สุวรรณฉวี,,,013c219e-e197-416d-84ea-00ba9c35465e,37,พรรคภูมิใจไทย,,#3949AB
fe267ab7-3597-4aeb-9f3c-3ea115f9b155,32,นาย,ชัยวัฒน์,งามศักดิ์ทวีชัย,นายชัยวัฒน์ งามศักดิ์ทวีชัย,,,965b4b93-c01e-4a2b-a987-577f2b99ebb4,49,พรรคไทยก้าวใหม่,,#1E88E5
02c912d4-7adb-44bf-aa39-f6ae67448a85,33,นาย,สมชาย,เพ็ชรจินดา,นายสมชาย เพ็ชรจินดา,,,2ee17641-917b-4ea0-8c19-da383e03e915,44,พรรคโอกาสใหม่,,#26C6DA
062eadde-a1a0-4384-b040-0c79af8adaab,33,นาย,ธนสาร,ธรรมสอน,นายธนสาร ธรรมสอน,,,a62aca08-91b7-4f3f-ba8f-cb9e884a3799,42,พรรคกล้าธรรม,,#5D4037
0774c33c-bddb-43e4-8a3f-998b2ec78c7a,33,นาย,วัชรากร,นาคทองกุล,นายวัชรากร นาคทองกุล,,,965b4b93-c01e-4a2b-a987-577f2b99ebb4,49,พรรคไทยก้าวใหม่,,#1E88E5
0da7269b-cf72-4efd-b82a-bab35199b11f,33,นาย,ธฤญเดชา,ลิภา,นายธฤญเดชา ลิภา,,,339fa187-133c-4766-a6c2-36d1b32cda8f,23,พรรคปวงชนไทย,,#827717
205fb986-5fc3-460e-9d74-5e551f222a2d,33,นางสาว,วณิชา,มีทม,นางสาววณิชา มีทม,,,3d55d7c9-f0bc-4803-b40e-090a7ea5d872,3,พรรคใหม่,,#FF5722
26af8697-4971-4864-ab54-71beb386848f,33,นาย,ไพเจน,มากสุวรรณ์,นายไพเจน มากสุวรรณ์,https://gbqmnnammihcoxshkdxd.supabase.co/storage/v1/object/public/partylist-photos/27/033.jpg,,d7155f6d-736d-42c0-8bc0-00ee6e1970dc,27,พรรคประชาธิปัตย์,,#0066B3
2a4e5aec-c740-4f69-b0d7-94328159b0e0,33,นาย,ประเสริฐ,ทองลือ,นายประเสริฐ ทองลือ,,,7255d2d0-1f49-4fd8-adad-7acfea2d5126,56,พรรคเพื่อบ้านเมือง,,#1565C0
3bf66146-ee55-43ba-8b2c-36bfbef7de8b,33,นาย,ประมวล,สีแสง,นายประมวล สีแสง,,,cb1b6cf2-41fa-49b1-a060-01acf13edc81,48,พรรคไทยสร้างไทย,,#00ACC1
4ebda45d-b706-4abd-8fa5-a57b7ae704e8,33,นาย,สราวุธ,ศุภรมย์,นายสราวุธ ศุภรมย์,,,115da917-bf32-4e96-a2ae-b7818d0909ee,6,พรรครวมไทยสร้างชาติ,,#FF6D00
5852a32f-2f81-4783-92dd-bc443fb47d19,33,นาย,เจริญธพงศ์,มาชู,นายเจริญธพงศ์ มาชู,,,bcdcd19b-d619-47dd-8535-fafb6bc6f4d8,12,พรรคเสรีรวมไทย,,#C62828
6c5ff207-24bf-4aed-b6d7-7e4063c2369d,33,นาย,พินิจ,จันทรสุรินทร์,นายพินิจ จันทรสุรินทร์,,,013c219e-e197-416d-84ea-00ba9c35465e,37,พรรคภูมิใจไทย,,#3949AB
8c50da0a-142a-49de-ab63-fd4585458bfb,33,นางสาว,ลิณธิภรณ์,วริณวัชรโรจน์,นางสาวลิณธิภรณ์ วริณวัชรโรจน์,https://gbqmnnammihcoxshkdxd.supabase.co/storage/v1/object/public/partylist-photos/9/033.jpg,,2d8a1c84-0bc8-4377-965d-c020a0097c27,9,พรรคเพื่อไทย,,#E4002B
9c0ea011-54d0-461a-985a-f86d4b2bf61f,33,นาย,สมศักดิ์,ผู่เจริญ,นายสมศักดิ์ ผู่เจริญ,,,7f4755ca-ea3a-4023-869d-9cabba328db0,33,พรรคประชาชาติ,,#2E7D32
9e1db468-0afd-4aec-af9b-9146e43bb70b,33,นางสาว,อิสยาภรณ์,วงษานุทัศน์,นางสาวอิสยาภรณ์ วงษานุทัศน์,,,03347cbc-6089-474c-a3f6-484ae981c9a6,43,พรรคพลังประชารัฐ,,#1565C0
d3b68529-b816-4402-a1f9-027eb362103c,33,นาวาโท,สุปัญญา,จันทร์เพ็ญศรี,นาวาโทสุปัญญา จันทร์เพ็ญศรี,,,0c044088-618b-49af-a291-fb28ffe9e0f8,11,พรรคเศรษฐกิจ,,#FFA000
f6ea7e15-5abe-4e89-b776-3fa0c3bdaa1a,33,นาย,กรุณพล,เทียนสุวรรณ,นายกรุณพล เทียนสุวรรณ,https://gbqmnnammihcoxshkdxd.supabase.co/storage/v1/object/public/partylist-photos/46/033.jpg,,1116011c-1ef3-4cca-a186-c1b9f7984ede,46,พรรคประชาชน,,#F57C00
02949d25-2095-43a7-b4cd-aada416bb08e,34,นาย,วิชชา,กลิ่นประทุม,นายวิชชา กลิ่นประทุม,https://gbqmnnammihcoxshkdxd.supabase.co/storage/v1/object/public/partylist-photos/9/034.jpg,,2d8a1c84-0bc8-4377-965d-c020a0097c27,9,พรรคเพื่อไทย,,#E4002B
20584c5e-7f00-40ee-91a2-30058e35fcd0,34,นาย,อิทธิกร,เล่นวารี,นายอิทธิกร เล่นวารี,,,339fa187-133c-4766-a6c2-36d1b32cda8f,23,พรรคปวงชนไทย,,#827717
36e08116-ed82-4e30-9b6e-57dc9a17b560,34,นาย,ศุภวิชญ์,จันทร์เสถียร,นายศุภวิชญ์ จันทร์เสถียร,,,a62aca08-91b7-4f3f-ba8f-cb9e884a3799,42,พรรคกล้าธรรม,,#5D4037
57ea3f4d-7ca9-47b8-810e-5786d9a235a4,34,นาย,ณัฐวุฒิ,วงศ์เนียม,นายณัฐวุฒิ วงศ์เนียม,,,cb1b6cf2-41fa-49b1-a060-01acf13edc81,48,พรรคไทยสร้างไทย,,#00ACC1
5aa3c124-c95c-44bf-8b05-7f902ded5596,34,นางสาว,นิรินธร,มีทรัพย์นิคม,นางสาวนิรินธร มีทรัพย์นิคม,,,965b4b93-c01e-4a2b-a987-577f2b99ebb4,49,พรรคไทยก้าวใหม่,,#1E88E5
712d3275-d49e-4be6-abf5-b58801869777,34,ศาสตราจารย์,กนก,วงษ์ตระหง่าน,ศาสตราจารย์กนก วงษ์ตระหง่าน,https://gbqmnnammihcoxshkdxd.supabase.co/storage/v1/object/public/partylist-photos/37/034.jpg,,013c219e-e197-416d-84ea-00ba9c35465e,37,พรรคภูมิใจไทย,,#3949AB
8203d5bc-3ee7-4775-afbd-d84c1128050c,34,พันตำรวจโท,คเน,เนตรกูล,พันตำรวจโทคเน เนตรกูล,,,bcdcd19b-d619-47dd-8535-fafb6bc6f4d8,12,พรรคเสรีรวมไทย,,#C62828
83a50b2f-ee62-45a0-8231-9ce8743720f8,34,นาย,คงธัช,เตชะวิเชียร,นายคงธัช เตชะวิเชียร,,,0c044088-618b-49af-a291-fb28ffe9e0f8,11,พรรคเศรษฐกิจ,,#FFA000
84e7bee5-9579-481a-b095-d19fd5793e47,34,นาย,อุดมเกียรติ อภินันทิกุล,ปานมี,นายอุดมเกียรติ อภินันทิกุล ปานมี,,,03347cbc-6089-474c-a3f6-484ae981c9a6,43,พรรคพลังประชารัฐ,,#1565C0
882daf09-25be-4693-9c5a-66e8ebe4658c,34,นาง,สมจิตต์,รถทอง,นางสมจิตต์ รถทอง,,,115da917-bf32-4e96-a2ae-b7818d0909ee,6,พรรครวมไทยสร้างชาติ,,#FF6D00
8f38cee1-e3c3-4864-b4c9-a8d098a2eba5,34,นาย,ณรงเดช,อุฬารกุล,นายณรงเดช อุฬารกุล,https://gbqmnnammihcoxshkdxd.supabase.co/storage/v1/object/public/partylist-photos/46/034.jpg,,1116011c-1ef3-4cca-a186-c1b9f7984ede,46,พรรคประชาชน,,#F57C00
a5bd8a9d-18b8-4ecb-b261-f596e632618e,34,นาง,จิราภรณ์,เลาหะกาญจนศิริ,นางจิราภรณ์ เลาหะกาญจนศิริ,,,7255d2d0-1f49-4fd8-adad-7acfea2d5126,56,พรรคเพื่อบ้านเมือง,,#1565C0
a8cb5969-5261-4518-b87f-5ddd722c7204,34,นาย,พิเชษฐ์,ดารากัย,นายพิเชษฐ์ ดารากัย,,,7f4755ca-ea3a-4023-869d-9cabba328db0,33,พรรคประชาชาติ,,#2E7D32
b15ecc1a-89bc-499d-b804-f6e0e256bf42,34,นางสาว,ภิญญดา ชัชจิรากุลเดช,อีลิค,นางสาวภิญญดา ชัชจิรากุลเดช อีลิค,,,3d55d7c9-f0bc-4803-b40e-090a7ea5d872,3,พรรคใหม่,,#FF5722
c78edacb-90b6-4bb6-8e0f-9a04a9641671,34,นาย,ศุภชัย,ศรีหล้า,นายศุภชัย ศรีหล้า,https://gbqmnnammihcoxshkdxd.supabase.co/storage/v1/object/public/partylist-photos/27/034.jpg,,d7155f6d-736d-42c0-8bc0-00ee6e1970dc,27,พรรคประชาธิปัตย์,,#0066B3
20576549-9b6c-43ed-8237-70a23ef24c8d,35,นางสาว,สุพรรษา,ศรีมา,นางสาวสุพรรษา ศรีมา,,,7255d2d0-1f49-4fd8-adad-7acfea2d5126,56,พรรคเพื่อบ้านเมือง,,#1565C0
32365eb8-7873-4bd5-a653-7c76313d94eb,35,พลเรือโท,เอกราช,พรหมลัมภัก,พลเรือโทเอกราช พรหมลัมภัก,,,03347cbc-6089-474c-a3f6-484ae981c9a6,43,พรรคพลังประชารัฐ,,#1565C0
52871a49-5688-45c5-8287-d4a0fef82cc7,35,นางสาว,ชุติมา,คชพันธ์,นางสาวชุติมา คชพันธ์,https://gbqmnnammihcoxshkdxd.supabase.co/storage/v1/object/public/partylist-photos/46/035.jpg,,1116011c-1ef3-4cca-a186-c1b9f7984ede,46,พรรคประชาชน,,#F57C00
55889cf8-fc0f-458a-8dbc-61e897e40653,35,นาย,ชาญฤทธิ์,ปราณประเสริฐ,นายชาญฤทธิ์ ปราณประเสริฐ,,,7f4755ca-ea3a-4023-869d-9cabba328db0,33,พรรคประชาชาติ,,#2E7D32
6a383ab8-035b-417c-8c10-cd7230a0f84b,35,นาย,เทพฤทธิ์,ฤทธิณรงค์,นายเทพฤทธิ์ ฤทธิณรงค์,,,115da917-bf32-4e96-a2ae-b7818d0909ee,6,พรรครวมไทยสร้างชาติ,,#FF6D00
6ef48b8a-6e67-4a8c-bb72-8f8f9bffaab2,35,นาย,สุรเกียรติ,เทียนทอง,นายสุรเกียรติ เทียนทอง,https://gbqmnnammihcoxshkdxd.supabase.co/storage/v1/object/public/partylist-photos/9/035.jpg,,2d8a1c84-0bc8-4377-965d-c020a0097c27,9,พรรคเพื่อไทย,,#E4002B
80c44349-06be-4234-866f-4b2e71e29ae0,35,นาย,ศุภเวศย์,รณะนันทน์,นายศุภเวศย์ รณะนันทน์,,,cb1b6cf2-41fa-49b1-a060-01acf13edc81,48,พรรคไทยสร้างไทย,,#00ACC1
84ae2147-ec92-432c-8e12-ec70d8f89d7f,35,นาย,เอกภพ,เพียรพิเศษ,นายเอกภพ เพียรพิเศษ,,,013c219e-e197-416d-84ea-00ba9c35465e,37,พรรคภูมิใจไทย,,#3949AB
8501bd96-1fa8-4f34-810c-584e65d90c23,35,นาย,อาณัติ วัชรางกุร,ณ เชียงใหม่,นายอาณัติ วัชรางกุร ณ เชียงใหม่,,,339fa187-133c-4766-a6c2-36d1b32cda8f,23,พรรคปวงชนไทย,,#827717
93ed1394-2767-43e4-aa54-707f319c2ffc,35,นาย,ชาญธาดา,ปวินท์ธนาธร,นายชาญธาดา ปวินท์ธนาธร,,,bcdcd19b-d619-47dd-8535-fafb6bc6f4d8,12,พรรคเสรีรวมไทย,,#C62828
beb053ee-9942-4118-a9ab-8e9ed35eabb0,35,นาย,ณัฐวัฒน์,ชั้นอินทร์งาม,นายณัฐวัฒน์ ชั้นอินทร์งาม,,,a62aca08-91b7-4f3f-ba8f-cb9e884a3799,42,พรรคกล้าธรรม,,#5D4037
c9dd8211-34aa-4439-8331-4bdc5c3278a9,35,นางสาว,ฐานุตรา,พุ่มสีดา,นางสาวฐานุตรา พุ่มสีดา,,,3d55d7c9-f0bc-4803-b40e-090a7ea5d872,3,พรรคใหม่,,#FF5722
ca3c930f-1984-4c61-8bd7-ee0d44cee554,35,นาย,สกนธ์,อาภาภรณ์กุล,นายสกนธ์ อาภาภรณ์กุล,,,0c044088-618b-49af-a291-fb28ffe9e0f8,11,พรรคเศรษฐกิจ,,#FFA000
cae09262-98b4-424e-9a60-f8a78fa517d3,35,นางสาว,พิมพ์รพี,พันธุ์วิชาติกุล,นางสาวพิมพ์รพี พันธุ์วิชาติกุล,https://gbqmnnammihcoxshkdxd.supabase.co/storage/v1/object/public/partylist-photos/27/035.jpg,,d7155f6d-736d-42c0-8bc0-00ee6e1970dc,27,พรรคประชาธิปัตย์,,#0066B3
e0824207-6b85-4f7f-b961-58745359f4b2,35,นาย,รัชต์เชียร,ทิพธนากิตติพร,นายรัชต์เชียร ทิพธนากิตติพร,,,965b4b93-c01e-4a2b-a987-577f2b99ebb4,49,พรรคไทยก้าวใหม่,,#1E88E5
19b17f88-4562-42f7-b4cb-785043a5664c,36,นาย,วรชาติ,อหันทริก,นายวรชาติ อหันทริก,,,115da917-bf32-4e96-a2ae-b7818d0909ee,6,พรรครวมไทยสร้างชาติ,,#FF6D00
1dea3203-662e-4bd8-bc72-7bfc19a0ae9f,36,นางสาว,กฤษณา,สีหลักษณ์,นางสาวกฤษณา สีหลักษณ์,https://gbqmnnammihcoxshkdxd.supabase.co/storage/v1/object/public/partylist-photos/9/036.jpg,,2d8a1c84-0bc8-4377-965d-c020a0097c27,9,พรรคเพื่อไทย,,#E4002B
2bc2e4c9-33ed-4a04-8dbb-130bbaa47dce,36,นาง,ยุพิน,สะโมสร,นางยุพิน สะโมสร,,,3d55d7c9-f0bc-4803-b40e-090a7ea5d872,3,พรรคใหม่,,#FF5722
2c334fe7-0055-44da-9f8a-a480bc336ee0,36,นางสาว,มาริสา,สมคำพี่,นางสาวมาริสา สมคำพี่,,,cb1b6cf2-41fa-49b1-a060-01acf13edc81,48,พรรคไทยสร้างไทย,,#00ACC1
383983e3-9d32-4190-b06e-5351f0aa71a4,36,นาย,ไพรัตน์,ตันบรรจง,นายไพรัตน์ ตันบรรจง,,,a62aca08-91b7-4f3f-ba8f-cb9e884a3799,42,พรรคกล้าธรรม,,#5D4037
44582bb0-7b9b-4200-9cf0-2927e9291185,36,นาย,วิภัชภณ,สุธากุล,นายวิภัชภณ สุธากุล,,,bcdcd19b-d619-47dd-8535-fafb6bc6f4d8,12,พรรคเสรีรวมไทย,,#C62828
4dc2b7f3-a997-43c1-a525-e4e9a2c3a77e,36,นาย,ไพรัช,ยิ่งสุข,นายไพรัช ยิ่งสุข,,,7255d2d0-1f49-4fd8-adad-7acfea2d5126,56,พรรคเพื่อบ้านเมือง,,#1565C0
661a1771-4c84-4553-b433-c818b4b7285e,36,นาย,ณัฐพงศ์,สุวรรณศิลป์,นายณัฐพงศ์ สุวรรณศิลป์,,,7f4755ca-ea3a-4023-869d-9cabba328db0,33,พรรคประชาชาติ,,#2E7D32
8dea3a40-ccfb-4be9-acb9-072004034735,36,นาย,สวาป,เผ่าประทาน,นายสวาป เผ่าประทาน,,,013c219e-e197-416d-84ea-00ba9c35465e,37,พรรคภูมิใจไทย,,#3949AB
8f2eced0-dc34-4114-8ba7-612146801ab0,36,นางสาว,ณัฐธร,หิรัญกุลโชติ,นางสาวณัฐธร หิรัญกุลโชติ,,,339fa187-133c-4766-a6c2-36d1b32cda8f,23,พรรคปวงชนไทย,,#827717
92b37239-707f-4961-8b8f-f4bf674f13bc,36,นาย,ฐณวัฒน์,เขื่อนวงค์วิน,นายฐณวัฒน์ เขื่อนวงค์วิน,,,0c044088-618b-49af-a291-fb28ffe9e0f8,11,พรรคเศรษฐกิจ,,#FFA000
bb42b31f-3ef8-4ea6-a93c-759ef37b83c9,36,นาย,กุลพงษ์,เกยานนท์,นายกุลพงษ์ เกยานนท์,,,965b4b93-c01e-4a2b-a987-577f2b99ebb4,49,พรรคไทยก้าวใหม่,,#1E88E5
ee456beb-44d9-4bff-8dbe-b76ebf13c2cb,36,นางสาว,ทัศนีย์,บูรณุปกรณ์,นางสาวทัศนีย์ บูรณุปกรณ์,https://gbqmnnammihcoxshkdxd.supabase.co/storage/v1/object/public/partylist-photos/46/036.jpg,,1116011c-1ef3-4cca-a186-c1b9f7984ede,46,พรรคประชาชน,,#F57C00
f6314737-c85b-4cf4-b163-fe04ccac6ffc,36,นาย,ประชา,ยอดวานิช,นายประชา ยอดวานิช,https://gbqmnnammihcoxshkdxd.supabase.co/storage/v1/object/public/partylist-photos/27/036.jpg,,d7155f6d-736d-42c0-8bc0-00ee6e1970dc,27,พรรคประชาธิปัตย์,,#0066B3
139349b7-e897-443c-a42d-8da886eddf21,37,นางสาว,ผ่องศรี,ชาญตระกูลทวี,นางสาวผ่องศรี ชาญตระกูลทวี,,,0c044088-618b-49af-a291-fb28ffe9e0f8,11,พรรคเศรษฐกิจ,,#FFA000
23389741-0ae0-4be9-aee7-63ac15bde75a,37,นาย,กิตติพัฒน์,มีสุวรรณ,นายกิตติพัฒน์ มีสุวรรณ,,,115da917-bf32-4e96-a2ae-b7818d0909ee,6,พรรครวมไทยสร้างชาติ,,#FF6D00
3edf955b-1337-4e32-9b85-6fe8b44a029c,37,นาย,สัมพันธ์,ตั้งเบญจผล,นายสัมพันธ์ ตั้งเบญจผล,https://gbqmnnammihcoxshkdxd.supabase.co/storage/v1/object/public/partylist-photos/27/037.jpg,,d7155f6d-736d-42c0-8bc0-00ee6e1970dc,27,พรรคประชาธิปัตย์,,#0066B3
78c41fc8-945d-49a8-a41c-b2f326e85021,37,นางสาว,สัตบุษย์,บุญเรือง,นางสาวสัตบุษย์ บุญเรือง,https://gbqmnnammihcoxshkdxd.supabase.co/storage/v1/object/public/partylist-photos/37/037.jpg,,013c219e-e197-416d-84ea-00ba9c35465e,37,พรรคภูมิใจไทย,,#3949AB
7f8c6f56-5a7d-40b9-8360-152ec2abd31e,37,นาง,วิลาสินี,โสวิชัย,นางวิลาสินี โสวิชัย,,,bcdcd19b-d619-47dd-8535-fafb6bc6f4d8,12,พรรคเสรีรวมไทย,,#C62828
99edbbbc-e7e4-4b1b-b2d5-782411d558b8,37,นาย,ภราดร,ใจจำนงค์,นายภราดร ใจจำนงค์,,,339fa187-133c-4766-a6c2-36d1b32cda8f,23,พรรคปวงชนไทย,,#827717
9d9dbfbe-cf8a-4acb-9b8d-50e63afc58aa,37,พลตำรวจตรี,กริช,กิติลือ,พลตำรวจตรีกริช กิติลือ,,,a62aca08-91b7-4f3f-ba8f-cb9e884a3799,42,พรรคกล้าธรรม,,#5D4037
a2f52902-1786-4279-99f5-a8291ee3b3fb,37,นาย,พิสุทธิ์,อังจันทร์เพ็ญ,นายพิสุทธิ์ อังจันทร์เพ็ญ,,,7f4755ca-ea3a-4023-869d-9cabba328db0,33,พรรคประชาชาติ,,#2E7D32
bdc82729-9d38-4c3d-89ce-5a6a59c42c49,37,นางสาว,อัจฉราภาดาพิสุทธิ์,สารคำ,นางสาวอัจฉราภาดาพิสุทธิ์ สารคำ,,,cb1b6cf2-41fa-49b1-a060-01acf13edc81,48,พรรคไทยสร้างไทย,,#00ACC1
ca183a37-794c-46ae-861f-ebd90d220310,37,นางสาว,อรณิชา,พิมพ์แสง,นางสาวอรณิชา พิมพ์แสง,,,7255d2d0-1f49-4fd8-adad-7acfea2d5126,56,พรรคเพื่อบ้านเมือง,,#1565C0
cc0b08f5-ee75-4fd8-9e69-721cfdc4fa7b,37,นาย,นพณัฐ,มีรักษา,นายนพณัฐ มีรักษา,https://gbqmnnammihcoxshkdxd.supabase.co/storage/v1/object/public/partylist-photos/46/037.jpg,,1116011c-1ef3-4cca-a186-c1b9f7984ede,46,พรรคประชาชน,,#F57C00
e582e087-d3ca-44ae-8ede-223d817d4faa,37,นาย,ชาติพฤษภา,พงษ์อมาตย์,นายชาติพฤษภา พงษ์อมาตย์,,,965b4b93-c01e-4a2b-a987-577f2b99ebb4,49,พรรคไทยก้าวใหม่,,#1E88E5
f0d9b9b6-edd8-40a7-93de-1d843d33f81a,37,นาย,จิตติพจน์,วิริยะโรจน์,นายจิตติพจน์ วิริยะโรจน์,https://gbqmnnammihcoxshkdxd.supabase.co/storage/v1/object/public/partylist-photos/9/037.jpg,,2d8a1c84-0bc8-4377-965d-c020a0097c27,9,พรรคเพื่อไทย,,#E4002B
f49b99bb-3ffd-429a-b812-44264d276e7b,37,นาย,จำรัส,พลอยม่วง,นายจำรัส พลอยม่วง,,,3d55d7c9-f0bc-4803-b40e-090a7ea5d872,3,พรรคใหม่,,#FF5722
001467dc-98df-4089-b377-c9c0bab39c01,38,นาย,กฤตตฤณ,สุขบริบูรณ์,นายกฤตตฤณ สุขบริบูรณ์,,,a62aca08-91b7-4f3f-ba8f-cb9e884a3799,42,พรรคกล้าธรรม,,#5D4037
14135db7-1fd8-4c1e-a25f-e86e391a417f,38,นาย,สรรเสริญ,บุญเกษม,นายสรรเสริญ บุญเกษม,,,0c044088-618b-49af-a291-fb28ffe9e0f8,11,พรรคเศรษฐกิจ,,#FFA000
422d8f7e-7d77-46f3-bd35-0099a40af692,38,นาย,พันศักดิ์,จันทร์ใบเล็ก,นายพันศักดิ์ จันทร์ใบเล็ก,,,cb1b6cf2-41fa-49b1-a060-01acf13edc81,48,พรรคไทยสร้างไทย,,#00ACC1
439f16b7-b76e-4671-82d2-7db1d04b20db,38,นาย,สาโรจน์,คำพิทักษ์,นายสาโรจน์ คำพิทักษ์,,,965b4b93-c01e-4a2b-a987-577f2b99ebb4,49,พรรคไทยก้าวใหม่,,#1E88E5
6cdf45df-5866-4172-aef9-93dbdaf01574,38,นาย,ธนกฤต,ชาติอนุลักษณ์,นายธนกฤต ชาติอนุลักษณ์,,,013c219e-e197-416d-84ea-00ba9c35465e,37,พรรคภูมิใจไทย,,#3949AB
8d98c42a-d675-4afe-9aaf-00f4b6fa623f,38,นางสาว,พนัชกร,ตุลานนท์,นางสาวพนัชกร ตุลานนท์,,,115da917-bf32-4e96-a2ae-b7818d0909ee,6,พรรครวมไทยสร้างชาติ,,#FF6D00
98c7f5e7-628c-46f1-b559-2de353c1546b,38,นาย,ต่อศักดิ์,อัศวเหม,นายต่อศักดิ์ อัศวเหม,https://gbqmnnammihcoxshkdxd.supabase.co/storage/v1/object/public/partylist-photos/9/038.jpg,,2d8a1c84-0bc8-4377-965d-c020a0097c27,9,พรรคเพื่อไทย,,#E4002B
9f181d5d-54a0-440c-9497-b388c029a6df,38,นาย,อรุณเดช,มารัตน์,นายอรุณเดช มารัตน์,,,339fa187-133c-4766-a6c2-36d1b32cda8f,23,พรรคปวงชนไทย,,#827717
a34202dd-3c64-4542-a8f2-bcebc7e4ef55,38,นาย,รัชนาท,วานิชสมบัติ,นายรัชนาท วานิชสมบัติ,https://gbqmnnammihcoxshkdxd.supabase.co/storage/v1/object/public/partylist-photos/46/038.jpg,,1116011c-1ef3-4cca-a186-c1b9f7984ede,46,พรรคประชาชน,,#F57C00
a8954aec-4f1e-4cdc-a536-1a9c7cad44cc,38,นาย,ชนภัช,ภัทรสุปรีดิ์,นายชนภัช ภัทรสุปรีดิ์,,,7255d2d0-1f49-4fd8-adad-7acfea2d5126,56,พรรคเพื่อบ้านเมือง,,#1565C0
c1e066b3-6667-4867-aa25-82626317706c,38,นาย,ชายพงษ์,นิยมกิจ,นายชายพงษ์ นิยมกิจ,https://gbqmnnammihcoxshkdxd.supabase.co/storage/v1/object/public/partylist-photos/27/038.jpg,,d7155f6d-736d-42c0-8bc0-00ee6e1970dc,27,พรรคประชาธิปัตย์,,#0066B3
d249552c-779c-438c-8adc-12b86cb4854b,38,นาย,นิติ,หาญชนะ,นายนิติ หาญชนะ,,,bcdcd19b-d619-47dd-8535-fafb6bc6f4d8,12,พรรคเสรีรวมไทย,,#C62828
f1ef37d7-ce13-4931-a2ee-05ae65e0845c,38,นาย,สมเจตน์,โพเตียน,นายสมเจตน์ โพเตียน,,,3d55d7c9-f0bc-4803-b40e-090a7ea5d872,3,พรรคใหม่,,#FF5722
20578347-e13e-441d-a925-52c349ea032f,39,นาย,บุญเลี้ยง,แสงวงค์,นายบุญเลี้ยง แสงวงค์,,,7255d2d0-1f49-4fd8-adad-7acfea2d5126,56,พรรคเพื่อบ้านเมือง,,#1565C0
2aee3e43-d7cb-440e-9284-33c409313a68,39,นาย,สุรบถ,หลีกภัย,นายสุรบถ หลีกภัย,https://gbqmnnammihcoxshkdxd.supabase.co/storage/v1/object/public/partylist-photos/27/039.jpg,,d7155f6d-736d-42c0-8bc0-00ee6e1970dc,27,พรรคประชาธิปัตย์,,#0066B3
32e234b1-ee4b-47f2-a121-f13477302c12,39,นาย,เชิดชัย,ตันติศิรินทร์,นายเชิดชัย ตันติศิรินทร์,https://gbqmnnammihcoxshkdxd.supabase.co/storage/v1/object/public/partylist-photos/9/039.jpg,,2d8a1c84-0bc8-4377-965d-c020a0097c27,9,พรรคเพื่อไทย,,#E4002B
39a04055-baf6-4378-919c-58bc709058a0,39,นางสาว,วีราภรณ์,เกียรติชัยพัฒน,นางสาววีราภรณ์ เกียรติชัยพัฒน,,,013c219e-e197-416d-84ea-00ba9c35465e,37,พรรคภูมิใจไทย,,#3949AB
5f1e0b90-aff3-45cb-993b-d5769fa1a52a,39,นาย,ปฐมพล,สาระรัตน์,นายปฐมพล สาระรัตน์,,,339fa187-133c-4766-a6c2-36d1b32cda8f,23,พรรคปวงชนไทย,,#827717
66a51bb6-2f8e-4d57-a2b1-dd4471bbc6f1,39,นาย,บุญเศรษฐ์,มานะดี,นายบุญเศรษฐ์ มานะดี,,,965b4b93-c01e-4a2b-a987-577f2b99ebb4,49,พรรคไทยก้าวใหม่,,#1E88E5
77e0392f-4d8d-4fae-807b-3e80614fe636,39,นาย,ภูมินทร์,วรปัญญา,นายภูมินทร์ วรปัญญา,,,115da917-bf32-4e96-a2ae-b7818d0909ee,6,พรรครวมไทยสร้างชาติ,,#FF6D00
8cd5adc1-347d-4efa-bcf6-b4bb7c6431d2,39,นาย,ก้อง,เพชรแก้ว,นายก้อง เพชรแก้ว,,,cb1b6cf2-41fa-49b1-a060-01acf13edc81,48,พรรคไทยสร้างไทย,,#00ACC1
ad376083-5a0b-45ed-b06c-a9b521033821,39,นาย,คมกฤช,กาญจนากาศ,นายคมกฤช กาญจนากาศ,,,3d55d7c9-f0bc-4803-b40e-090a7ea5d872,3,พรรคใหม่,,#FF5722
aecbad2e-c988-48b1-8a63-3305eff6bdb4,39,นาย,นิธิกร,บุญยกุลเจริญ,นายนิธิกร บุญยกุลเจริญ,https://gbqmnnammihcoxshkdxd.supabase.co/storage/v1/object/public/partylist-photos/46/039.jpg,,1116011c-1ef3-4cca-a186-c1b9f7984ede,46,พรรคประชาชน,,#F57C00
baaddbb2-2257-4e04-adb2-ec5b5aa1f081,39,นาย,ประสาน,ศิริชัยคีรีโกศล,นายประสาน ศิริชัยคีรีโกศล,,,bcdcd19b-d619-47dd-8535-fafb6bc6f4d8,12,พรรคเสรีรวมไทย,,#C62828
f72f2276-e30e-468d-9623-edc4758382f8,39,พลเรือโท,นิรัตน์,ทากุดเรือ,พลเรือโทนิรัตน์ ทากุดเรือ,,,a62aca08-91b7-4f3f-ba8f-cb9e884a3799,42,พรรคกล้าธรรม,,#5D4037
fbee4297-8c74-44a3-b405-66cd9e235054,39,นาย,กฤติเดช,จันทร์งาม,นายกฤติเดช จันทร์งาม,,,0c044088-618b-49af-a291-fb28ffe9e0f8,11,พรรคเศรษฐกิจ,,#FFA000
0b883f8c-d7d4-413f-91a8-e39019e9374c,40,พันตำรวจเอก,ดุลยมาน,แยนา,พันตำรวจเอกดุลยมาน แยนา,,,a62aca08-91b7-4f3f-ba8f-cb9e884a3799,42,พรรคกล้าธรรม,,#5D4037
12352a8d-a8f2-45ae-93d4-462d6a673639,40,นาย,สุทิน,ช่วยธานี,นายสุทิน ช่วยธานี,,,cb1b6cf2-41fa-49b1-a060-01acf13edc81,48,พรรคไทยสร้างไทย,,#00ACC1
18c5a137-3373-4582-916c-52ddfe938de3,40,นางสาว,ชลธิชา,แจ้งเร็ว,นางสาวชลธิชา แจ้งเร็ว,https://gbqmnnammihcoxshkdxd.supabase.co/storage/v1/object/public/partylist-photos/46/040.jpg,,1116011c-1ef3-4cca-a186-c1b9f7984ede,46,พรรคประชาชน,,#F57C00
391e6c31-7d64-4ee5-8b44-01ee841f8d61,40,นาย,ศันสนะ,ตันติชาติ,นายศันสนะ ตันติชาติ,,,7255d2d0-1f49-4fd8-adad-7acfea2d5126,56,พรรคเพื่อบ้านเมือง,,#1565C0
3e558a8d-448e-4bcf-8b3c-68d754af53e2,40,นางสาว,ฐิติพร,มั่นยืน,นางสาวฐิติพร มั่นยืน,,,bcdcd19b-d619-47dd-8535-fafb6bc6f4d8,12,พรรคเสรีรวมไทย,,#C62828
5393d2dd-592a-48d2-9e4d-d2a1027b27aa,40,นางสาว,ณัฏฐา ปิ่นนัดดา,วสันตสิงห์,นางสาวณัฏฐา ปิ่นนัดดา วสันตสิงห์,https://gbqmnnammihcoxshkdxd.supabase.co/storage/v1/object/public/partylist-photos/27/040.jpg,,d7155f6d-736d-42c0-8bc0-00ee6e1970dc,27,พรรคประชาธิปัตย์,,#0066B3
6621ddec-f455-45d7-b10e-81f71773a14e,40,นางสาว,ฉัตรฉกฎ,ดวงจิตพุทธคุณ,นางสาวฉัตรฉกฎ ดวงจิตพุทธคุณ,,,3d55d7c9-f0bc-4803-b40e-090a7ea5d872,3,พรรคใหม่,,#FF5722
67f4fc93-df8c-4f07-b500-eee839a0b8c3,40,นาย,สิงหภณ,ดีนาง,นายสิงหภณ ดีนาง,https://gbqmnnammihcoxshkdxd.supabase.co/storage/v1/object/public/partylist-photos/9/040.jpg,,2d8a1c84-0bc8-4377-965d-c020a0097c27,9,พรรคเพื่อไทย,,#E4002B
9a97adcb-da79-4d89-88a8-f2c5cf5c3b05,40,นาย,มงคลพัฒน์,สรรณ์ไตรภพ,นายมงคลพัฒน์ สรรณ์ไตรภพ,,,013c219e-e197-416d-84ea-00ba9c35465e,37,พรรคภูมิใจไทย,,#3949AB
a47e62c0-0bc3-4d17-9589-df27e19a1427,40,นาย,สิทธิโชค,คล้อยแสงอาทิตย์,นายสิทธิโชค คล้อยแสงอาทิตย์,,,0c044088-618b-49af-a291-fb28ffe9e0f8,11,พรรคเศรษฐกิจ,,#FFA000
da6c46ee-9a89-4ef8-bd73-e413813c35a2,40,นาย,กาศ ประกาศสิริ,เจริญพระสิริ,นายกาศ ประกาศสิริ เจริญพระสิริ,,,339fa187-133c-4766-a6c2-36d1b32cda8f,23,พรรคปวงชนไทย,,#827717
df59ed0e-2294-4f81-9148-6934fdfe9612,40,นางสาว,พนัชปวัน,สายสุวรรณ,นางสาวพนัชปวัน สายสุวรรณ,,,115da917-bf32-4e96-a2ae-b7818d0909ee,6,พรรครวมไทยสร้างชาติ,,#FF6D00
efab8908-b3aa-4ef3-8b7b-9db14efd259b,40,นาย,เปี่ยมศักดิ์,คุณากรประทีป,นายเปี่ยมศักดิ์ คุณากรประทีป,,,965b4b93-c01e-4a2b-a987-577f2b99ebb4,49,พรรคไทยก้าวใหม่,,#1E88E5
2d21a20b-97c5-4aa3-90ef-388f548acb7a,41,นาย,มั่นบุญ,มณีนันทน์,นายมั่นบุญ มณีนันทน์,,,115da917-bf32-4e96-a2ae-b7818d0909ee,6,พรรครวมไทยสร้างชาติ,,#FF6D00
3014be71-af27-4593-8174-47032833c36f,41,นาง,อุบลวรรณ,ชิณโสม,นางอุบลวรรณ ชิณโสม,,,bcdcd19b-d619-47dd-8535-fafb6bc6f4d8,12,พรรคเสรีรวมไทย,,#C62828
3349fa6c-9867-4d1f-b0e6-77ee5de930c6,41,ร้อยเอก,สารัชถ์,เลิศรัตนาวดีสกุล,ร้อยเอกสารัชถ์ เลิศรัตนาวดีสกุล,,,7255d2d0-1f49-4fd8-adad-7acfea2d5126,56,พรรคเพื่อบ้านเมือง,,#1565C0
7e3a1376-7e7b-4f47-b053-aa2855ea4bed,41,นางสาว,อนุตตมา,อมรวิวัฒน์,นางสาวอนุตตมา อมรวิวัฒน์,https://gbqmnnammihcoxshkdxd.supabase.co/storage/v1/object/public/partylist-photos/9/041.jpg,,2d8a1c84-0bc8-4377-965d-c020a0097c27,9,พรรคเพื่อไทย,,#E4002B
85f2338a-b124-492e-9f75-dbb95dd7f876,41,นาย,วัฒนพงษ์,จิตตรี,นายวัฒนพงษ์ จิตตรี,,,cb1b6cf2-41fa-49b1-a060-01acf13edc81,48,พรรคไทยสร้างไทย,,#00ACC1
8a55aa05-3319-4337-9c31-10ed8dbcb8b2,41,นางสาว,อังคณา,เจริญพระสิริ,นางสาวอังคณา เจริญพระสิริ,,,339fa187-133c-4766-a6c2-36d1b32cda8f,23,พรรคปวงชนไทย,,#827717
92099b22-f345-4493-b15d-2b90f3bf5bc6,41,นาย,เวียง,สาดนอก,นายเวียง สาดนอก,,,3d55d7c9-f0bc-4803-b40e-090a7ea5d872,3,พรรคใหม่,,#FF5722
9c0f6369-6f4f-406e-a3a0-dea058daf6a7,41,นาย,เกษมสุข,บุญเจริญ,นายเกษมสุข บุญเจริญ,https://gbqmnnammihcoxshkdxd.supabase.co/storage/v1/object/public/partylist-photos/27/041.jpg,,d7155f6d-736d-42c0-8bc0-00ee6e1970dc,27,พรรคประชาธิปัตย์,,#0066B3
9ec66d79-fb77-4d73-8564-f5abcc0bb294,41,นาย,ทวีศักดิ์,อัชรางกูร,นายทวีศักดิ์ อัชรางกูร,,,965b4b93-c01e-4a2b-a987-577f2b99ebb4,49,พรรคไทยก้าวใหม่,,#1E88E5
a449ae94-5a63-403d-b55d-7684129db072,41,ร้อยตำรวจเอก,ปัตตะ,มะดาวา,ร้อยตำรวจเอกปัตตะ มะดาวา,,,a62aca08-91b7-4f3f-ba8f-cb9e884a3799,42,พรรคกล้าธรรม,,#5D4037
dc20a893-3136-42e2-85e5-e09a5efca955,41,นาย,อรุณ,พรหมคุณ,นายอรุณ พรหมคุณ,,,013c219e-e197-416d-84ea-00ba9c35465e,37,พรรคภูมิใจไทย,,#3949AB
fd06a4ba-7a19-4dbc-879e-e60e86c8f180,41,นาย,ไพฑูรย์,หอมกลุ่น,นายไพฑูรย์ หอมกลุ่น,,,0c044088-618b-49af-a291-fb28ffe9e0f8,11,พรรคเศรษฐกิจ,,#FFA000
fec628b9-f36f-4d08-b60e-26169fc57bb5,41,นาย,วรวุฒิ,บุตรมาตร,นายวรวุฒิ บุตรมาตร,https://gbqmnnammihcoxshkdxd.supabase.co/storage/v1/object/public/partylist-photos/46/041.jpg,,1116011c-1ef3-4cca-a186-c1b9f7984ede,46,พรรคประชาชน,,#F57C00
0bfa0d86-0abb-498f-a7d3-1cc57ba9026c,42,พันตำรวจเอก,ชัยพฤกษ์,ผาติวรากร,พันตำรวจเอกชัยพฤกษ์ ผาติวรากร,,,a62aca08-91b7-4f3f-ba8f-cb9e884a3799,42,พรรคกล้าธรรม,,#5D4037
12b0a355-315f-4dde-93a1-40bb0cb6a342,42,นางสาว,ศนิวาร,บัวบาน,นางสาวศนิวาร บัวบาน,https://gbqmnnammihcoxshkdxd.supabase.co/storage/v1/object/public/partylist-photos/46/042.jpg,,1116011c-1ef3-4cca-a186-c1b9f7984ede,46,พรรคประชาชน,,#F57C00
3ca207d6-8e5e-467a-8dfc-e4370aff6481,42,นาย,กฤตกร,ทองจันทร์,นายกฤตกร ทองจันทร์,,,bcdcd19b-d619-47dd-8535-fafb6bc6f4d8,12,พรรคเสรีรวมไทย,,#C62828
50ade9eb-73ef-45a9-aa7c-702913259e8f,42,นาย,ชลภัฎ,จาตุรงคกุล,นายชลภัฎ จาตุรงคกุล,https://gbqmnnammihcoxshkdxd.supabase.co/storage/v1/object/public/partylist-photos/27/042.jpg,,d7155f6d-736d-42c0-8bc0-00ee6e1970dc,27,พรรคประชาธิปัตย์,,#0066B3
6f216172-3617-43b2-b7cf-e3b4ddf94e86,42,นาย,ญาณกร,วรากุลรักษ์,นายญาณกร วรากุลรักษ์,,,965b4b93-c01e-4a2b-a987-577f2b99ebb4,49,พรรคไทยก้าวใหม่,,#1E88E5
6f5f2a56-b405-4524-81ff-00dcc98471bd,42,นางสาว,ณัฐสินี,วันทมาตย์,นางสาวณัฐสินี วันทมาตย์,,,115da917-bf32-4e96-a2ae-b7818d0909ee,6,พรรครวมไทยสร้างชาติ,,#FF6D00
745be62c-aeec-4b7b-9acf-11c3da4a8a50,42,นาย,วิโชติ,วัณโณ,นายวิโชติ วัณโณ,https://gbqmnnammihcoxshkdxd.supabase.co/storage/v1/object/public/partylist-photos/9/042.jpg,,2d8a1c84-0bc8-4377-965d-c020a0097c27,9,พรรคเพื่อไทย,,#E4002B
795c817e-0d00-438e-8f33-500708e28ad8,42,นาย,กนิษฐ,ประสานสุข,นายกนิษฐ ประสานสุข,,,cb1b6cf2-41fa-49b1-a060-01acf13edc81,48,พรรคไทยสร้างไทย,,#00ACC1
a3cb3c87-1ec6-485f-9979-bfc437a30c0a,42,ดาบตำรวจ,สิริเชษฐ์,เสือโนนม่วง,ดาบตำรวจสิริเชษฐ์ เสือโนนม่วง,,,7255d2d0-1f49-4fd8-adad-7acfea2d5126,56,พรรคเพื่อบ้านเมือง,,#1565C0
bea74390-199c-4e2c-b7ce-f47629665a0c,42,นาย,กาญจนพฤก,มาสดใส,นายกาญจนพฤก มาสดใส,,,0c044088-618b-49af-a291-fb28ffe9e0f8,11,พรรคเศรษฐกิจ,,#FFA000
d65af866-4d91-4599-a5e3-627ec3cfca3a,42,นาย,ภูมิพัฒน์,เหมือนจันทร์,นายภูมิพัฒน์ เหมือนจันทร์,,,013c219e-e197-416d-84ea-00ba9c35465e,37,พรรคภูมิใจไทย,,#3949AB
30f2e62f-88cb-4fce-ad48-156d45de7563,43,พลเอก,สุรวัช,บุตรวงษ์,พลเอกสุรวัช บุตรวงษ์,,,a62aca08-91b7-4f3f-ba8f-cb9e884a3799,42,พรรคกล้าธรรม,,#5D4037
3447ddf9-01c4-49bb-979d-6a9a7e340744,43,นาย,ยิ่งศักดิ์,แพงจันทร์ศรี,นายยิ่งศักดิ์ แพงจันทร์ศรี,,,bcdcd19b-d619-47dd-8535-fafb6bc6f4d8,12,พรรคเสรีรวมไทย,,#C62828
3f2760ff-b537-45d6-b0c2-39b30c575f76,43,นาย,เสน่ห์,ขาวโต,นายเสน่ห์ ขาวโต,,,965b4b93-c01e-4a2b-a987-577f2b99ebb4,49,พรรคไทยก้าวใหม่,,#1E88E5
a17679cc-f57e-4ad8-bd8c-b729ccd4ff89,43,นางสาว,สุวณา,ปิยะพิสุทธิ์,นางสาวสุวณา ปิยะพิสุทธิ์,,,013c219e-e197-416d-84ea-00ba9c35465e,37,พรรคภูมิใจไทย,,#3949AB
affb570e-815b-4082-9899-baaf6068a06a,43,นาย,โรจนฤทธิ์,รักษ์กุล,นายโรจนฤทธิ์ รักษ์กุล,,,cb1b6cf2-41fa-49b1-a060-01acf13edc81,48,พรรคไทยสร้างไทย,,#00ACC1
b1825266-a923-48a3-9b80-e8ddede428a7,43,นาย,อำนาจ,ชุณหะนันทน์,นายอำนาจ ชุณหะนันทน์,https://gbqmnnammihcoxshkdxd.supabase.co/storage/v1/object/public/partylist-photos/46/043.jpg,,1116011c-1ef3-4cca-a186-c1b9f7984ede,46,พรรคประชาชน,,#F57C00
b2e4ec2f-105d-442d-adf7-ec3d50202c8e,43,นางสาว,กรชนก,เงินทอง,นางสาวกรชนก เงินทอง,,,7255d2d0-1f49-4fd8-adad-7acfea2d5126,56,พรรคเพื่อบ้านเมือง,,#1565C0
c8ed65a6-5022-466f-82d2-9eb2d2d03d62,43,นาย,ชยกร,มาอินทร์,นายชยกร มาอินทร์,,,115da917-bf32-4e96-a2ae-b7818d0909ee,6,พรรครวมไทยสร้างชาติ,,#FF6D00
cb56c9ad-468d-4d76-857a-fcb7304b42f4,43,นาย,สหัสชัย,อนันตเมฆ,นายสหัสชัย อนันตเมฆ,https://gbqmnnammihcoxshkdxd.supabase.co/storage/v1/object/public/partylist-photos/9/043.jpg,,2d8a1c84-0bc8-4377-965d-c020a0097c27,9,พรรคเพื่อไทย,,#E4002B
db8311ca-b2e6-4b4b-9dc6-a147d3982505,43,นาย,สุทธิ,ปัญญาสกุลวงศ์,นายสุทธิ ปัญญาสกุลวงศ์,https://gbqmnnammihcoxshkdxd.supabase.co/storage/v1/object/public/partylist-photos/27/043.jpg,,d7155f6d-736d-42c0-8bc0-00ee6e1970dc,27,พรรคประชาธิปัตย์,,#0066B3
eb5da968-6f7a-4f67-98fb-e28f1c2f30af,43,นาย,กานนท์,แสนเภา,นายกานนท์ แสนเภา,,,0c044088-618b-49af-a291-fb28ffe9e0f8,11,พรรคเศรษฐกิจ,,#FFA000
25564742-278b-4bda-b7c9-2f9903b321be,44,นางสาว,ปทุมรัตน์,สุราฤทธิ์,นางสาวปทุมรัตน์ สุราฤทธิ์,,,cb1b6cf2-41fa-49b1-a060-01acf13edc81,48,พรรคไทยสร้างไทย,,#00ACC1
2c254724-b4e1-4b8f-92d6-01e45f2784b4,44,นางสาว,อรวรรณ,สมวงศ์,นางสาวอรวรรณ สมวงศ์,https://gbqmnnammihcoxshkdxd.supabase.co/storage/v1/object/public/partylist-photos/9/044.jpg,,2d8a1c84-0bc8-4377-965d-c020a0097c27,9,พรรคเพื่อไทย,,#E4002B
3edeae41-ade0-4379-9ad7-beea9dd5c80f,44,รองศาสตราจารย์,วิบูลย์,สุริยจักรยุทธนา,รองศาสตราจารย์วิบูลย์ สุริยจักรยุทธนา,,,965b4b93-c01e-4a2b-a987-577f2b99ebb4,49,พรรคไทยก้าวใหม่,,#1E88E5
6046c05d-afe0-4f94-bf46-0869093d9660,44,นาย,ธนน,เวชกรกานนท์,นายธนน เวชกรกานนท์,https://gbqmnnammihcoxshkdxd.supabase.co/storage/v1/object/public/partylist-photos/27/044.jpg,,d7155f6d-736d-42c0-8bc0-00ee6e1970dc,27,พรรคประชาธิปัตย์,,#0066B3
7f9b7b72-121f-4027-9097-20cbc419bd89,44,นาง,ณฐิตา,ลับแสง,นางณฐิตา ลับแสง,,,7255d2d0-1f49-4fd8-adad-7acfea2d5126,56,พรรคเพื่อบ้านเมือง,,#1565C0
89b29186-78e9-401c-ba8a-77bacf5fbb70,44,นาง,นิษฐ์วดี,พรเลิศเทียนชุบ,นางนิษฐ์วดี พรเลิศเทียนชุบ,,,115da917-bf32-4e96-a2ae-b7818d0909ee,6,พรรครวมไทยสร้างชาติ,,#FF6D00
b228388b-c8ef-4e38-b269-fd65e497eec2,44,นาย,องอาจ,เกษเมธีการุณ,นายองอาจ เกษเมธีการุณ,,,a62aca08-91b7-4f3f-ba8f-cb9e884a3799,42,พรรคกล้าธรรม,,#5D4037
d11f2271-7567-455c-93c5-e38dbe61dce4,44,นาย,สรวิศ,ธานีโต,นายสรวิศ ธานีโต,,,013c219e-e197-416d-84ea-00ba9c35465e,37,พรรคภูมิใจไทย,,#3949AB
fa550547-bd24-4858-a9b2-61a15ac4979c,44,นาย,ณัฐวัชร,จันทโรธรณ์,นายณัฐวัชร จันทโรธรณ์,,,0c044088-618b-49af-a291-fb28ffe9e0f8,11,พรรคเศรษฐกิจ,,#FFA000
ff57b625-9094-4963-9edf-6962902a8717,44,นาย,แทนศร,พรปัญญาภัทร,นายแทนศร พรปัญญาภัทร,https://gbqmnnammihcoxshkdxd.supabase.co/storage/v1/object/public/partylist-photos/46/044.jpg,,1116011c-1ef3-4cca-a186-c1b9f7984ede,46,พรรคประชาชน,,#F57C00
7d1a6c39-140f-4229-a497-3becc67e45df,45,นาย,ภพสุกานต์,ศิริพงศ์ภัค,นายภพสุกานต์ ศิริพงศ์ภัค,,,965b4b93-c01e-4a2b-a987-577f2b99ebb4,49,พรรคไทยก้าวใหม่,,#1E88E5
832cb758-225b-44de-9866-62e3bdf4c722,45,นาย,มารุต,มัสยวาณิช,นายมารุต มัสยวาณิช,,,013c219e-e197-416d-84ea-00ba9c35465e,37,พรรคภูมิใจไทย,,#3949AB
85065bf9-69d0-47cb-8824-b9318fc86aad,45,นาย,ชิษณุชา,สะมะเหตุ,นายชิษณุชา สะมะเหตุ,,,0c044088-618b-49af-a291-fb28ffe9e0f8,11,พรรคเศรษฐกิจ,,#FFA000
94854643-df09-41e8-876f-a12056654d62,45,นาง,มณทิพย์,ศรีรัตนา,นางมณทิพย์ ศรีรัตนา,https://gbqmnnammihcoxshkdxd.supabase.co/storage/v1/object/public/partylist-photos/27/045.jpg,,d7155f6d-736d-42c0-8bc0-00ee6e1970dc,27,พรรคประชาธิปัตย์,,#0066B3
bd2a01e1-021b-46c5-b924-0ec620824cf2,45,นาย,เอกพร,รักความสุข,นายเอกพร รักความสุข,https://gbqmnnammihcoxshkdxd.supabase.co/storage/v1/object/public/partylist-photos/9/045.jpg,,2d8a1c84-0bc8-4377-965d-c020a0097c27,9,พรรคเพื่อไทย,,#E4002B
bdcc2edd-8c94-4ef7-868f-4b8f2097d421,45,นาย,ภูริทัต,จันทร์แก้ว,นายภูริทัต จันทร์แก้ว,https://gbqmnnammihcoxshkdxd.supabase.co/storage/v1/object/public/partylist-photos/46/045.jpg,,1116011c-1ef3-4cca-a186-c1b9f7984ede,46,พรรคประชาชน,,#F57C00
bf05e996-5c1c-4c84-b5a7-e50af2b36f29,45,นาย,บุญโชค,สังขาว,นายบุญโชค สังขาว,,,cb1b6cf2-41fa-49b1-a060-01acf13edc81,48,พรรคไทยสร้างไทย,,#00ACC1
dacbdb02-7085-46e9-b389-e2544d809a7a,45,ร้อยเอก,พีระภัฏ,บุญเจริญ,ร้อยเอกพีระภัฏ บุญเจริญ,,,115da917-bf32-4e96-a2ae-b7818d0909ee,6,พรรครวมไทยสร้างชาติ,,#FF6D00
ffdf6142-f411-41fa-84d8-f7414b647a1c,45,นาย,โปรดปราน,โต๊ะราหนี,นายโปรดปราน โต๊ะราหนี,,,a62aca08-91b7-4f3f-ba8f-cb9e884a3799,42,พรรคกล้าธรรม,,#5D4037
05c2b8d6-404d-4e3a-ab36-c9f07c3084f0,46,พลตรี,นิวัต,ก้อนทอง,พลตรีนิวัต ก้อนทอง,,,115da917-bf32-4e96-a2ae-b7818d0909ee,6,พรรครวมไทยสร้างชาติ,,#FF6D00
1ad8cc22-0f03-468f-8587-4dad50afedb1,46,นาย,พิพัฒน์,วิญโก,นายพิพัฒน์ วิญโก,,,0c044088-618b-49af-a291-fb28ffe9e0f8,11,พรรคเศรษฐกิจ,,#FFA000
578cee70-41c5-4285-8f68-7817a5929cec,46,นางสาว,สุดารัตน์,รัตนพงษ์,นางสาวสุดารัตน์ รัตนพงษ์,,,cb1b6cf2-41fa-49b1-a060-01acf13edc81,48,พรรคไทยสร้างไทย,,#00ACC1
62569d49-25c2-4c40-93a9-5839ddc7bb0e,46,นาย,กล่ำคาน,ปาทาน,นายกล่ำคาน ปาทาน,https://gbqmnnammihcoxshkdxd.supabase.co/storage/v1/object/public/partylist-photos/9/046.jpg,,2d8a1c84-0bc8-4377-965d-c020a0097c27,9,พรรคเพื่อไทย,,#E4002B
881f0574-16ca-4bba-968a-5b7407a16088,46,นาย,ปารมี,ไวจงเจริญ,นายปารมี ไวจงเจริญ,https://gbqmnnammihcoxshkdxd.supabase.co/storage/v1/object/public/partylist-photos/46/046.jpg,,1116011c-1ef3-4cca-a186-c1b9f7984ede,46,พรรคประชาชน,,#F57C00
a232d032-8d5a-46b2-8b73-8333e90199c2,46,นางสาว,นัชธนัญญ์,ทรัพย์ญาณกรณ์,นางสาวนัชธนัญญ์ ทรัพย์ญาณกรณ์,,,a62aca08-91b7-4f3f-ba8f-cb9e884a3799,42,พรรคกล้าธรรม,,#5D4037
bd86242f-94b5-4718-956d-fbf4d362c093,46,นาย,ปกรณ์,มุ่งเจริญพร,นายปกรณ์ มุ่งเจริญพร,https://gbqmnnammihcoxshkdxd.supabase.co/storage/v1/object/public/partylist-photos/37/046.jpg,,013c219e-e197-416d-84ea-00ba9c35465e,37,พรรคภูมิใจไทย,,#3949AB
c79a8af8-bbf5-481c-bfde-eb20c9b43d79,46,นาย,พิธาน,โตตระกูลพิทักษ์,นายพิธาน โตตระกูลพิทักษ์,,,965b4b93-c01e-4a2b-a987-577f2b99ebb4,49,พรรคไทยก้าวใหม่,,#1E88E5
d84396e4-1e1f-48a7-a9f4-578f53c4420a,46,พลตำรวจโท,วรายุทธ,สุขวัฒน์,พลตำรวจโทวรายุทธ สุขวัฒน์,https://gbqmnnammihcoxshkdxd.supabase.co/storage/v1/object/public/partylist-photos/27/046.jpg,,d7155f6d-736d-42c0-8bc0-00ee6e1970dc,27,พรรคประชาธิปัตย์,,#0066B3
06fa5351-ef99-48ba-8891-c556a75f4014,47,นาย,สยาม,หัตถสงเคราะห์,นายสยาม หัตถสงเคราะห์,https://gbqmnnammihcoxshkdxd.supabase.co/storage/v1/object/public/partylist-photos/9/047.jpg,,2d8a1c84-0bc8-4377-965d-c020a0097c27,9,พรรคเพื่อไทย,,#E4002B
160f4523-fc48-4a74-a571-aabcae871a7e,47,นาย,จิรวัฒน์,จังหวัด,นายจิรวัฒน์ จังหวัด,https://gbqmnnammihcoxshkdxd.supabase.co/storage/v1/object/public/partylist-photos/27/047.jpg,,d7155f6d-736d-42c0-8bc0-00ee6e1970dc,27,พรรคประชาธิปัตย์,,#0066B3
19bf3b97-4fe4-49d1-9418-8626e5843afc,47,นาย,ศิวฤทธิ์,นนทวุฒิสวัสดิ์,นายศิวฤทธิ์ นนทวุฒิสวัสดิ์,,,965b4b93-c01e-4a2b-a987-577f2b99ebb4,49,พรรคไทยก้าวใหม่,,#1E88E5
4b5c93c3-3409-481e-bcb6-5a9a38a27122,47,นาย,พนม,จันทร์ศรีทอง,นายพนม จันทร์ศรีทอง,,,013c219e-e197-416d-84ea-00ba9c35465e,37,พรรคภูมิใจไทย,,#3949AB
4e2c344b-5731-4955-bf0f-12cae2a7b60a,47,นาย,ธีระชาติ,ก่อตระกูล,นายธีระชาติ ก่อตระกูล,https://gbqmnnammihcoxshkdxd.supabase.co/storage/v1/object/public/partylist-photos/46/047.jpg,,1116011c-1ef3-4cca-a186-c1b9f7984ede,46,พรรคประชาชน,,#F57C00
628b6f35-7224-483c-8b8a-fb5b9f12c543,47,นาย,นิธิโรจน์,พุทธิเรืองนนท์,นายนิธิโรจน์ พุทธิเรืองนนท์,,,115da917-bf32-4e96-a2ae-b7818d0909ee,6,พรรครวมไทยสร้างชาติ,,#FF6D00
7609429f-e31e-42c0-b096-9a6997cca0b8,47,นาย,ศุภชัย,วันอ้น,นายศุภชัย วันอ้น,,,0c044088-618b-49af-a291-fb28ffe9e0f8,11,พรรคเศรษฐกิจ,,#FFA000
b96b084c-b509-4dae-b77f-ab5a75d60a9e,47,นางสาว,นิภาพรรณ,โอทอง,นางสาวนิภาพรรณ โอทอง,,,cb1b6cf2-41fa-49b1-a060-01acf13edc81,48,พรรคไทยสร้างไทย,,#00ACC1
e957fbd4-5fc7-402c-82b4-2491b326e08b,47,นาย,ณัฏฐ์พงษ์,ยงใจยุทธ,นายณัฏฐ์พงษ์ ยงใจยุทธ,,,a62aca08-91b7-4f3f-ba8f-cb9e884a3799,42,พรรคกล้าธรรม,,#5D4037
2829a1d0-38e1-4bd5-a73d-2979e5924107,48,นาย,จรัล,แก้วเป็ง,นายจรัล แก้วเป็ง,https://gbqmnnammihcoxshkdxd.supabase.co/storage/v1/object/public/partylist-photos/9/048.jpg,,2d8a1c84-0bc8-4377-965d-c020a0097c27,9,พรรคเพื่อไทย,,#E4002B
4e4ed60b-abd6-4738-9dee-3de76a074b6a,48,นาย,ฐิติพงศ์,พิมลเวชกุล,นายฐิติพงศ์ พิมลเวชกุล,https://gbqmnnammihcoxshkdxd.supabase.co/storage/v1/object/public/partylist-photos/46/048.jpg,,1116011c-1ef3-4cca-a186-c1b9f7984ede,46,พรรคประชาชน,,#F57C00
7b474bb2-1b74-4fed-8ee0-684bc00a5abd,48,นางสาว,ปทิตตา,ไชยปาน,นางสาวปทิตตา ไชยปาน,https://gbqmnnammihcoxshkdxd.supabase.co/storage/v1/object/public/partylist-photos/27/048.jpg,,d7155f6d-736d-42c0-8bc0-00ee6e1970dc,27,พรรคประชาธิปัตย์,,#0066B3
7e064cf5-1030-45fa-bdc2-167c44a932f3,48,นาย,วัฒนา,ภู่โอบอ้อม,นายวัฒนา ภู่โอบอ้อม,,,115da917-bf32-4e96-a2ae-b7818d0909ee,6,พรรครวมไทยสร้างชาติ,,#FF6D00
8165e25c-b341-4a6b-b06e-df7b51cbf74e,48,พันเอก (พิเศษ),สมเพชร,ปาปะโข,พันเอก (พิเศษ)สมเพชร ปาปะโข,,,965b4b93-c01e-4a2b-a987-577f2b99ebb4,49,พรรคไทยก้าวใหม่,,#1E88E5
84d59245-5b14-437c-b086-2203422144d3,48,นาย,อานนท์,กระบอกโท,นายอานนท์ กระบอกโท,,,0c044088-618b-49af-a291-fb28ffe9e0f8,11,พรรคเศรษฐกิจ,,#FFA000
9c26be16-f50c-47ba-a2c4-645d726eff19,48,นางสาว,จิณตภา,ฐิติพิทยา,นางสาวจิณตภา ฐิติพิทยา,,,013c219e-e197-416d-84ea-00ba9c35465e,37,พรรคภูมิใจไทย,,#3949AB
e76df68b-04b6-4c86-a354-9dcd3e3be18c,48,นาย,มูฮำมัดอาลาวี,บือแน,นายมูฮำมัดอาลาวี บือแน,,,a62aca08-91b7-4f3f-ba8f-cb9e884a3799,42,พรรคกล้าธรรม,,#5D4037
e8b2edc7-776d-432d-826a-71a741d5c0a6,48,นาย,บุญสืบ,จันทร์แจ่มศรี,นายบุญสืบ จันทร์แจ่มศรี,,,cb1b6cf2-41fa-49b1-a060-01acf13edc81,48,พรรคไทยสร้างไทย,,#00ACC1
055a77b0-3694-4757-a0fb-f66de6a38e67,49,นาบ,สงวน,ศรีม่วง,นาบสงวน ศรีม่วง,,,965b4b93-c01e-4a2b-a987-577f2b99ebb4,49,พรรคไทยก้าวใหม่,,#1E88E5
0e5ee59c-31b4-4bc9-b333-a3b1d99cb7e4,49,นาง,สายพิน,สันทัด,นางสายพิน สันทัด,,,115da917-bf32-4e96-a2ae-b7818d0909ee,6,พรรครวมไทยสร้างชาติ,,#FF6D00
186eae22-acdc-4add-866b-f48344c1b22f,49,นาย,ฆนัท,นาคถนอมทรัพย์,นายฆนัท นาคถนอมทรัพย์,https://gbqmnnammihcoxshkdxd.supabase.co/storage/v1/object/public/partylist-photos/46/049.jpg,,1116011c-1ef3-4cca-a186-c1b9f7984ede,46,พรรคประชาชน,,#F57C00
376b7162-3f31-423c-afc4-f8a8848fe6c6,49,นาย,อภิรัฐ,พันธ์สืบ,นายอภิรัฐ พันธ์สืบ,,,cb1b6cf2-41fa-49b1-a060-01acf13edc81,48,พรรคไทยสร้างไทย,,#00ACC1
53353c83-5218-47a9-91d5-4a3ee91589a8,49,นางสาว,พิชชาภัสร์,อมาตย์วรานนท์,นางสาวพิชชาภัสร์ อมาตย์วรานนท์,,,a62aca08-91b7-4f3f-ba8f-cb9e884a3799,42,พรรคกล้าธรรม,,#5D4037
634b64c8-3fd5-4c1f-855f-b4e8ea391823,49,นาย,ทนุศักดิ์,เล็กอุทัย,นายทนุศักดิ์ เล็กอุทัย,https://gbqmnnammihcoxshkdxd.supabase.co/storage/v1/object/public/partylist-photos/9/049.jpg,,2d8a1c84-0bc8-4377-965d-c020a0097c27,9,พรรคเพื่อไทย,,#E4002B
759b4760-17d1-4e43-b421-f94a328c1a47,49,นางสาว,พัทธนันท์,สมใจ,นางสาวพัทธนันท์ สมใจ,,,013c219e-e197-416d-84ea-00ba9c35465e,37,พรรคภูมิใจไทย,,#3949AB
b66fc8e7-872d-4275-8c4f-f6e4dac7a45c,49,นาง,ฮูวัยดีย๊ะ พิศสุวรรณ,อุเซ็ง,นางฮูวัยดีย๊ะ พิศสุวรรณ อุเซ็ง,https://gbqmnnammihcoxshkdxd.supabase.co/storage/v1/object/public/partylist-photos/27/049.jpg,,d7155f6d-736d-42c0-8bc0-00ee6e1970dc,27,พรรคประชาธิปัตย์,,#0066B3
f3249824-5d24-4a9c-9df9-d095142effc4,49,นาย,วุฒิไกร,ศรีจันไชย,นายวุฒิไกร ศรีจันไชย,,,0c044088-618b-49af-a291-fb28ffe9e0f8,11,พรรคเศรษฐกิจ,,#FFA000
06884e21-1e43-492a-9c76-5e98c9ed2b8d,50,นายหมวดตรี,พิชิตชัย,รัชตามพร,นายหมวดตรีพิชิตชัย รัชตามพร,,,0c044088-618b-49af-a291-fb28ffe9e0f8,11,พรรคเศรษฐกิจ,,#FFA000
0dc8e88b-aa5b-409e-9e97-b9ea197e857a,50,นาย,วรศักดิ์,ทองศิริ,นายวรศักดิ์ ทองศิริ,,,965b4b93-c01e-4a2b-a987-577f2b99ebb4,49,พรรคไทยก้าวใหม่,,#1E88E5
5acb07e0-e983-4e49-b75b-147ec5ca3475,50,นาย,ธีรวัตร์,ปัญญาณ์ธรรมกุล,นายธีรวัตร์ ปัญญาณ์ธรรมกุล,https://gbqmnnammihcoxshkdxd.supabase.co/storage/v1/object/public/partylist-photos/46/050.jpg,,1116011c-1ef3-4cca-a186-c1b9f7984ede,46,พรรคประชาชน,,#F57C00
6fa000a7-fbf8-4fdd-be41-e65d314b23a5,50,นาย,ฮานาพี,หมีนเส็น,นายฮานาพี หมีนเส็น,,,a62aca08-91b7-4f3f-ba8f-cb9e884a3799,42,พรรคกล้าธรรม,,#5D4037
7cb153e0-6620-44d1-9a7e-f2b77b8b53f9,50,นาง,วีณา,วีรอิสระกุล,นางวีณา วีรอิสระกุล,,,115da917-bf32-4e96-a2ae-b7818d0909ee,6,พรรครวมไทยสร้างชาติ,,#FF6D00
7cca5b39-691a-48bf-8dcf-c8d58989b220,50,นาย,จำลอง,ช่วยรอด,นายจำลอง ช่วยรอด,,,013c219e-e197-416d-84ea-00ba9c35465e,37,พรรคภูมิใจไทย,,#3949AB
96f860e9-ae7d-4c13-9627-ddacfdb7ab4f,50,นาย,รุจชรินทร์,ทองใหญ่,นายรุจชรินทร์ ทองใหญ่,https://gbqmnnammihcoxshkdxd.supabase.co/storage/v1/object/public/partylist-photos/27/050.jpg,,d7155f6d-736d-42c0-8bc0-00ee6e1970dc,27,พรรคประชาธิปัตย์,,#0066B3
a2d3a0d1-a4d8-446b-ae16-a144ae3a8b18,50,นางสาว,พิชญาณี,พรหมด้วง,นางสาวพิชญาณี พรหมด้วง,,,cb1b6cf2-41fa-49b1-a060-01acf13edc81,48,พรรคไทยสร้างไทย,,#00ACC1
b80a3005-3b14-4f48-897c-05fdb9332de5,50,นาย,ปุณยวัจน์,เหลืองวิจิตร,นายปุณยวัจน์ เหลืองวิจิตร,https://gbqmnnammihcoxshkdxd.supabase.co/storage/v1/object/public/partylist-photos/9/050.jpg,,2d8a1c84-0bc8-4377-965d-c020a0097c27,9,พรรคเพื่อไทย,,#E4002B
073bc694-0d3e-4a14-ae55-adc79e1cd29a,51,จ่าอากาศเอก,ศุภวัฒน์,เมธาวัชรินทร์,จ่าอากาศเอกศุภวัฒน์ เมธาวัชรินทร์,,,a62aca08-91b7-4f3f-ba8f-cb9e884a3799,42,พรรคกล้าธรรม,,#5D4037
1170c735-f341-475d-99d5-a510a2bd48d0,51,นางสาว,ณัฐกฤตา,วิบูลย์วุฒิวงศ์,นางสาวณัฐกฤตา วิบูลย์วุฒิวงศ์,,,013c219e-e197-416d-84ea-00ba9c35465e,37,พรรคภูมิใจไทย,,#3949AB
2eb63e26-4b03-43a5-bea5-17b2a19e57d2,51,นาย,วีระชัย,นพปราชญ์,นายวีระชัย นพปราชญ์,,,965b4b93-c01e-4a2b-a987-577f2b99ebb4,49,พรรคไทยก้าวใหม่,,#1E88E5
642a312c-322e-4b06-a4c2-e4c9c69a2511,51,นาย,ธิวัชร์,ดำแก้ว,นายธิวัชร์ ดำแก้ว,https://gbqmnnammihcoxshkdxd.supabase.co/storage/v1/object/public/partylist-photos/46/051.jpg,,1116011c-1ef3-4cca-a186-c1b9f7984ede,46,พรรคประชาชน,,#F57C00
6be289d0-f647-419d-a3a6-c3f4976aacdc,51,นาย,ณัฐกฤช,อยู่มั่นธรรมา,นายณัฐกฤช อยู่มั่นธรรมา,,,0c044088-618b-49af-a291-fb28ffe9e0f8,11,พรรคเศรษฐกิจ,,#FFA000
8079c9a3-182c-4593-91b1-34dc3a91a634,51,นาง,ขนิษฐา,นิภาเกษม,นางขนิษฐา นิภาเกษม,https://gbqmnnammihcoxshkdxd.supabase.co/storage/v1/object/public/partylist-photos/27/051.jpg,,d7155f6d-736d-42c0-8bc0-00ee6e1970dc,27,พรรคประชาธิปัตย์,,#0066B3
d9693af3-dd7a-4caa-9e13-b7c326f77744,51,นาย,ประเมศฐ์,พิชญ์พันธ์เดชา,นายประเมศฐ์ พิชญ์พันธ์เดชา,https://gbqmnnammihcoxshkdxd.supabase.co/storage/v1/object/public/partylist-photos/9/051.jpg,,2d8a1c84-0bc8-4377-965d-c020a0097c27,9,พรรคเพื่อไทย,,#E4002B
e24fc9d3-e728-4c56-8d22-0f466c6e95d1,51,นางสาว,นาตญา,สุวรรณ์ชาติ,นางสาวนาตญา สุวรรณ์ชาติ,,,cb1b6cf2-41fa-49b1-a060-01acf13edc81,48,พรรคไทยสร้างไทย,,#00ACC1
e98dbd44-b2c2-4a54-8a20-ef01ee690b31,51,นาย,เสกสรรค์,อุ่นอ่อน,นายเสกสรรค์ อุ่นอ่อน,,,115da917-bf32-4e96-a2ae-b7818d0909ee,6,พรรครวมไทยสร้างชาติ,,#FF6D00
1f43ae98-07f4-4fd9-af4c-3fff28bcc850,52,นาย,นราธร,สุขฉันทะ,นายนราธร สุขฉันทะ,,,965b4b93-c01e-4a2b-a987-577f2b99ebb4,49,พรรคไทยก้าวใหม่,,#1E88E5
2fe854e4-0ae5-4bea-8b71-c60eaf19eb46,52,นาย,สมฤกษ์,บัวใหญ่,นายสมฤกษ์ บัวใหญ่,,,013c219e-e197-416d-84ea-00ba9c35465e,37,พรรคภูมิใจไทย,,#3949AB
4be7ea2e-69ef-4e8f-8375-fc5bd6dc7e6a,52,นางสาว,จริยา,เสนพงศ์,นางสาวจริยา เสนพงศ์,https://gbqmnnammihcoxshkdxd.supabase.co/storage/v1/object/public/partylist-photos/46/052.jpg,,1116011c-1ef3-4cca-a186-c1b9f7984ede,46,พรรคประชาชน,,#F57C00
6d249aec-089a-46b3-aebf-4a1c6b4068f9,52,นาย,กฤช,เอื้อวงศ์,นายกฤช เอื้อวงศ์,https://gbqmnnammihcoxshkdxd.supabase.co/storage/v1/object/public/partylist-photos/9/052.jpg,,2d8a1c84-0bc8-4377-965d-c020a0097c27,9,พรรคเพื่อไทย,,#E4002B
99e1de63-743d-4351-8fc2-5fcf52d42900,52,นางสาว,พรลภัส,ตั้งจตุรงค์ไพศาล,นางสาวพรลภัส ตั้งจตุรงค์ไพศาล,,,0c044088-618b-49af-a291-fb28ffe9e0f8,11,พรรคเศรษฐกิจ,,#FFA000
a1c5075f-1db3-4ee7-a6a1-2062e504b471,52,นาย,สมศักดิ์,โมรีชาติ,นายสมศักดิ์ โมรีชาติ,https://gbqmnnammihcoxshkdxd.supabase.co/storage/v1/object/public/partylist-photos/27/052.jpg,,d7155f6d-736d-42c0-8bc0-00ee6e1970dc,27,พรรคประชาธิปัตย์,,#0066B3
a2e243bf-1b0b-4bb4-a747-40bc49a86c6c,52,นาย,สงกรานต์,สมัครเขตรการณ์,นายสงกรานต์ สมัครเขตรการณ์,,,115da917-bf32-4e96-a2ae-b7818d0909ee,6,พรรครวมไทยสร้างชาติ,,#FF6D00
a726c749-974c-4a80-9e2c-c91568afdeaf,52,นาย,ธีระพงษ์,ไชยรี,นายธีระพงษ์ ไชยรี,,,cb1b6cf2-41fa-49b1-a060-01acf13edc81,48,พรรคไทยสร้างไทย,,#00ACC1
d26722f2-f6c1-447c-b04a-7728a2d5f69f,52,นาย,ชินกร,ก้าววิทยาคม,นายชินกร ก้าววิทยาคม,,,a62aca08-91b7-4f3f-ba8f-cb9e884a3799,42,พรรคกล้าธรรม,,#5D4037
1717f9f0-9334-47d8-98b1-4ccb047401f8,53,นาง,ธัญญรัตน์,ไชย์ศิริคุณากร,นางธัญญรัตน์ ไชย์ศิริคุณากร,,,a62aca08-91b7-4f3f-ba8f-cb9e884a3799,42,พรรคกล้าธรรม,,#5D4037
40cb6a16-2592-4158-a4b5-01bb19574ebb,53,นาวาอากาศเอก (พิเศษ),ปริญ,ไชยเสวกวิ,นาวาอากาศเอก (พิเศษ)ปริญ ไชยเสวกวิ,,,0c044088-618b-49af-a291-fb28ffe9e0f8,11,พรรคเศรษฐกิจ,,#FFA000
628aa19f-5833-4517-bb33-547887aae04a,53,นาย,คุณปิณ,ติรณศักดิ์กุล,นายคุณปิณ ติรณศักดิ์กุล,https://gbqmnnammihcoxshkdxd.supabase.co/storage/v1/object/public/partylist-photos/9/053.jpg,,2d8a1c84-0bc8-4377-965d-c020a0097c27,9,พรรคเพื่อไทย,,#E4002B
740df7ba-b3f5-4cb4-98d7-a75178c2a6ec,53,นาย,ภูธเนศ,โพธิประสิทธิ์,นายภูธเนศ โพธิประสิทธิ์,,,cb1b6cf2-41fa-49b1-a060-01acf13edc81,48,พรรคไทยสร้างไทย,,#00ACC1
74291e17-b123-4156-a996-489bf1d12b59,53,นางสาว,ชมพูนุท,นาครทรรพ,นางสาวชมพูนุท นาครทรรพ,https://gbqmnnammihcoxshkdxd.supabase.co/storage/v1/object/public/partylist-photos/27/053.jpg,,d7155f6d-736d-42c0-8bc0-00ee6e1970dc,27,พรรคประชาธิปัตย์,,#0066B3
8bb9b686-abc9-4572-971d-a553bab8b205,53,นางสาว,ณัฐกฤตา,สุวรรณรัตน์,นางสาวณัฐกฤตา สุวรรณรัตน์,,,115da917-bf32-4e96-a2ae-b7818d0909ee,6,พรรครวมไทยสร้างชาติ,,#FF6D00
9f840468-6b5f-4470-9dc7-5abceeaef86a,53,นาย,อาทิตย์,ฉัตรชัยพลรัตน์,นายอาทิตย์ ฉัตรชัยพลรัตน์,,,013c219e-e197-416d-84ea-00ba9c35465e,37,พรรคภูมิใจไทย,,#3949AB
cf6d01dc-1d6d-4b8d-b066-41766429ccde,53,นาย,นิธิ,ละเอียดดี,นายนิธิ ละเอียดดี,https://gbqmnnammihcoxshkdxd.supabase.co/storage/v1/object/public/partylist-photos/46/053.jpg,,1116011c-1ef3-4cca-a186-c1b9f7984ede,46,พรรคประชาชน,,#F57C00
d109b06e-fd9f-4ae0-b593-04d3e0ce3fad,53,นาย,ธำรง,ลิ่มประสิทธิ์,นายธำรง ลิ่มประสิทธิ์,,,965b4b93-c01e-4a2b-a987-577f2b99ebb4,49,พรรคไทยก้าวใหม่,,#1E88E5
21acc6f4-e328-48bf-beb1-40e02ae65725,54,นาย,พีรัช,สงเคราะห์,นายพีรัช สงเคราะห์,https://gbqmnnammihcoxshkdxd.supabase.co/storage/v1/object/public/partylist-photos/46/054.jpg,,1116011c-1ef3-4cca-a186-c1b9f7984ede,46,พรรคประชาชน,,#F57C00
469b1bce-4f43-4723-831e-e00b4f52e405,54,นาย,วสวัตติ์,กลิ่นขจร,นายวสวัตติ์ กลิ่นขจร,,,115da917-bf32-4e96-a2ae-b7818d0909ee,6,พรรครวมไทยสร้างชาติ,,#FF6D00
509b6c6a-4179-4f92-8c17-cb8eaa97a45d,54,นางสาว,ณิชกานต์,สิงขจร,นางสาวณิชกานต์ สิงขจร,,,013c219e-e197-416d-84ea-00ba9c35465e,37,พรรคภูมิใจไทย,,#3949AB
593f2c69-25d4-46d1-895a-e1a0cf1d4c35,54,นาย,สมคิด,เชื้อคง,นายสมคิด เชื้อคง,https://gbqmnnammihcoxshkdxd.supabase.co/storage/v1/object/public/partylist-photos/9/054.jpg,,2d8a1c84-0bc8-4377-965d-c020a0097c27,9,พรรคเพื่อไทย,,#E4002B
7e988a7c-d9e4-4ac0-ab63-1862320ee2a9,54,นาย,ประชา,โพธิ์ศรี,นายประชา โพธิ์ศรี,,,0c044088-618b-49af-a291-fb28ffe9e0f8,11,พรรคเศรษฐกิจ,,#FFA000
89154d30-5c83-4de3-a851-7eed03e698d6,54,นาย,ดนุช,ตันเทอดทิตย์,นายดนุช ตันเทอดทิตย์,https://gbqmnnammihcoxshkdxd.supabase.co/storage/v1/object/public/partylist-photos/27/054.jpg,,d7155f6d-736d-42c0-8bc0-00ee6e1970dc,27,พรรคประชาธิปัตย์,,#0066B3
ac8f9f32-4efd-4286-bbe4-7745a20badd5,54,นาย,ประมวล,ตรีเดช,นายประมวล ตรีเดช,,,cb1b6cf2-41fa-49b1-a060-01acf13edc81,48,พรรคไทยสร้างไทย,,#00ACC1
c7524de1-93b6-42e3-ba09-fddf8e039ac1,54,นางสาว,ชานิสรา,ภูวิจิตร,นางสาวชานิสรา ภูวิจิตร,,,a62aca08-91b7-4f3f-ba8f-cb9e884a3799,42,พรรคกล้าธรรม,,#5D4037
d1503273-6f00-4df8-b5cb-ef0a498824e0,54,นาย,เนติ,เศรษฐเกียรติ,นายเนติ เศรษฐเกียรติ,,,965b4b93-c01e-4a2b-a987-577f2b99ebb4,49,พรรคไทยก้าวใหม่,,#1E88E5
275e5c9c-8c55-44d7-b4f2-5f143ac2e74d,55,นาย,พิทักษ์,เอียดแก้ว,นายพิทักษ์ เอียดแก้ว,,,0c044088-618b-49af-a291-fb28ffe9e0f8,11,พรรคเศรษฐกิจ,,#FFA000
2f93c75d-7751-499e-8414-486724436824,55,นาย,เจริญ,แซ่เต็ง,นายเจริญ แซ่เต็ง,,,a62aca08-91b7-4f3f-ba8f-cb9e884a3799,42,พรรคกล้าธรรม,,#5D4037
33aef603-cf10-41f9-8d68-58c0efc0e8d9,55,นาย,ประจวบ,รัตนพงษ์,นายประจวบ รัตนพงษ์,,,cb1b6cf2-41fa-49b1-a060-01acf13edc81,48,พรรคไทยสร้างไทย,,#00ACC1
364d2ed6-0ce5-47fc-aed4-51cc2aedb4c1,55,นาย,จรูญ,แสนพิมพ์,นายจรูญ แสนพิมพ์,https://gbqmnnammihcoxshkdxd.supabase.co/storage/v1/object/public/partylist-photos/9/055.jpg,,2d8a1c84-0bc8-4377-965d-c020a0097c27,9,พรรคเพื่อไทย,,#E4002B
38676cbb-3657-4778-81b4-a5d3f9d4b31c,55,นาย,ธนู,แนบเนียร,นายธนู แนบเนียร,https://gbqmnnammihcoxshkdxd.supabase.co/storage/v1/object/public/partylist-photos/46/055.jpg,,1116011c-1ef3-4cca-a186-c1b9f7984ede,46,พรรคประชาชน,,#F57C00
bbf1fd29-b278-46c6-a7ff-394079bde704,55,นาย,เนติธร,พรพิทักษ์สิทธิ์,นายเนติธร พรพิทักษ์สิทธิ์,,,965b4b93-c01e-4a2b-a987-577f2b99ebb4,49,พรรคไทยก้าวใหม่,,#1E88E5
d12e2780-8dfc-4353-bce8-705437d052c5,55,นาย,สัญญา,คงสมบัติ,นายสัญญา คงสมบัติ,,,013c219e-e197-416d-84ea-00ba9c35465e,37,พรรคภูมิใจไทย,,#3949AB
dda05da4-ffc7-4d52-9d26-c5b146a10921,55,นาย,วิวัฒน์,กิตติพรพานิช,นายวิวัฒน์ กิตติพรพานิช,https://gbqmnnammihcoxshkdxd.supabase.co/storage/v1/object/public/partylist-photos/27/055.jpg,,d7155f6d-736d-42c0-8bc0-00ee6e1970dc,27,พรรคประชาธิปัตย์,,#0066B3
eacb5d1c-9acc-4b1f-8b61-8fd51e3592b0,55,พันตำรวจเอก,สุรศักดิ์,เปลี่ยนขำ,พันตำรวจเอกสุรศักดิ์ เปลี่ยนขำ,,,115da917-bf32-4e96-a2ae-b7818d0909ee,6,พรรครวมไทยสร้างชาติ,,#FF6D00
1e4a3ea1-ee59-4fa7-805c-4e6f65650415,56,นาย,อรรถพล,ศรีชิษณุวรานนท์,นายอรรถพล ศรีชิษณุวรานนท์,https://gbqmnnammihcoxshkdxd.supabase.co/storage/v1/object/public/partylist-photos/46/056.jpg,,1116011c-1ef3-4cca-a186-c1b9f7984ede,46,พรรคประชาชน,,#F57C00
3b3b592a-91b4-4d5f-8bae-59208db9471e,56,นาย,พชร,สงประเสริฐ,นายพชร สงประเสริฐ,,,cb1b6cf2-41fa-49b1-a060-01acf13edc81,48,พรรคไทยสร้างไทย,,#00ACC1
54a6f891-d52f-4b10-9c32-3a9b8d4c6d2f,56,สิบตรี,สุพิน,บุญเลิศ,สิบตรีสุพิน บุญเลิศ,,,013c219e-e197-416d-84ea-00ba9c35465e,37,พรรคภูมิใจไทย,,#3949AB
695c9745-d556-45e4-b356-562fcbee4f23,56,นาง,สุภาภรณ์,คงวุฒิปัญญา,นางสุภาภรณ์ คงวุฒิปัญญา,https://gbqmnnammihcoxshkdxd.supabase.co/storage/v1/object/public/partylist-photos/9/056.jpg,,2d8a1c84-0bc8-4377-965d-c020a0097c27,9,พรรคเพื่อไทย,,#E4002B
c31c7ef4-ecb7-4d5c-91e7-239000b0dc50,56,นาย,สาละวิน,อุทรักษ์,นายสาละวิน อุทรักษ์,,,0c044088-618b-49af-a291-fb28ffe9e0f8,11,พรรคเศรษฐกิจ,,#FFA000
c6f1a2ae-fb7e-44f6-b222-e3888807e169,56,นาย,สุขสวัสดิ์,เสมอมาศ,นายสุขสวัสดิ์ เสมอมาศ,,,115da917-bf32-4e96-a2ae-b7818d0909ee,6,พรรครวมไทยสร้างชาติ,,#FF6D00
d0b9d8ea-49cf-46de-aea0-a9f427d99a05,56,นาย,องค์กร,อมรสิรินันท์,นายองค์กร อมรสิรินันท์,,,a62aca08-91b7-4f3f-ba8f-cb9e884a3799,42,พรรคกล้าธรรม,,#5D4037
f395ea10-efd1-43c4-991c-14f0296c61ff,56,นาย,ปิติ,จันทรุไทย,นายปิติ จันทรุไทย,,,965b4b93-c01e-4a2b-a987-577f2b99ebb4,49,พรรคไทยก้าวใหม่,,#1E88E5
fa419ec7-ef52-4458-bafb-d748d733cfda,56,พลเอก,บุญเลิศ,แก้วประสิทธิ์,พลเอกบุญเลิศ แก้วประสิทธิ์,https://gbqmnnammihcoxshkdxd.supabase.co/storage/v1/object/public/partylist-photos/27/056.jpg,,d7155f6d-736d-42c0-8bc0-00ee6e1970dc,27,พรรคประชาธิปัตย์,,#0066B3
03626853-1176-4608-aa7c-ed48932f5a07,57,นาง,กษมา,จิรภัคเสถียร,นางกษมา จิรภัคเสถียร,,,013c219e-e197-416d-84ea-00ba9c35465e,37,พรรคภูมิใจไทย,,#3949AB
131dae80-b396-4bfc-82b7-acbd7036e519,57,นาง,ญาณิกา,เทียนทอง,นางญาณิกา เทียนทอง,https://gbqmnnammihcoxshkdxd.supabase.co/storage/v1/object/public/partylist-photos/9/057.jpg,,2d8a1c84-0bc8-4377-965d-c020a0097c27,9,พรรคเพื่อไทย,,#E4002B
571b6c0d-d11d-4258-b1fd-2c1b1194d7e7,57,นาย,ปิยวัฒน์,บุญมา,นายปิยวัฒน์ บุญมา,,,115da917-bf32-4e96-a2ae-b7818d0909ee,6,พรรครวมไทยสร้างชาติ,,#FF6D00
6f7d24d3-cadf-4cfb-890f-f7811d2becb3,57,นาย,ประเสริฐ,เมืองแก้ว,นายประเสริฐ เมืองแก้ว,,,965b4b93-c01e-4a2b-a987-577f2b99ebb4,49,พรรคไทยก้าวใหม่,,#1E88E5
6fc403fc-321e-4ea1-aead-0fe5b2bd8235,57,นาย,วัลลภ,ตรีฤกษ์งาม,นายวัลลภ ตรีฤกษ์งาม,https://gbqmnnammihcoxshkdxd.supabase.co/storage/v1/object/public/partylist-photos/46/057.jpg,,1116011c-1ef3-4cca-a186-c1b9f7984ede,46,พรรคประชาชน,,#F57C00
954359cf-15ba-4a62-b7ad-c55c82d48e87,57,นางสาว,สุพัชรี,สุปริยกุล,นางสาวสุพัชรี สุปริยกุล,,,cb1b6cf2-41fa-49b1-a060-01acf13edc81,48,พรรคไทยสร้างไทย,,#00ACC1
afcbccbc-a71f-4dbb-9734-ac277001dc01,57,นาย,อาลี,คาน,นายอาลี คาน,,,a62aca08-91b7-4f3f-ba8f-cb9e884a3799,42,พรรคกล้าธรรม,,#5D4037
bf27b14f-3a32-491c-ab85-d555a564d439,57,นาย,จักรกฤษณ์,ยั่งยืน,นายจักรกฤษณ์ ยั่งยืน,,,0c044088-618b-49af-a291-fb28ffe9e0f8,11,พรรคเศรษฐกิจ,,#FFA000
ff9ad180-7684-469b-841a-8d24987f8f0a,57,นาย,ณัฐวุฒิ,ภารพบ,นายณัฐวุฒิ ภารพบ,https://gbqmnnammihcoxshkdxd.supabase.co/storage/v1/object/public/partylist-photos/27/057.jpg,,d7155f6d-736d-42c0-8bc0-00ee6e1970dc,27,พรรคประชาธิปัตย์,,#0066B3
00fea53a-d946-441e-a2f1-1471aa399c4e,58,นาง,ชัญญาภัค,แจ่มจำรัส,นางชัญญาภัค แจ่มจำรัส,,,965b4b93-c01e-4a2b-a987-577f2b99ebb4,49,พรรคไทยก้าวใหม่,,#1E88E5
18809edb-18b7-4d3b-912a-8c2d9f28b61e,58,นาย,พิพัฒน์ชัย,ภัครัชตานนท์,นายพิพัฒน์ชัย ภัครัชตานนท์,,,013c219e-e197-416d-84ea-00ba9c35465e,37,พรรคภูมิใจไทย,,#3949AB
228924ed-ff91-4aaa-8ffd-9955304516ba,58,นาย,ศุภณัฐ,วุฒิพันธ์,นายศุภณัฐ วุฒิพันธ์,,,0c044088-618b-49af-a291-fb28ffe9e0f8,11,พรรคเศรษฐกิจ,,#FFA000
2d016c6c-beaa-47a6-b1a2-f33c4e3f0a3d,58,นาย,สีหศักดิ์,อดุลย์วิโรจน์,นายสีหศักดิ์ อดุลย์วิโรจน์,,,115da917-bf32-4e96-a2ae-b7818d0909ee,6,พรรครวมไทยสร้างชาติ,,#FF6D00
3e8d49f0-dead-412e-8bf7-ec1062c38aa0,58,นาย,ถาวร,วงศ์ชนะ,นายถาวร วงศ์ชนะ,,,cb1b6cf2-41fa-49b1-a060-01acf13edc81,48,พรรคไทยสร้างไทย,,#00ACC1
68296f1f-9c46-4610-980c-cceeb3927448,58,นาย,ณณัฏฐ์,หงษ์ชูเวช,นายณณัฏฐ์ หงษ์ชูเวช,https://gbqmnnammihcoxshkdxd.supabase.co/storage/v1/object/public/partylist-photos/9/058.jpg,,2d8a1c84-0bc8-4377-965d-c020a0097c27,9,พรรคเพื่อไทย,,#E4002B
7dff6be9-5326-4aff-ae24-d16cb3c5565c,58,นาย,มูฮัมมัดรอซาร์กี,แวบือซา,นายมูฮัมมัดรอซาร์กี แวบือซา,,,a62aca08-91b7-4f3f-ba8f-cb9e884a3799,42,พรรคกล้าธรรม,,#5D4037
b81daec4-f7f1-441d-b836-7903575e3f05,58,นาย,ภูริทัต,รัตนพาหุ,นายภูริทัต รัตนพาหุ,https://gbqmnnammihcoxshkdxd.supabase.co/storage/v1/object/public/partylist-photos/27/058.jpg,,d7155f6d-736d-42c0-8bc0-00ee6e1970dc,27,พรรคประชาธิปัตย์,,#0066B3
c08fb385-ecad-4163-b605-29157b9a737e,58,นาย,รักชาติ,สุวรรณ์,นายรักชาติ สุวรรณ์,https://gbqmnnammihcoxshkdxd.supabase.co/storage/v1/object/public/partylist-photos/46/058.jpg,,1116011c-1ef3-4cca-a186-c1b9f7984ede,46,พรรคประชาชน,,#F57C00
01b15ff8-14da-42b7-8807-ecf3e849d1ea,59,นาย,อลงกรณ์,คงฉาง,นายอลงกรณ์ คงฉาง,,,cb1b6cf2-41fa-49b1-a060-01acf13edc81,48,พรรคไทยสร้างไทย,,#00ACC1
16798f88-7c20-4ed2-95f8-c94a63419d67,59,นาย,ณัฐพงษ์,เนียมสม,นายณัฐพงษ์ เนียมสม,,,a62aca08-91b7-4f3f-ba8f-cb9e884a3799,42,พรรคกล้าธรรม,,#5D4037
3f4c9281-9a96-4eaa-869c-639aff06da74,59,นาย,สมัครสุนทรเวทย์,ปรีชาชัยวัฒน์,นายสมัครสุนทรเวทย์ ปรีชาชัยวัฒน์,,,965b4b93-c01e-4a2b-a987-577f2b99ebb4,49,พรรคไทยก้าวใหม่,,#1E88E5
5ebc2aad-0ea9-4d08-a5f0-7c72632490aa,59,นาย,กฤษณทัสค์,ทำไหมธาราสีห์,นายกฤษณทัสค์ ทำไหมธาราสีห์,,,0c044088-618b-49af-a291-fb28ffe9e0f8,11,พรรคเศรษฐกิจ,,#FFA000
78f64825-f8fd-4804-897d-c751d4ab091d,59,นาย,นิคม,ฤทธิ์ศรีบุญ,นายนิคม ฤทธิ์ศรีบุญ,,,115da917-bf32-4e96-a2ae-b7818d0909ee,6,พรรครวมไทยสร้างชาติ,,#FF6D00
8c857176-dfba-4196-96fc-c82112079154,59,พลตำรวจตรี,ธรรมนูญ,มั่นคง,พลตำรวจตรีธรรมนูญ มั่นคง,https://gbqmnnammihcoxshkdxd.supabase.co/storage/v1/object/public/partylist-photos/9/059.jpg,,2d8a1c84-0bc8-4377-965d-c020a0097c27,9,พรรคเพื่อไทย,,#E4002B
a90c309a-7f81-4acb-9dfb-cfc5410faf42,59,นาย,ชูเกียรติ,น้ำเงิน,นายชูเกียรติ น้ำเงิน,,,013c219e-e197-416d-84ea-00ba9c35465e,37,พรรคภูมิใจไทย,,#3949AB
b2ff2912-3571-4980-bd7e-81b66e7e1212,59,นาย,ปรเมศวร์,ศิริรัตน์,นายปรเมศวร์ ศิริรัตน์,https://gbqmnnammihcoxshkdxd.supabase.co/storage/v1/object/public/partylist-photos/46/059.jpg,,1116011c-1ef3-4cca-a186-c1b9f7984ede,46,พรรคประชาชน,,#F57C00
e302d544-3319-4203-95c0-4d902e118bfb,59,นางสาว,กุลชยา,เต็มชวาลา,นางสาวกุลชยา เต็มชวาลา,https://gbqmnnammihcoxshkdxd.supabase.co/storage/v1/object/public/partylist-photos/27/059.jpg,,d7155f6d-736d-42c0-8bc0-00ee6e1970dc,27,พรรคประชาธิปัตย์,,#0066B3
04033ad8-26e5-490b-9611-086d286744c8,60,นาย,วิชิต,เมธาอนันต์กุล,นายวิชิต เมธาอนันต์กุล,https://gbqmnnammihcoxshkdxd.supabase.co/storage/v1/object/public/partylist-photos/46/060.jpg,,1116011c-1ef3-4cca-a186-c1b9f7984ede,46,พรรคประชาชน,,#F57C00
3633f5de-b158-4dca-8fee-389b9e711e98,60,นาย,ศราวุธ,นาควิทยานนท์,นายศราวุธ นาควิทยานนท์,,,965b4b93-c01e-4a2b-a987-577f2b99ebb4,49,พรรคไทยก้าวใหม่,,#1E88E5
a0294e31-5c34-4bf7-b7c4-2ca5d06e614c,60,นางสาว,เปี่ยมสุข,เมนะเศวต,นางสาวเปี่ยมสุข เมนะเศวต,https://gbqmnnammihcoxshkdxd.supabase.co/storage/v1/object/public/partylist-photos/27/060.jpg,,d7155f6d-736d-42c0-8bc0-00ee6e1970dc,27,พรรคประชาธิปัตย์,,#0066B3
aa4952f7-419c-4ffa-b22b-b79edafcd325,60,นาย,ตติยภัทร์,ปิติเศรษฐพันธุ์,นายตติยภัทร์ ปิติเศรษฐพันธุ์,https://gbqmnnammihcoxshkdxd.supabase.co/storage/v1/object/public/partylist-photos/9/060.jpg,,2d8a1c84-0bc8-4377-965d-c020a0097c27,9,พรรคเพื่อไทย,,#E4002B
b26db49a-e204-4764-bb5b-c706efb0589b,60,นาย,นาวิน,สังฆมาตร,นายนาวิน สังฆมาตร,,,013c219e-e197-416d-84ea-00ba9c35465e,37,พรรคภูมิใจไทย,,#3949AB
be066f12-95b4-4ff4-8297-762d1a14f301,60,นาง,สุวภัทร์,เหมโกทวีทรัพย์,นางสุวภัทร์ เหมโกทวีทรัพย์,,,cb1b6cf2-41fa-49b1-a060-01acf13edc81,48,พรรคไทยสร้างไทย,,#00ACC1
c60e4ef2-b290-480f-93d2-5298d6f41fa4,60,นาย,ธนารัชต์,สมคเณ,นายธนารัชต์ สมคเณ,,,0c044088-618b-49af-a291-fb28ffe9e0f8,11,พรรคเศรษฐกิจ,,#FFA000
ec49cdcc-ac6a-4bbc-be00-f70eeee2918b,60,นาย,โปรย,สมบัติ,นายโปรย สมบัติ,,,115da917-bf32-4e96-a2ae-b7818d0909ee,6,พรรครวมไทยสร้างชาติ,,#FF6D00
fb520b6f-ac50-491d-8da7-2735ec1321a5,60,นาย,รอเซ็ด,เบ็นแหละแหนะ,นายรอเซ็ด เบ็นแหละแหนะ,,,a62aca08-91b7-4f3f-ba8f-cb9e884a3799,42,พรรคกล้าธรรม,,#5D4037
003c0423-5a43-4851-bed7-05de4dbec105,61,นาย,มูหามัดรอซากี,เจ๊ะอุเซ็ง,นายมูหามัดรอซากี เจ๊ะอุเซ็ง,,,a62aca08-91b7-4f3f-ba8f-cb9e884a3799,42,พรรคกล้าธรรม,,#5D4037
35e0d3fb-8bd4-4446-a5d3-78f7b011c095,61,นาย,สุรศักดิ์,เลิศรุจิกุล,นายสุรศักดิ์ เลิศรุจิกุล,,,013c219e-e197-416d-84ea-00ba9c35465e,37,พรรคภูมิใจไทย,,#3949AB
39abeecf-b44b-4a7e-bacc-83ba2a9598d3,61,นาย,ธนบดี,บุญเกษมสมบัติ,นายธนบดี บุญเกษมสมบัติ,,,cb1b6cf2-41fa-49b1-a060-01acf13edc81,48,พรรคไทยสร้างไทย,,#00ACC1
62b10b97-8a0a-4c8f-a4b7-d2139d5e369a,61,นาย,ถนัด,ธรรมแก้ว,นายถนัด ธรรมแก้ว,https://gbqmnnammihcoxshkdxd.supabase.co/storage/v1/object/public/partylist-photos/46/061.jpg,,1116011c-1ef3-4cca-a186-c1b9f7984ede,46,พรรคประชาชน,,#F57C00
8ca8230a-abe3-410c-8a4f-447d23795b92,61,นาย,อัศวิน,นิลเต่า,นายอัศวิน นิลเต่า,,,115da917-bf32-4e96-a2ae-b7818d0909ee,6,พรรครวมไทยสร้างชาติ,,#FF6D00
93f0d4e5-faec-46b4-b8a0-3769c2be87e2,61,นาย,สมนึก,สุชัยธนาวนิช,นายสมนึก สุชัยธนาวนิช,,,0c044088-618b-49af-a291-fb28ffe9e0f8,11,พรรคเศรษฐกิจ,,#FFA000
b4c7a2dc-f22c-4d45-89ee-fd76fb205747,61,นาย,รวีภัทร์,จิรศักดิ์วัฒนา,นายรวีภัทร์ จิรศักดิ์วัฒนา,https://gbqmnnammihcoxshkdxd.supabase.co/storage/v1/object/public/partylist-photos/9/061.jpg,,2d8a1c84-0bc8-4377-965d-c020a0097c27,9,พรรคเพื่อไทย,,#E4002B
f12dc350-f121-4751-b36c-fb02dd534184,61,พันตำรวจเอก,รัฐศักดิ์,รักสลาม,พันตำรวจเอกรัฐศักดิ์ รักสลาม,https://gbqmnnammihcoxshkdxd.supabase.co/storage/v1/object/public/partylist-photos/27/061.jpg,,d7155f6d-736d-42c0-8bc0-00ee6e1970dc,27,พรรคประชาธิปัตย์,,#0066B3
0859848e-5bb2-44a0-a9da-18c86a2d0ac1,62,นางสาว,มุกรวี,บุญงาม,นางสาวมุกรวี บุญงาม,,,cb1b6cf2-41fa-49b1-a060-01acf13edc81,48,พรรคไทยสร้างไทย,,#00ACC1
16ee614b-18ca-45d7-8ea6-8b370e201966,62,นาย,ประกาสิต,เลิศมุกดา,นายประกาสิต เลิศมุกดา,,,0c044088-618b-49af-a291-fb28ffe9e0f8,11,พรรคเศรษฐกิจ,,#FFA000
466cf99a-4310-4518-ad6e-7247fc9bcfbe,62,นาย,อนันต์,จินะกาศ,นายอนันต์ จินะกาศ,,,115da917-bf32-4e96-a2ae-b7818d0909ee,6,พรรครวมไทยสร้างชาติ,,#FF6D00
5c21b4cd-29d2-4d5b-a6dd-2d9b2265d450,62,นาง,นฤมล,รัตนาภิบาล,นางนฤมล รัตนาภิบาล,https://gbqmnnammihcoxshkdxd.supabase.co/storage/v1/object/public/partylist-photos/27/062.jpg,,d7155f6d-736d-42c0-8bc0-00ee6e1970dc,27,พรรคประชาธิปัตย์,,#0066B3
6b2b1e36-395b-499e-afba-7e5ba628bb5c,62,นาย,เมธาพัฒน์,ศรีมนัส,นายเมธาพัฒน์ ศรีมนัส,https://gbqmnnammihcoxshkdxd.supabase.co/storage/v1/object/public/partylist-photos/9/062.jpg,,2d8a1c84-0bc8-4377-965d-c020a0097c27,9,พรรคเพื่อไทย,,#E4002B
6c66d637-8207-4fd9-9f4c-6b2e545b1875,62,นาย,เชิง,รักหาญ,นายเชิง รักหาญ,,,013c219e-e197-416d-84ea-00ba9c35465e,37,พรรคภูมิใจไทย,,#3949AB
8b756947-ecb8-4ba7-8dc4-10c60da86c5e,62,นาง,ฐิติยาภรณ์,ศุภรัตนสิทธิ,นางฐิติยาภรณ์ ศุภรัตนสิทธิ,https://gbqmnnammihcoxshkdxd.supabase.co/storage/v1/object/public/partylist-photos/46/062.jpg,,1116011c-1ef3-4cca-a186-c1b9f7984ede,46,พรรคประชาชน,,#F57C00
c24ef277-43d3-4b6a-890a-2133d2c96004,62,นาย,ไชยามพวาน,มั่นเพียรจิตต์,นายไชยามพวาน มั่นเพียรจิตต์,,,a62aca08-91b7-4f3f-ba8f-cb9e884a3799,42,พรรคกล้าธรรม,,#5D4037
0a6c27e9-5c5e-46d1-beae-1902dfdf5cda,63,นางสาว,ศณิศา,จิรเสวีนุประพันธ์,นางสาวศณิศา จิรเสวีนุประพันธ์,https://gbqmnnammihcoxshkdxd.supabase.co/storage/v1/object/public/partylist-photos/27/063.jpg,,d7155f6d-736d-42c0-8bc0-00ee6e1970dc,27,พรรคประชาธิปัตย์,,#0066B3
39232203-3585-4cb5-9022-69c7d4044265,63,นาย,จาตุรนต์,นกขมิ้น,นายจาตุรนต์ นกขมิ้น,https://gbqmnnammihcoxshkdxd.supabase.co/storage/v1/object/public/partylist-photos/9/063.jpg,,2d8a1c84-0bc8-4377-965d-c020a0097c27,9,พรรคเพื่อไทย,,#E4002B
5c37afc0-9eec-438c-a784-944d1a73b6e6,63,นาย,วิจักขณ์ฤทธิ์,จิวจินดา,นายวิจักขณ์ฤทธิ์ จิวจินดา,https://gbqmnnammihcoxshkdxd.supabase.co/storage/v1/object/public/partylist-photos/46/063.jpg,,1116011c-1ef3-4cca-a186-c1b9f7984ede,46,พรรคประชาชน,,#F57C00
8b227c8c-d06a-4b8e-b931-d55f0bdefdc8,63,นาย,โชคภิวัสร์,เลิศสุรสีห์,นายโชคภิวัสร์ เลิศสุรสีห์,,,a62aca08-91b7-4f3f-ba8f-cb9e884a3799,42,พรรคกล้าธรรม,,#5D4037
99eccca6-6bdb-472d-a49d-3384ea87ec04,63,นาย,ธเนศพล,อินทร์จันทร์,นายธเนศพล อินทร์จันทร์,,,cb1b6cf2-41fa-49b1-a060-01acf13edc81,48,พรรคไทยสร้างไทย,,#00ACC1
b936c4d5-403d-41ec-96e7-7b8d951ba511,63,นาย,วิเชษฐ์,ชูชื่น,นายวิเชษฐ์ ชูชื่น,,,115da917-bf32-4e96-a2ae-b7818d0909ee,6,พรรครวมไทยสร้างชาติ,,#FF6D00
e13acd47-6beb-4b5d-8a0e-42523edcf13e,63,นาย,ธนโชติ,แสงวิมาน,นายธนโชติ แสงวิมาน,,,0c044088-618b-49af-a291-fb28ffe9e0f8,11,พรรคเศรษฐกิจ,,#FFA000
f2b0220b-5453-4acc-af32-00b12c19bcfe,63,นาย,วีระยุทธ,งามจิตร,นายวีระยุทธ งามจิตร,,,013c219e-e197-416d-84ea-00ba9c35465e,37,พรรคภูมิใจไทย,,#3949AB
1d0e3168-f175-4f6a-b8a3-a0f87086e77d,64,นาย,อัศวิน,สุทธิวิเชียรโชติ,นายอัศวิน สุทธิวิเชียรโชติ,https://gbqmnnammihcoxshkdxd.supabase.co/storage/v1/object/public/partylist-photos/46/064.jpg,,1116011c-1ef3-4cca-a186-c1b9f7984ede,46,พรรคประชาชน,,#F57C00
262122cf-9fa0-45f9-8969-20b76593c82d,64,นาย,วิชิต,กลิ่นทอง,นายวิชิต กลิ่นทอง,https://gbqmnnammihcoxshkdxd.supabase.co/storage/v1/object/public/partylist-photos/27/064.jpg,,d7155f6d-736d-42c0-8bc0-00ee6e1970dc,27,พรรคประชาธิปัตย์,,#0066B3
afa69a61-ffa1-4ea5-9ecf-8c6856d065f1,64,นาย,เกชา,ศักดิ์สมบูรณ์,นายเกชา ศักดิ์สมบูรณ์,https://gbqmnnammihcoxshkdxd.supabase.co/storage/v1/object/public/partylist-photos/9/064.jpg,,2d8a1c84-0bc8-4377-965d-c020a0097c27,9,พรรคเพื่อไทย,,#E4002B
bb6df986-a089-4a43-8a53-dff784601095,64,นาย,ชำนาญ,เหล่าทอง,นายชำนาญ เหล่าทอง,,,a62aca08-91b7-4f3f-ba8f-cb9e884a3799,42,พรรคกล้าธรรม,,#5D4037
c653e048-e3bf-4b69-af3d-6448d3bbca15,64,นางสาว,วาเลน,ชื่นโชคสันต์,นางสาววาเลน ชื่นโชคสันต์,,,115da917-bf32-4e96-a2ae-b7818d0909ee,6,พรรครวมไทยสร้างชาติ,,#FF6D00
c76885ca-a348-4432-9b0e-0258b1ae8367,64,นาย,จักรวัฒน์,ฐิติพิทยา,นายจักรวัฒน์ ฐิติพิทยา,,,013c219e-e197-416d-84ea-00ba9c35465e,37,พรรคภูมิใจไทย,,#3949AB
e437cc57-971d-493b-858b-3f83d41d08cb,64,จ่าสิบเอก,ทัดเทียม,เพ็ชรศรี,จ่าสิบเอกทัดเทียม เพ็ชรศรี,,,cb1b6cf2-41fa-49b1-a060-01acf13edc81,48,พรรคไทยสร้างไทย,,#00ACC1
16f36d1b-b692-4eb5-8710-9168ef51564f,65,นาย,สิทธิชัย,จรานุพันธ์,นายสิทธิชัย จรานุพันธ์,https://gbqmnnammihcoxshkdxd.supabase.co/storage/v1/object/public/partylist-photos/27/065.jpg,,d7155f6d-736d-42c0-8bc0-00ee6e1970dc,27,พรรคประชาธิปัตย์,,#0066B3
3f73ac01-93ba-4bb3-adc3-da200a7071c4,65,นาย,ฉัตริน,จันทร์หอม,นายฉัตริน จันทร์หอม,https://gbqmnnammihcoxshkdxd.supabase.co/storage/v1/object/public/partylist-photos/9/065.jpg,,2d8a1c84-0bc8-4377-965d-c020a0097c27,9,พรรคเพื่อไทย,,#E4002B
5903f9ad-9d3b-4416-8dd1-5640337d57cb,65,นาย,ทินพัฒน์,เรืองฤทธิ์,นายทินพัฒน์ เรืองฤทธิ์,,,a62aca08-91b7-4f3f-ba8f-cb9e884a3799,42,พรรคกล้าธรรม,,#5D4037
7b011cd2-da51-4176-84f3-2ef77ad98f7d,65,นางสาว,กนิษฐรินทร์,พัชรภักดีโชติ,นางสาวกนิษฐรินทร์ พัชรภักดีโชติ,,,115da917-bf32-4e96-a2ae-b7818d0909ee,6,พรรครวมไทยสร้างชาติ,,#FF6D00
7f0855f0-463e-46ca-9e3d-8e2e2956017d,65,นาย,คณาสิต,พ่วงอำไพ,นายคณาสิต พ่วงอำไพ,https://gbqmnnammihcoxshkdxd.supabase.co/storage/v1/object/public/partylist-photos/46/065.jpg,,1116011c-1ef3-4cca-a186-c1b9f7984ede,46,พรรคประชาชน,,#F57C00
a1e8b224-872e-47fb-a61b-1a1f7410e942,65,นาย,ราเชนทร์,มาลัยวงศ์,นายราเชนทร์ มาลัยวงศ์,,,013c219e-e197-416d-84ea-00ba9c35465e,37,พรรคภูมิใจไทย,,#3949AB
e33b1767-a504-426e-be8f-9b1ebbf180b5,65,นาย,พิเชฐ,สุดเดือน,นายพิเชฐ สุดเดือน,,,cb1b6cf2-41fa-49b1-a060-01acf13edc81,48,พรรคไทยสร้างไทย,,#00ACC1
581a6440-0c72-400c-93da-b1c2da3d98e3,66,นาย,ธนประเสริฐ,จันทรักษรังษี,นายธนประเสริฐ จันทรักษรังษี,https://gbqmnnammihcoxshkdxd.supabase.co/storage/v1/object/public/partylist-photos/9/066.jpg,,2d8a1c84-0bc8-4377-965d-c020a0097c27,9,พรรคเพื่อไทย,,#E4002B
8b5f4fd1-b4cf-4f81-8286-bd3d9017fe23,66,นาย,ปรีชา,วรกุล,นายปรีชา วรกุล,,,a62aca08-91b7-4f3f-ba8f-cb9e884a3799,42,พรรคกล้าธรรม,,#5D4037
a10a79a7-37c0-41c5-8f93-82331d12de08,66,นาย,ขจรศักดิ์,สีทองหลาง,นายขจรศักดิ์ สีทองหลาง,,,013c219e-e197-416d-84ea-00ba9c35465e,37,พรรคภูมิใจไทย,,#3949AB
abf0ab0f-46b8-408b-a06c-a141c926f61a,66,นาย,รัตนพล,วงศ์เทวราช,นายรัตนพล วงศ์เทวราช,,,cb1b6cf2-41fa-49b1-a060-01acf13edc81,48,พรรคไทยสร้างไทย,,#00ACC1
b1c4247a-6df4-45cd-8c31-2b379881f222,66,นาง,สุรภา,ประยงค์ระวิกูล,นางสุรภา ประยงค์ระวิกูล,https://gbqmnnammihcoxshkdxd.supabase.co/storage/v1/object/public/partylist-photos/27/066.jpg,,d7155f6d-736d-42c0-8bc0-00ee6e1970dc,27,พรรคประชาธิปัตย์,,#0066B3
c81c5d5a-82de-4b71-b32d-6d68f0aee49b,66,นาย,นรเกติ,ยองประยูร,นายนรเกติ ยองประยูร,,,115da917-bf32-4e96-a2ae-b7818d0909ee,6,พรรครวมไทยสร้างชาติ,,#FF6D00
fffb587d-4dea-431d-aa66-58ce54a88a49,66,นาย,ศุภลักษณ์,บำรุงกิจ,นายศุภลักษณ์ บำรุงกิจ,https://gbqmnnammihcoxshkdxd.supabase.co/storage/v1/object/public/partylist-photos/46/066.jpg,,1116011c-1ef3-4cca-a186-c1b9f7984ede,46,พรรคประชาชน,,#F57C00
4f6d066c-4a07-405a-b6e5-054bc99fa1e2,67,นางสาว,พัฒน์นรี,ชัยอารีย์กิจ,นางสาวพัฒน์นรี ชัยอารีย์กิจ,,,115da917-bf32-4e96-a2ae-b7818d0909ee,6,พรรครวมไทยสร้างชาติ,,#FF6D00
88d77539-23da-4890-b661-1ae4079f9457,67,นาย,พัลลภ,เสนาดี,นายพัลลภ เสนาดี,,,cb1b6cf2-41fa-49b1-a060-01acf13edc81,48,พรรคไทยสร้างไทย,,#00ACC1
a5203c21-bc10-49f2-8c8a-d122207a9dd1,67,นาย,วัชรางกูร,แสนเสริม,นายวัชรางกูร แสนเสริม,,,a62aca08-91b7-4f3f-ba8f-cb9e884a3799,42,พรรคกล้าธรรม,,#5D4037
b6e43529-7add-4efe-acf8-b5e2bf7d25cb,67,นาย,ปรินทร์,จิระภัทรศิลป,นายปรินทร์ จิระภัทรศิลป,https://gbqmnnammihcoxshkdxd.supabase.co/storage/v1/object/public/partylist-photos/46/067.jpg,,1116011c-1ef3-4cca-a186-c1b9f7984ede,46,พรรคประชาชน,,#F57C00
c86a4644-f89c-4087-a810-96f1c7cbb8b9,67,นาย,บุญอยู่,รอดพะดี,นายบุญอยู่ รอดพะดี,,,013c219e-e197-416d-84ea-00ba9c35465e,37,พรรคภูมิใจไทย,,#3949AB
de743b17-bbb2-4f79-84f9-241c7343e6b1,67,นาย,ธิติวัฐ,อดิศรพันธ์กุล,นายธิติวัฐ อดิศรพันธ์กุล,https://gbqmnnammihcoxshkdxd.supabase.co/storage/v1/object/public/partylist-photos/9/067.jpg,,2d8a1c84-0bc8-4377-965d-c020a0097c27,9,พรรคเพื่อไทย,,#E4002B
f8fc5793-6eb8-413f-bafc-15172796d987,67,พันเอก,ธนิต,พฤกษ์พนาเวศ,พันเอกธนิต พฤกษ์พนาเวศ,https://gbqmnnammihcoxshkdxd.supabase.co/storage/v1/object/public/partylist-photos/27/067.jpg,,d7155f6d-736d-42c0-8bc0-00ee6e1970dc,27,พรรคประชาธิปัตย์,,#0066B3
2b17a0cd-5c36-48ca-bb77-6506aef06227,68,นาย,ทวีพล,ตั้งใจรักการดี,นายทวีพล ตั้งใจรักการดี,https://gbqmnnammihcoxshkdxd.supabase.co/storage/v1/object/public/partylist-photos/46/068.jpg,,1116011c-1ef3-4cca-a186-c1b9f7984ede,46,พรรคประชาชน,,#F57C00
32269dcc-50cf-467d-af89-16bc6233853a,68,นาย,ชัชชัย,เศรษฐีพันล้าน,นายชัชชัย เศรษฐีพันล้าน,,,cb1b6cf2-41fa-49b1-a060-01acf13edc81,48,พรรคไทยสร้างไทย,,#00ACC1
52653bd1-4b5e-430a-97f4-96b623339084,68,นาย,จิรัฏฐ์,ชัยอารีย์กิจ,นายจิรัฏฐ์ ชัยอารีย์กิจ,,,115da917-bf32-4e96-a2ae-b7818d0909ee,6,พรรครวมไทยสร้างชาติ,,#FF6D00
a16cef52-6a4e-421b-bb32-5072b4eaf769,68,นางสาว,นภาดา,เพ็ชร์จินดา,นางสาวนภาดา เพ็ชร์จินดา,https://gbqmnnammihcoxshkdxd.supabase.co/storage/v1/object/public/partylist-photos/9/068.jpg,,2d8a1c84-0bc8-4377-965d-c020a0097c27,9,พรรคเพื่อไทย,,#E4002B
aabe6b8c-9bef-404b-822d-9812b46457c7,68,นาย,วันชนะ,แถมยิ้ม,นายวันชนะ แถมยิ้ม,,,013c219e-e197-416d-84ea-00ba9c35465e,37,พรรคภูมิใจไทย,,#3949AB
d8f9e7bb-1ded-4bcc-afad-6d30a5b0273d,68,นาย,สุภณ,พงศ์อักษร,นายสุภณ พงศ์อักษร,,,a62aca08-91b7-4f3f-ba8f-cb9e884a3799,42,พรรคกล้าธรรม,,#5D4037
ed8986f6-a12a-4568-b9fb-78089c4cb233,68,นาย,ยศศักดิ์,โกไศยกานนท์,นายยศศักดิ์ โกไศยกานนท์,https://gbqmnnammihcoxshkdxd.supabase.co/storage/v1/object/public/partylist-photos/27/068.jpg,,d7155f6d-736d-42c0-8bc0-00ee6e1970dc,27,พรรคประชาธิปัตย์,,#0066B3
12c80fd1-2e57-44e4-b4e3-0d6c4fd63761,69,นาย,กร,บุญมาเลิศ,นายกร บุญมาเลิศ,,,115da917-bf32-4e96-a2ae-b7818d0909ee,6,พรรครวมไทยสร้างชาติ,,#FF6D00
20ed83f5-4d31-4f48-85ee-03d8dd01fbf3,69,นาย,สัญญาลักษณ์,ยาทองไชย,นายสัญญาลักษณ์ ยาทองไชย,,,cb1b6cf2-41fa-49b1-a060-01acf13edc81,48,พรรคไทยสร้างไทย,,#00ACC1
29f017d6-3b52-4f33-bf4d-e51f2ac91660,69,นาย,เอกรินทร์,นิลสวัสดิ์,นายเอกรินทร์ นิลสวัสดิ์,,,a62aca08-91b7-4f3f-ba8f-cb9e884a3799,42,พรรคกล้าธรรม,,#5D4037
a4c6c734-c883-407f-a671-1dd6950765f0,69,นาย,ยูฮัน,บูละ,นายยูฮัน บูละ,,,013c219e-e197-416d-84ea-00ba9c35465e,37,พรรคภูมิใจไทย,,#3949AB
a57898f4-e655-4898-90fe-660a6d23bb1a,69,นาง,นลินี,ทวีสิน,นางนลินี ทวีสิน,https://gbqmnnammihcoxshkdxd.supabase.co/storage/v1/object/public/partylist-photos/9/069.jpg,,2d8a1c84-0bc8-4377-965d-c020a0097c27,9,พรรคเพื่อไทย,,#E4002B
d536124e-9436-40a8-88e2-dc7207c3f3a4,69,นาย,นรชัย,อนันต์ศักดากุล,นายนรชัย อนันต์ศักดากุล,https://gbqmnnammihcoxshkdxd.supabase.co/storage/v1/object/public/partylist-photos/46/069.jpg,,1116011c-1ef3-4cca-a186-c1b9f7984ede,46,พรรคประชาชน,,#F57C00
dfb65273-18cf-4bb3-9456-4a031e353616,69,นาย,ภาธิน,เสือดาว,นายภาธิน เสือดาว,https://gbqmnnammihcoxshkdxd.supabase.co/storage/v1/object/public/partylist-photos/27/069.jpg,,d7155f6d-736d-42c0-8bc0-00ee6e1970dc,27,พรรคประชาธิปัตย์,,#0066B3
0d070d84-2b6a-4188-9a96-614595dcadeb,70,นาย,สิริชัย,ดุลยะมา,นายสิริชัย ดุลยะมา,,,cb1b6cf2-41fa-49b1-a060-01acf13edc81,48,พรรคไทยสร้างไทย,,#00ACC1
545d7551-7e8a-42c2-b331-49e955847ecd,70,นาย,นิทัศน์,ศรีนนท์,นายนิทัศน์ ศรีนนท์,https://gbqmnnammihcoxshkdxd.supabase.co/storage/v1/object/public/partylist-photos/9/070.jpg,,2d8a1c84-0bc8-4377-965d-c020a0097c27,9,พรรคเพื่อไทย,,#E4002B
9e12a39d-b6bb-4a58-b1ac-f1d927c4c2f2,70,นาย,นิธิพัฒน์,ศรีสวัสดิ์,นายนิธิพัฒน์ ศรีสวัสดิ์,,,115da917-bf32-4e96-a2ae-b7818d0909ee,6,พรรครวมไทยสร้างชาติ,,#FF6D00
a9ab47ec-0d22-413d-b9f3-07ca6827354b,70,นาย,คณิศร,ขุริรัง,นายคณิศร ขุริรัง,https://gbqmnnammihcoxshkdxd.supabase.co/storage/v1/object/public/partylist-photos/46/070.jpg,,1116011c-1ef3-4cca-a186-c1b9f7984ede,46,พรรคประชาชน,,#F57C00
ead009f9-60b8-430d-b544-393017320c4c,70,นางสาว,ธนัชดา,ตันจรารักษ์,นางสาวธนัชดา ตันจรารักษ์,,,013c219e-e197-416d-84ea-00ba9c35465e,37,พรรคภูมิใจไทย,,#3949AB
f133c489-b9c2-4eb4-bb4d-6a8ab3780e07,70,นาย,โยธิน,วรารัศมี,นายโยธิน วรารัศมี,,,a62aca08-91b7-4f3f-ba8f-cb9e884a3799,42,พรรคกล้าธรรม,,#5D4037
ff19d782-d29c-4623-963a-ef999bfcb822,70,นาย,นภัทร,โภคาสัมฤทธิ์,นายนภัทร โภคาสัมฤทธิ์,https://gbqmnnammihcoxshkdxd.supabase.co/storage/v1/object/public/partylist-photos/27/070.jpg,,d7155f6d-736d-42c0-8bc0-00ee6e1970dc,27,พรรคประชาธิปัตย์,,#0066B3
1292b7b1-3f99-4211-9711-a82c3476b507,71,นาย,ชัยโรจน์,โชติกิตติวาณิชย์,นายชัยโรจน์ โชติกิตติวาณิชย์,,,a62aca08-91b7-4f3f-ba8f-cb9e884a3799,42,พรรคกล้าธรรม,,#5D4037
656caf60-a2f4-437d-ba55-ea4b9927895e,71,นาย,ไมตรี,สมณะ,นายไมตรี สมณะ,https://gbqmnnammihcoxshkdxd.supabase.co/storage/v1/object/public/partylist-photos/46/071.jpg,,1116011c-1ef3-4cca-a186-c1b9f7984ede,46,พรรคประชาชน,,#F57C00
894ec5df-45a4-42bc-a479-53320716fe69,71,นาย,มนตรี,รักษาดี,นายมนตรี รักษาดี,https://gbqmnnammihcoxshkdxd.supabase.co/storage/v1/object/public/partylist-photos/27/071.jpg,,d7155f6d-736d-42c0-8bc0-00ee6e1970dc,27,พรรคประชาธิปัตย์,,#0066B3
9f3b3e29-7a94-4dd3-baed-b7cddcb10252,71,นาย,อัครพัชร์,เจริญชัยสง่า,นายอัครพัชร์ เจริญชัยสง่า,,,cb1b6cf2-41fa-49b1-a060-01acf13edc81,48,พรรคไทยสร้างไทย,,#00ACC1
c66a4486-4b1b-424f-8116-dada5f43804e,71,นาย,นิติศาสตร์,มลาไวย์,นายนิติศาสตร์ มลาไวย์,,,115da917-bf32-4e96-a2ae-b7818d0909ee,6,พรรครวมไทยสร้างชาติ,,#FF6D00
ea18eaf3-3b59-4a7a-a656-355df81b1ac9,71,นาย,บรรจง,ยางยืน,นายบรรจง ยางยืน,https://gbqmnnammihcoxshkdxd.supabase.co/storage/v1/object/public/partylist-photos/9/071.jpg,,2d8a1c84-0bc8-4377-965d-c020a0097c27,9,พรรคเพื่อไทย,,#E4002B
fb42ccbd-345c-4e46-8e07-3ba066a667d8,71,นาง,จิณณา,สืบสายไทย,นางจิณณา สืบสายไทย,,,013c219e-e197-416d-84ea-00ba9c35465e,37,พรรคภูมิใจไทย,,#3949AB
24d03435-c4b5-45c6-bf87-e2d14b56f084,72,นาย,อุดม,สมรภูมิบูรพา,นายอุดม สมรภูมิบูรพา,,,cb1b6cf2-41fa-49b1-a060-01acf13edc81,48,พรรคไทยสร้างไทย,,#00ACC1
5d07da37-65f9-4732-a885-6e2d4a97cbe6,72,นาย,ขวัญชัย,สกุลทอง,นายขวัญชัย สกุลทอง,https://gbqmnnammihcoxshkdxd.supabase.co/storage/v1/object/public/partylist-photos/37/072.jpg,,013c219e-e197-416d-84ea-00ba9c35465e,37,พรรคภูมิใจไทย,,#3949AB
7bb1da5a-a386-42ef-98de-3c7e85c21ee3,72,นาย,พีรพล,สุทธิมัย,นายพีรพล สุทธิมัย,,,a62aca08-91b7-4f3f-ba8f-cb9e884a3799,42,พรรคกล้าธรรม,,#5D4037
7ea83471-abde-4d30-a7ab-bf0a92315396,72,นางสาว,ปนันรัตน์,วิริยะกุลศานต์,นางสาวปนันรัตน์ วิริยะกุลศานต์,https://gbqmnnammihcoxshkdxd.supabase.co/storage/v1/object/public/partylist-photos/9/072.jpg,,2d8a1c84-0bc8-4377-965d-c020a0097c27,9,พรรคเพื่อไทย,,#E4002B
b618b2b4-e025-4d25-bb4e-7dcb35406012,72,นาย,พิสิฐ,ประเสริฐศรี,นายพิสิฐ ประเสริฐศรี,,,115da917-bf32-4e96-a2ae-b7818d0909ee,6,พรรครวมไทยสร้างชาติ,,#FF6D00
bf39cea7-10c8-4a41-94e0-172c8bbb130c,72,นาย,พุฒิสิทธิ์,ตั้งสิริหิรัญกุล,นายพุฒิสิทธิ์ ตั้งสิริหิรัญกุล,https://gbqmnnammihcoxshkdxd.supabase.co/storage/v1/object/public/partylist-photos/27/072.jpg,,d7155f6d-736d-42c0-8bc0-00ee6e1970dc,27,พรรคประชาธิปัตย์,,#0066B3
cc418fda-6188-4ded-a35d-5dcbb389466a,72,นาย,ธนากร,กลิ่นผกา,นายธนากร กลิ่นผกา,https://gbqmnnammihcoxshkdxd.supabase.co/storage/v1/object/public/partylist-photos/46/072.jpg,,1116011c-1ef3-4cca-a186-c1b9f7984ede,46,พรรคประชาชน,,#F57C00
27821689-5629-4bfb-9bbc-73140c71acc3,73,นางสาว,เบญจมาภรณ์,ศรีละบุตร,นางสาวเบญจมาภรณ์ ศรีละบุตร,https://gbqmnnammihcoxshkdxd.supabase.co/storage/v1/object/public/partylist-photos/46/073.jpg,,1116011c-1ef3-4cca-a186-c1b9f7984ede,46,พรรคประชาชน,,#F57C00
666342d1-aa28-468d-a46c-8a7ab876b5eb,73,นาย,วรพจน์,ธาราศิริสกุล,นายวรพจน์ ธาราศิริสกุล,https://gbqmnnammihcoxshkdxd.supabase.co/storage/v1/object/public/partylist-photos/27/073.jpg,,d7155f6d-736d-42c0-8bc0-00ee6e1970dc,27,พรรคประชาธิปัตย์,,#0066B3
6d9dcb65-1734-40f2-a4ad-7a34343ab0e7,73,นาย,ชนกานต์,เหยียดชัยภูมิ,นายชนกานต์ เหยียดชัยภูมิ,,,a62aca08-91b7-4f3f-ba8f-cb9e884a3799,42,พรรคกล้าธรรม,,#5D4037
911e3d0e-e7f0-4289-aef4-bac95003e36a,73,ว่าที่ร้อยตรี,กมล,วิภาดาพิสุทธิ์,ว่าที่ร้อยตรีกมล วิภาดาพิสุทธิ์,,,013c219e-e197-416d-84ea-00ba9c35465e,37,พรรคภูมิใจไทย,,#3949AB
993d1ec8-0a4f-4bc3-82ef-09aee865b2d6,73,นาย,วีรพงษ์,พิไสย,นายวีรพงษ์ พิไสย,,,cb1b6cf2-41fa-49b1-a060-01acf13edc81,48,พรรคไทยสร้างไทย,,#00ACC1
cdfe01a5-e980-4bf9-be7b-2fd18a0f75f4,73,นาย,ทองคำ,ผัดตัน,นายทองคำ ผัดตัน,,,115da917-bf32-4e96-a2ae-b7818d0909ee,6,พรรครวมไทยสร้างชาติ,,#FF6D00
e707482d-2333-4e34-a8f0-7e6577ae75c6,73,นาย,พิพัฒน์ชัย,ไพบูลย์,นายพิพัฒน์ชัย ไพบูลย์,https://gbqmnnammihcoxshkdxd.supabase.co/storage/v1/object/public/partylist-photos/9/073.jpg,,2d8a1c84-0bc8-4377-965d-c020a0097c27,9,พรรคเพื่อไทย,,#E4002B
200393a4-6d9f-49ed-81e5-938dbeb7abf0,74,นาย,ศักร์สฤษฎิ์,ศรีประศาสตร์,นายศักร์สฤษฎิ์ ศรีประศาสตร์,https://gbqmnnammihcoxshkdxd.supabase.co/storage/v1/object/public/partylist-photos/27/074.jpg,,d7155f6d-736d-42c0-8bc0-00ee6e1970dc,27,พรรคประชาธิปัตย์,,#0066B3
5aabf757-9c89-4e2f-81de-e3d20142a369,74,นางสาว,ศิริพร,ถนอมพันธุ์รักษ์,นางสาวศิริพร ถนอมพันธุ์รักษ์,,,cb1b6cf2-41fa-49b1-a060-01acf13edc81,48,พรรคไทยสร้างไทย,,#00ACC1
7a2935f2-d437-4b92-b34f-a2d27c7d393e,74,นาย,บุรวิช,เรืองแก้ว,นายบุรวิช เรืองแก้ว,,,a62aca08-91b7-4f3f-ba8f-cb9e884a3799,42,พรรคกล้าธรรม,,#5D4037
995f8808-4e66-46f8-a765-cb23c33ea6c6,74,นาย,พีรวิชญ์,ขันติศุข,นายพีรวิชญ์ ขันติศุข,https://gbqmnnammihcoxshkdxd.supabase.co/storage/v1/object/public/partylist-photos/9/074.jpg,,2d8a1c84-0bc8-4377-965d-c020a0097c27,9,พรรคเพื่อไทย,,#E4002B
9d4d31b9-4b9e-493a-a654-4cd668c7f559,74,นาย,จักรกฤษณ์,การะเกต,นายจักรกฤษณ์ การะเกต,,,013c219e-e197-416d-84ea-00ba9c35465e,37,พรรคภูมิใจไทย,,#3949AB
b259b468-29b8-4e7f-9cb1-377e3349df25,74,นาย,ปภาณ,บุญลือพันธ์,นายปภาณ บุญลือพันธ์,,,115da917-bf32-4e96-a2ae-b7818d0909ee,6,พรรครวมไทยสร้างชาติ,,#FF6D00
d4a0846d-8f16-43d8-ae22-0221c3897736,74,นางสาว,ตามหทัย,ชนะบูรณาศักดิ์,นางสาวตามหทัย ชนะบูรณาศักดิ์,https://gbqmnnammihcoxshkdxd.supabase.co/storage/v1/object/public/partylist-photos/46/074.jpg,,1116011c-1ef3-4cca-a186-c1b9f7984ede,46,พรรคประชาชน,,#F57C00
5fb46a79-7c95-4243-9b61-2a0a8553d4bc,75,นาย,โกวิทย์,นาพิมพ์,นายโกวิทย์ นาพิมพ์,,,013c219e-e197-416d-84ea-00ba9c35465e,37,พรรคภูมิใจไทย,,#3949AB
9d7889ab-1912-45a0-8fec-eeadb0e43c38,75,นาย,ภูวเดช,นพฤทธิ์,นายภูวเดช นพฤทธิ์,https://gbqmnnammihcoxshkdxd.supabase.co/storage/v1/object/public/partylist-photos/9/075.jpg,,2d8a1c84-0bc8-4377-965d-c020a0097c27,9,พรรคเพื่อไทย,,#E4002B
aaab51cc-e1b8-4fd7-85af-b765cefd9704,75,นาย,อัครกฤษ,นุ่นจันทร์,นายอัครกฤษ นุ่นจันทร์,,,a62aca08-91b7-4f3f-ba8f-cb9e884a3799,42,พรรคกล้าธรรม,,#5D4037
be9a2411-177e-4b44-893a-a319048195df,75,นาย,ทรงธรรม,สุขสว่าง,นายทรงธรรม สุขสว่าง,https://gbqmnnammihcoxshkdxd.supabase.co/storage/v1/object/public/partylist-photos/46/075.jpg,,1116011c-1ef3-4cca-a186-c1b9f7984ede,46,พรรคประชาชน,,#F57C00
c59751ed-417c-4151-bfb4-3313514548f0,75,นางสาว,กัญญารัตน์,สุวรรณราช,นางสาวกัญญารัตน์ สุวรรณราช,,,cb1b6cf2-41fa-49b1-a060-01acf13edc81,48,พรรคไทยสร้างไทย,,#00ACC1
de5f57b8-b489-44d9-86f3-3543d78182f2,75,นาย,ฉัตรชัย,พะลัง,นายฉัตรชัย พะลัง,https://gbqmnnammihcoxshkdxd.supabase.co/storage/v1/object/public/partylist-photos/27/075.jpg,,d7155f6d-736d-42c0-8bc0-00ee6e1970dc,27,พรรคประชาธิปัตย์,,#0066B3
f70136f0-dfff-4e66-bc42-c8f6dbc440d3,75,นาย,รักสยาม,นามานุภาพ,นายรักสยาม นามานุภาพ,,,115da917-bf32-4e96-a2ae-b7818d0909ee,6,พรรครวมไทยสร้างชาติ,,#FF6D00
3e6eaa4b-717d-4d5a-8113-748615cba8c0,76,นาย,ยงยุทธ,อุดมฤทธิ์,นายยงยุทธ อุดมฤทธิ์,,,cb1b6cf2-41fa-49b1-a060-01acf13edc81,48,พรรคไทยสร้างไทย,,#00ACC1
4a4d1da1-70ef-4abb-82d6-3c329cb90110,76,นาย,เดชา,พงษ์พานิชนุกูล,นายเดชา พงษ์พานิชนุกูล,,,115da917-bf32-4e96-a2ae-b7818d0909ee,6,พรรครวมไทยสร้างชาติ,,#FF6D00
8e354b51-d9b6-4324-b729-7681c1baaa3f,76,นาย,กิตติศักดิ์,นาอ่อน,นายกิตติศักดิ์ นาอ่อน,,,013c219e-e197-416d-84ea-00ba9c35465e,37,พรรคภูมิใจไทย,,#3949AB
c1d0da11-366d-43f8-af54-546315d8c003,76,นาย,มัจดี,โต๊ะตาหยง,นายมัจดี โต๊ะตาหยง,https://gbqmnnammihcoxshkdxd.supabase.co/storage/v1/object/public/partylist-photos/46/076.jpg,,1116011c-1ef3-4cca-a186-c1b9f7984ede,46,พรรคประชาชน,,#F57C00
c5088724-84fe-455b-824c-d4c34edd2cc4,76,นาย,วิเชียร,ขาวขำ,นายวิเชียร ขาวขำ,https://gbqmnnammihcoxshkdxd.supabase.co/storage/v1/object/public/partylist-photos/9/076.jpg,,2d8a1c84-0bc8-4377-965d-c020a0097c27,9,พรรคเพื่อไทย,,#E4002B
d05683d2-c791-4344-8cf1-897a6375378f,76,ว่าที่ร้อยตรี,กฤษฎา,ขมัน,ว่าที่ร้อยตรีกฤษฎา ขมัน,https://gbqmnnammihcoxshkdxd.supabase.co/storage/v1/object/public/partylist-photos/27/076.jpg,,d7155f6d-736d-42c0-8bc0-00ee6e1970dc,27,พรรคประชาธิปัตย์,,#0066B3
f186763b-961d-4363-a2c6-bb0c2dcbd886,76,นาย,สมโภชน์,สุทธิปัญญา,นายสมโภชน์ สุทธิปัญญา,,,a62aca08-91b7-4f3f-ba8f-cb9e884a3799,42,พรรคกล้าธรรม,,#5D4037
10da6df6-5458-441e-8530-be86a8c35188,77,นาย,พีรพันธุ์,โพธิ์พันธ์,นายพีรพันธุ์ โพธิ์พันธ์,,,cb1b6cf2-41fa-49b1-a060-01acf13edc81,48,พรรคไทยสร้างไทย,,#00ACC1
61b48e97-4455-4e65-98ff-d2eb92974bbc,77,นาย,เกียรติศักดิ์,อุดขา,นายเกียรติศักดิ์ อุดขา,,,a62aca08-91b7-4f3f-ba8f-cb9e884a3799,42,พรรคกล้าธรรม,,#5D4037
88fec0a6-984d-4c1a-b5f4-91ab069d372a,77,นาย,ปฏิภาณ,ปัญญาดี,นายปฏิภาณ ปัญญาดี,,,115da917-bf32-4e96-a2ae-b7818d0909ee,6,พรรครวมไทยสร้างชาติ,,#FF6D00
91d442b1-2790-4c94-8e37-cb2f8c32517a,77,นางสาว,ศลิษา,เลิศชวัลรัชต์,นางสาวศลิษา เลิศชวัลรัชต์,https://gbqmnnammihcoxshkdxd.supabase.co/storage/v1/object/public/partylist-photos/9/077.jpg,,2d8a1c84-0bc8-4377-965d-c020a0097c27,9,พรรคเพื่อไทย,,#E4002B
aa539676-1ba1-450a-a535-f033718f6f0b,77,นางสาว,พัชรนันท์,โกศลสมบัตินนท์,นางสาวพัชรนันท์ โกศลสมบัตินนท์,,,013c219e-e197-416d-84ea-00ba9c35465e,37,พรรคภูมิใจไทย,,#3949AB
b5dd6715-1aac-4607-8558-40852e8d323f,77,นาย,ศุภสิทธิ์,ลิ้มตระกูล,นายศุภสิทธิ์ ลิ้มตระกูล,https://gbqmnnammihcoxshkdxd.supabase.co/storage/v1/object/public/partylist-photos/27/077.jpg,,d7155f6d-736d-42c0-8bc0-00ee6e1970dc,27,พรรคประชาธิปัตย์,,#0066B3
e3668410-3644-4684-89b9-918b3bb4b20a,77,นาย,ชาญณรงค์,วงศ์ลา,นายชาญณรงค์ วงศ์ลา,https://gbqmnnammihcoxshkdxd.supabase.co/storage/v1/object/public/partylist-photos/46/077.jpg,,1116011c-1ef3-4cca-a186-c1b9f7984ede,46,พรรคประชาชน,,#F57C00
20474b04-589f-4c41-9d6f-6f4f601e991e,78,นาย,พิเชฎฐ์,ชัยศรี,นายพิเชฎฐ์ ชัยศรี,,,013c219e-e197-416d-84ea-00ba9c35465e,37,พรรคภูมิใจไทย,,#3949AB
2ae1937b-d0d4-4977-b75a-1d1f81a87bc6,78,นาย,อนันต์,ฤกษ์ดี,นายอนันต์ ฤกษ์ดี,https://gbqmnnammihcoxshkdxd.supabase.co/storage/v1/object/public/partylist-photos/27/078.jpg,,d7155f6d-736d-42c0-8bc0-00ee6e1970dc,27,พรรคประชาธิปัตย์,,#0066B3
3a60ddb7-801c-46f0-a9c9-2a5b397ccb3d,78,นาย,ธนพล,บุญมาลี,นายธนพล บุญมาลี,,,a62aca08-91b7-4f3f-ba8f-cb9e884a3799,42,พรรคกล้าธรรม,,#5D4037
3fb23e9d-8d5d-4399-a7f7-fbe8f4a8f9d1,78,นาง,ศุภรดา,เลาหพงศ์ชนะ,นางศุภรดา เลาหพงศ์ชนะ,https://gbqmnnammihcoxshkdxd.supabase.co/storage/v1/object/public/partylist-photos/9/078.jpg,,2d8a1c84-0bc8-4377-965d-c020a0097c27,9,พรรคเพื่อไทย,,#E4002B
4f341b39-2b4a-4fac-bc6c-c138f47d91ad,78,นาย,วิชาญ,หงส์นฤชัย,นายวิชาญ หงส์นฤชัย,,,115da917-bf32-4e96-a2ae-b7818d0909ee,6,พรรครวมไทยสร้างชาติ,,#FF6D00
78ec455d-2ce0-4e9b-b696-04d76130f98b,78,นางสาว,อัญญา,โกสีย์,นางสาวอัญญา โกสีย์,,,cb1b6cf2-41fa-49b1-a060-01acf13edc81,48,พรรคไทยสร้างไทย,,#00ACC1
850f8cff-2bb5-4267-9a38-1ce0dfb790ff,78,นาย,กษิเดช,แดงเดช,นายกษิเดช แดงเดช,https://gbqmnnammihcoxshkdxd.supabase.co/storage/v1/object/public/partylist-photos/46/078.jpg,,1116011c-1ef3-4cca-a186-c1b9f7984ede,46,พรรคประชาชน,,#F57C00
272faf9e-40c7-417a-9be2-849bb7f8c834,79,นาย,สุรชัย,กุลทรงคุณากร,นายสุรชัย กุลทรงคุณากร,,,a62aca08-91b7-4f3f-ba8f-cb9e884a3799,42,พรรคกล้าธรรม,,#5D4037
725d4c89-c60a-4a3b-a9bb-58c5bda3543c,79,นาย,สมเกียรติ,คงเจาะ,นายสมเกียรติ คงเจาะ,,,115da917-bf32-4e96-a2ae-b7818d0909ee,6,พรรครวมไทยสร้างชาติ,,#FF6D00
a5ddbcd1-ba9e-4d21-a81d-ce876138245d,79,นาง,ณริยา,บุญเสรฐ,นางณริยา บุญเสรฐ,https://gbqmnnammihcoxshkdxd.supabase.co/storage/v1/object/public/partylist-photos/9/079.jpg,,2d8a1c84-0bc8-4377-965d-c020a0097c27,9,พรรคเพื่อไทย,,#E4002B
a95b9113-75a4-4d0f-91da-d1d3541107dc,79,นาย,ธีร์,อิสระดำรงกุล,นายธีร์ อิสระดำรงกุล,https://gbqmnnammihcoxshkdxd.supabase.co/storage/v1/object/public/partylist-photos/46/079.jpg,,1116011c-1ef3-4cca-a186-c1b9f7984ede,46,พรรคประชาชน,,#F57C00
abf7e301-8c80-462b-a443-b5aff5beecd2,79,นาย,ชนินทร์,หาญชาญสิน,นายชนินทร์ หาญชาญสิน,,,cb1b6cf2-41fa-49b1-a060-01acf13edc81,48,พรรคไทยสร้างไทย,,#00ACC1
b7a1fe63-445d-4a8e-a06e-bd7545d30859,79,นาย,สัมมา,คีตสิน,นายสัมมา คีตสิน,https://gbqmnnammihcoxshkdxd.supabase.co/storage/v1/object/public/partylist-photos/27/079.jpg,,d7155f6d-736d-42c0-8bc0-00ee6e1970dc,27,พรรคประชาธิปัตย์,,#0066B3
bf93dd9c-9812-4e64-8438-fa9362b5e01d,79,นาย,บุญเกิด,ทรงรัมย์,นายบุญเกิด ทรงรัมย์,,,013c219e-e197-416d-84ea-00ba9c35465e,37,พรรคภูมิใจไทย,,#3949AB
07594d92-28f8-4e96-b773-cf70568efc6e,80,นาย,นพดล,สมยานนทนากุล,นายนพดล สมยานนทนากุล,https://gbqmnnammihcoxshkdxd.supabase.co/storage/v1/object/public/partylist-photos/46/080.jpg,,1116011c-1ef3-4cca-a186-c1b9f7984ede,46,พรรคประชาชน,,#F57C00
221bf57b-dca6-49a6-b753-53bb85757cd5,80,นางสาว,ณัฐสุดา,เจริญพันธ์,นางสาวณัฐสุดา เจริญพันธ์,,,013c219e-e197-416d-84ea-00ba9c35465e,37,พรรคภูมิใจไทย,,#3949AB
23064a37-b10b-4474-b043-c8f03ed52188,80,นาย,จรูญ,พุทธซ้อน,นายจรูญ พุทธซ้อน,,,115da917-bf32-4e96-a2ae-b7818d0909ee,6,พรรครวมไทยสร้างชาติ,,#FF6D00
2958eca2-09e5-4242-aab7-702bec8f8897,80,นาย,ชวิศ,ควันธรรม,นายชวิศ ควันธรรม,,,a62aca08-91b7-4f3f-ba8f-cb9e884a3799,42,พรรคกล้าธรรม,,#5D4037
be4394f7-c098-4442-8fd1-e9cd3e1ce796,80,นางสาว,สกาวใจ,พูนสวัสดิ์,นางสาวสกาวใจ พูนสวัสดิ์,https://gbqmnnammihcoxshkdxd.supabase.co/storage/v1/object/public/partylist-photos/9/080.jpg,,2d8a1c84-0bc8-4377-965d-c020a0097c27,9,พรรคเพื่อไทย,,#E4002B
fcdb2def-35a6-4e95-8608-16f8abd5a7cd,80,นาง,ปิยะพร,เอี่ยมฐิติวัฒน์,นางปิยะพร เอี่ยมฐิติวัฒน์,https://gbqmnnammihcoxshkdxd.supabase.co/storage/v1/object/public/partylist-photos/27/080.jpg,,d7155f6d-736d-42c0-8bc0-00ee6e1970dc,27,พรรคประชาธิปัตย์,,#0066B3
6014f60b-bd5e-426f-b1e4-f7ad3fc6bfc6,81,นาย,สุรชัย,เบ้าจรรยา,นายสุรชัย เบ้าจรรยา,https://gbqmnnammihcoxshkdxd.supabase.co/storage/v1/object/public/partylist-photos/9/081.jpg,,2d8a1c84-0bc8-4377-965d-c020a0097c27,9,พรรคเพื่อไทย,,#E4002B
aaa2f6eb-146f-4175-8201-6a8e327651e4,81,นาย,สุทน,สุวรรณโณ,นายสุทน สุวรรณโณ,,,a62aca08-91b7-4f3f-ba8f-cb9e884a3799,42,พรรคกล้าธรรม,,#5D4037
bd25c6f6-29f5-491b-b76f-35c167825761,81,นาย,เชน,หมั่นเขตรกิจ,นายเชน หมั่นเขตรกิจ,,,013c219e-e197-416d-84ea-00ba9c35465e,37,พรรคภูมิใจไทย,,#3949AB
d720c0ba-9e4d-411b-b8ae-48a9436ac8fd,81,นาย,กันติพจน์,สิริภักดิสกุล,นายกันติพจน์ สิริภักดิสกุล,https://gbqmnnammihcoxshkdxd.supabase.co/storage/v1/object/public/partylist-photos/27/081.jpg,,d7155f6d-736d-42c0-8bc0-00ee6e1970dc,27,พรรคประชาธิปัตย์,,#0066B3
f76cf2ec-124e-438d-a6ad-cb389267c812,81,นาย,ประชา,มุ่งรักษ์ชน,นายประชา มุ่งรักษ์ชน,,,115da917-bf32-4e96-a2ae-b7818d0909ee,6,พรรครวมไทยสร้างชาติ,,#FF6D00
fc9b008d-12a4-4110-a141-51c8c929eeda,81,นาย,ณัฐดนัย,วัดเกี้ยวพงษ์,นายณัฐดนัย วัดเกี้ยวพงษ์,https://gbqmnnammihcoxshkdxd.supabase.co/storage/v1/object/public/partylist-photos/46/081.jpg,,1116011c-1ef3-4cca-a186-c1b9f7984ede,46,พรรคประชาชน,,#F57C00
0901ddf6-19c3-4549-9041-2000161deb91,82,นาย,ศักรินทร์,เกตุนุ้ย,นายศักรินทร์ เกตุนุ้ย,,,115da917-bf32-4e96-a2ae-b7818d0909ee,6,พรรครวมไทยสร้างชาติ,,#FF6D00
1402647f-e30d-4ddd-91e3-6ad87343c06e,82,นาย,รัฐชทรัพย์,นิชิด้า,นายรัฐชทรัพย์ นิชิด้า,https://gbqmnnammihcoxshkdxd.supabase.co/storage/v1/object/public/partylist-photos/27/082.jpg,,d7155f6d-736d-42c0-8bc0-00ee6e1970dc,27,พรรคประชาธิปัตย์,,#0066B3
2bcc512f-48f5-4486-82b7-2bd6b2d92a3e,82,นางสาว,ปิยพร ไพบูลย์,จอมเทพมาลา,นางสาวปิยพร ไพบูลย์ จอมเทพมาลา,,,013c219e-e197-416d-84ea-00ba9c35465e,37,พรรคภูมิใจไทย,,#3949AB
5c5a9fda-2796-478b-8f58-6f3dbfd5e471,82,นาง,สุรภี,รุ้งโรจน์,นางสุรภี รุ้งโรจน์,https://gbqmnnammihcoxshkdxd.supabase.co/storage/v1/object/public/partylist-photos/9/082.jpg,,2d8a1c84-0bc8-4377-965d-c020a0097c27,9,พรรคเพื่อไทย,,#E4002B
65ee6b96-4a07-4062-9764-83c6565cf88c,82,นาย,อุทัยรัชต์,ปรีชา,นายอุทัยรัชต์ ปรีชา,,,a62aca08-91b7-4f3f-ba8f-cb9e884a3799,42,พรรคกล้าธรรม,,#5D4037
92a2493f-a413-4e95-91b6-f48c59b9ac7b,82,นาย,ธีรพงศ์,ชื่นชอบ,นายธีรพงศ์ ชื่นชอบ,https://gbqmnnammihcoxshkdxd.supabase.co/storage/v1/object/public/partylist-photos/46/082.jpg,,1116011c-1ef3-4cca-a186-c1b9f7984ede,46,พรรคประชาชน,,#F57C00
1f576b4f-50aa-49e4-982e-01cee65c0405,83,นางสาว,รัชต์ฉวี,แก้วกิ่งจันทร์,นางสาวรัชต์ฉวี แก้วกิ่งจันทร์,,,115da917-bf32-4e96-a2ae-b7818d0909ee,6,พรรครวมไทยสร้างชาติ,,#FF6D00
4d02f628-f068-41df-bcba-d9776972732b,83,นาย,สมนึก,นาห้วยทราย,นายสมนึก นาห้วยทราย,,,013c219e-e197-416d-84ea-00ba9c35465e,37,พรรคภูมิใจไทย,,#3949AB
8541afed-2c93-41ce-b5bc-9ed62d23b8a5,83,นาง,อนงค์,ล่อใจ,นางอนงค์ ล่อใจ,https://gbqmnnammihcoxshkdxd.supabase.co/storage/v1/object/public/partylist-photos/9/083.jpg,,2d8a1c84-0bc8-4377-965d-c020a0097c27,9,พรรคเพื่อไทย,,#E4002B
91fc11e3-b782-4e88-94cf-0cfb3c284d6a,83,นาย,สมเมธ,ยุวะสุต,นายสมเมธ ยุวะสุต,https://gbqmnnammihcoxshkdxd.supabase.co/storage/v1/object/public/partylist-photos/46/083.jpg,,1116011c-1ef3-4cca-a186-c1b9f7984ede,46,พรรคประชาชน,,#F57C00
bce4a6bf-0c60-4f52-9d76-3d77548b8577,83,นาย,สุนันท์,อึ้งทรงธรรม,นายสุนันท์ อึ้งทรงธรรม,,,a62aca08-91b7-4f3f-ba8f-cb9e884a3799,42,พรรคกล้าธรรม,,#5D4037
ed838314-c79b-4e2e-b96b-7c9ce1451f88,83,นางสาว,สาวิตรี,พฤกษ์อังคาร,นางสาวสาวิตรี พฤกษ์อังคาร,https://gbqmnnammihcoxshkdxd.supabase.co/storage/v1/object/public/partylist-photos/27/083.jpg,,d7155f6d-736d-42c0-8bc0-00ee6e1970dc,27,พรรคประชาธิปัตย์,,#0066B3
07c2352e-c4ec-404c-937e-0628a5b473df,84,นาย,อิสรา,สุจารี,นายอิสรา สุจารี,https://gbqmnnammihcoxshkdxd.supabase.co/storage/v1/object/public/partylist-photos/9/084.jpg,,2d8a1c84-0bc8-4377-965d-c020a0097c27,9,พรรคเพื่อไทย,,#E4002B
2aa442dd-987e-45fc-9910-3e321f22ba35,84,นาย,ปัญจมพงศ์,เสริมสวัสดิ์ศรี,นายปัญจมพงศ์ เสริมสวัสดิ์ศรี,https://gbqmnnammihcoxshkdxd.supabase.co/storage/v1/object/public/partylist-photos/46/084.jpg,,1116011c-1ef3-4cca-a186-c1b9f7984ede,46,พรรคประชาชน,,#F57C00
6e30fa27-a522-4a03-932c-ee4cc97d6a03,84,นาย,ทวีเกียรติ,ใจดี,นายทวีเกียรติ ใจดี,,,a62aca08-91b7-4f3f-ba8f-cb9e884a3799,42,พรรคกล้าธรรม,,#5D4037
6efc37eb-9022-4272-9bee-cef92b216104,84,นาย,ขจรพงษ์,พูลสวัสดิ์,นายขจรพงษ์ พูลสวัสดิ์,https://gbqmnnammihcoxshkdxd.supabase.co/storage/v1/object/public/partylist-photos/27/084.jpg,,d7155f6d-736d-42c0-8bc0-00ee6e1970dc,27,พรรคประชาธิปัตย์,,#0066B3
7abba4ab-79ef-4d5c-b52d-2bdc12766e3a,84,นาย,คยูรทร,อ่อนแก้ว,นายคยูรทร อ่อนแก้ว,,,115da917-bf32-4e96-a2ae-b7818d0909ee,6,พรรครวมไทยสร้างชาติ,,#FF6D00
8d03e986-41b4-4a16-8eec-0283667eb16c,84,นาย,ธรรมรงศักดิ์,รักงาม,นายธรรมรงศักดิ์ รักงาม,,,013c219e-e197-416d-84ea-00ba9c35465e,37,พรรคภูมิใจไทย,,#3949AB
1ab431fb-190d-448a-8772-ef1295b66dbf,85,นาย,อุทัย,ทัพอาสา,นายอุทัย ทัพอาสา,https://gbqmnnammihcoxshkdxd.supabase.co/storage/v1/object/public/partylist-photos/9/085.jpg,,2d8a1c84-0bc8-4377-965d-c020a0097c27,9,พรรคเพื่อไทย,,#E4002B
35756b84-a569-4076-9f7a-19170026feb5,85,นาย,ธานี,เกสทอง,นายธานี เกสทอง,,,013c219e-e197-416d-84ea-00ba9c35465e,37,พรรคภูมิใจไทย,,#3949AB
96cd34d8-0deb-4a20-b8fd-9d9016686ed7,85,นางสาว,ภัณฑิรา,มั่นสัมฤทธิ์,นางสาวภัณฑิรา มั่นสัมฤทธิ์,https://gbqmnnammihcoxshkdxd.supabase.co/storage/v1/object/public/partylist-photos/46/085.jpg,,1116011c-1ef3-4cca-a186-c1b9f7984ede,46,พรรคประชาชน,,#F57C00
a0012946-a245-47d5-b354-1c9adbc2c61f,85,นาย,จรูญฤทธิ์,สุวรรณรัตน์,นายจรูญฤทธิ์ สุวรรณรัตน์,,,115da917-bf32-4e96-a2ae-b7818d0909ee,6,พรรครวมไทยสร้างชาติ,,#FF6D00
d06b1080-377d-44e7-8cd8-e7ed2c75dcba,85,นาย,วิศรุต,วิญญูเอกสิทธิ์,นายวิศรุต วิญญูเอกสิทธิ์,https://gbqmnnammihcoxshkdxd.supabase.co/storage/v1/object/public/partylist-photos/27/085.jpg,,d7155f6d-736d-42c0-8bc0-00ee6e1970dc,27,พรรคประชาธิปัตย์,,#0066B3
f4a98b41-550d-4ba8-9461-1870fd5afe83,85,นางสาว,ศิริรัตน์,สิริโชควงศ์สกุล,นางสาวศิริรัตน์ สิริโชควงศ์สกุล,,,a62aca08-91b7-4f3f-ba8f-cb9e884a3799,42,พรรคกล้าธรรม,,#5D4037
0d5030e1-8d4b-4b5f-a356-6f08da632ac5,86,นาย,สวัสดิ์,อุทัยแสน,นายสวัสดิ์ อุทัยแสน,,,013c219e-e197-416d-84ea-00ba9c35465e,37,พรรคภูมิใจไทย,,#3949AB
69f7784a-c277-48bb-8a35-45ead0534a39,86,นาย,สมยศ,ลักษณะสมบูรณ์,นายสมยศ ลักษณะสมบูรณ์,,,115da917-bf32-4e96-a2ae-b7818d0909ee,6,พรรครวมไทยสร้างชาติ,,#FF6D00
69feae7f-d540-450a-9395-b41af34770b8,86,นาย,นัฐพงษ์,เตี่ยมังกรพันธุ์,นายนัฐพงษ์ เตี่ยมังกรพันธุ์,https://gbqmnnammihcoxshkdxd.supabase.co/storage/v1/object/public/partylist-photos/27/086.jpg,,d7155f6d-736d-42c0-8bc0-00ee6e1970dc,27,พรรคประชาธิปัตย์,,#0066B3
7dc54f2d-3a05-44cd-9bea-ddcea04186d9,86,นาย,บูรพา,เล็กล้วนงาม,นายบูรพา เล็กล้วนงาม,https://gbqmnnammihcoxshkdxd.supabase.co/storage/v1/object/public/partylist-photos/46/086.jpg,,1116011c-1ef3-4cca-a186-c1b9f7984ede,46,พรรคประชาชน,,#F57C00
87ac3ce9-04e3-4b08-abd3-ebadde0b2fe8,86,นาย,สุวัฒน์,มีบุตร,นายสุวัฒน์ มีบุตร,,,a62aca08-91b7-4f3f-ba8f-cb9e884a3799,42,พรรคกล้าธรรม,,#5D4037
e19da876-ca0c-4f82-b1d2-7235b982a913,86,นาย,อุเมสนัส,ปานเดย์,นายอุเมสนัส ปานเดย์,https://gbqmnnammihcoxshkdxd.supabase.co/storage/v1/object/public/partylist-photos/9/086.jpg,,2d8a1c84-0bc8-4377-965d-c020a0097c27,9,พรรคเพื่อไทย,,#E4002B
0daaabe9-72c4-40d9-b2a4-4be5f4b1a7f9,87,นาย,กฤษฎา,บุญทศ,นายกฤษฎา บุญทศ,https://gbqmnnammihcoxshkdxd.supabase.co/storage/v1/object/public/partylist-photos/46/087.jpg,,1116011c-1ef3-4cca-a186-c1b9f7984ede,46,พรรคประชาชน,,#F57C00
219e27f1-359f-4733-8ffd-89e450a31802,87,นาย,สวินธ์,จูฑะโยธิน,นายสวินธ์ จูฑะโยธิน,https://gbqmnnammihcoxshkdxd.supabase.co/storage/v1/object/public/partylist-photos/27/087.jpg,,d7155f6d-736d-42c0-8bc0-00ee6e1970dc,27,พรรคประชาธิปัตย์,,#0066B3
4d547565-9f39-4833-a50c-19529242656b,87,นาย,ผ่านภพ,รักตพงศ์ไพศาล,นายผ่านภพ รักตพงศ์ไพศาล,https://gbqmnnammihcoxshkdxd.supabase.co/storage/v1/object/public/partylist-photos/9/087.jpg,,2d8a1c84-0bc8-4377-965d-c020a0097c27,9,พรรคเพื่อไทย,,#E4002B
6ccb817e-a940-466e-849c-ef80185c50fe,87,นาวาเอก,ปฏิยุทธ์,บุญปาลิต,นาวาเอกปฏิยุทธ์ บุญปาลิต,,,a62aca08-91b7-4f3f-ba8f-cb9e884a3799,42,พรรคกล้าธรรม,,#5D4037
a4726826-2dfd-4104-97a6-0566451c350d,87,นาย,ณัฐพล,จรัสสุริยพงศ์,นายณัฐพล จรัสสุริยพงศ์,,,013c219e-e197-416d-84ea-00ba9c35465e,37,พรรคภูมิใจไทย,,#3949AB
c06d3a9e-6c56-49ad-ab1a-f1bc2011e7df,87,นาย,ธนภัทร,จันทนา,นายธนภัทร จันทนา,,,115da917-bf32-4e96-a2ae-b7818d0909ee,6,พรรครวมไทยสร้างชาติ,,#FF6D00
039ef780-2f49-4842-b3c4-ec3466c2801d,88,นาย,อัครวัต,เวชสถิตย์,นายอัครวัต เวชสถิตย์,,,a62aca08-91b7-4f3f-ba8f-cb9e884a3799,42,พรรคกล้าธรรม,,#5D4037
2934e827-9c18-4a26-8fae-5b5f038f4337,88,นาย,เทพพร,จำปานวน,นายเทพพร จำปานวน,https://gbqmnnammihcoxshkdxd.supabase.co/storage/v1/object/public/partylist-photos/46/088.jpg,,1116011c-1ef3-4cca-a186-c1b9f7984ede,46,พรรคประชาชน,,#F57C00
62495924-f5d3-4c4f-a74f-ee9bca709c52,88,นาย,นรวิชญ์,หล้าแหล่ง,นายนรวิชญ์ หล้าแหล่ง,https://gbqmnnammihcoxshkdxd.supabase.co/storage/v1/object/public/partylist-photos/9/088.jpg,,2d8a1c84-0bc8-4377-965d-c020a0097c27,9,พรรคเพื่อไทย,,#E4002B
6ecaa6b0-c8b3-407b-95c5-85a9ef134d64,88,นาย,ธนวัฒก์,สมบัติรักษ์,นายธนวัฒก์ สมบัติรักษ์,,,115da917-bf32-4e96-a2ae-b7818d0909ee,6,พรรครวมไทยสร้างชาติ,,#FF6D00
70673023-d73e-4159-ba9c-7b6f1e41ee97,88,นาย,มานพ,เกตุเมฆ,นายมานพ เกตุเมฆ,,,013c219e-e197-416d-84ea-00ba9c35465e,37,พรรคภูมิใจไทย,,#3949AB
90aeabce-c621-4de6-9925-b448ac959545,88,นาย,ณัฏฐกิตติ์,เขตตระการ,นายณัฏฐกิตติ์ เขตตระการ,https://gbqmnnammihcoxshkdxd.supabase.co/storage/v1/object/public/partylist-photos/27/088.jpg,,d7155f6d-736d-42c0-8bc0-00ee6e1970dc,27,พรรคประชาธิปัตย์,,#0066B3
45e3f9e2-bd87-4249-a484-c84dfbb2e8ed,89,นาย,พีระเพชร,ศิริกุล,นายพีระเพชร ศิริกุล,,,013c219e-e197-416d-84ea-00ba9c35465e,37,พรรคภูมิใจไทย,,#3949AB
505184c6-528d-452f-bc5e-e6b39006c011,89,นาย,จาตุรนต์,บุญมา,นายจาตุรนต์ บุญมา,https://gbqmnnammihcoxshkdxd.supabase.co/storage/v1/object/public/partylist-photos/27/089.jpg,,d7155f6d-736d-42c0-8bc0-00ee6e1970dc,27,พรรคประชาธิปัตย์,,#0066B3
7b826d18-dc54-4c4c-8e4f-f329c61f736c,89,นาย,พลนชชา,จักรเพ็ชร,นายพลนชชา จักรเพ็ชร,https://gbqmnnammihcoxshkdxd.supabase.co/storage/v1/object/public/partylist-photos/9/089.jpg,,2d8a1c84-0bc8-4377-965d-c020a0097c27,9,พรรคเพื่อไทย,,#E4002B
b679ea10-0f8b-4e3c-9595-dfb170f2db83,89,นาย,ชัยสักก์,สุนทรวิภาต,นายชัยสักก์ สุนทรวิภาต,https://gbqmnnammihcoxshkdxd.supabase.co/storage/v1/object/public/partylist-photos/46/089.jpg,,1116011c-1ef3-4cca-a186-c1b9f7984ede,46,พรรคประชาชน,,#F57C00
cc654599-c085-4f40-82ba-ad3539b963ea,89,นาย,เทพฤทธิ์,สีน้ำเงิน,นายเทพฤทธิ์ สีน้ำเงิน,,,a62aca08-91b7-4f3f-ba8f-cb9e884a3799,42,พรรคกล้าธรรม,,#5D4037
fb96b0c1-7eee-4b0e-8dff-0ec9fc455001,89,นาย,มหภาค,ชูแจ้ง,นายมหภาค ชูแจ้ง,,,115da917-bf32-4e96-a2ae-b7818d0909ee,6,พรรครวมไทยสร้างชาติ,,#FF6D00
2d6d7d98-7fe1-4ad2-a676-ffff2319b661,90,นาย,สาคร,เกี่ยวข้อง,นายสาคร เกี่ยวข้อง,https://gbqmnnammihcoxshkdxd.supabase.co/storage/v1/object/public/partylist-photos/27/090.jpg,,d7155f6d-736d-42c0-8bc0-00ee6e1970dc,27,พรรคประชาธิปัตย์,,#0066B3
327f382b-f8e5-4f33-b11a-6cba46d7c223,90,นาย,นนชัย,ศานติบุตร,นายนนชัย ศานติบุตร,,,a62aca08-91b7-4f3f-ba8f-cb9e884a3799,42,พรรคกล้าธรรม,,#5D4037
85a079f6-a9e3-4f8a-88bf-bc2b7e24f15b,90,นาย,เกียรติ,เหลืองขจรวิทย์,นายเกียรติ เหลืองขจรวิทย์,,,013c219e-e197-416d-84ea-00ba9c35465e,37,พรรคภูมิใจไทย,,#3949AB
d002f15b-c85b-4471-a202-d1a13aaa9f0d,90,นาย,สุทธิเกียรติ,วีระกิจพานิช,นายสุทธิเกียรติ วีระกิจพานิช,https://gbqmnnammihcoxshkdxd.supabase.co/storage/v1/object/public/partylist-photos/9/090.jpg,,2d8a1c84-0bc8-4377-965d-c020a0097c27,9,พรรคเพื่อไทย,,#E4002B
ed73576d-f975-4b56-b5ef-281252b19c86,90,นางสาว,วริสา,มีเจริญ,นางสาววริสา มีเจริญ,https://gbqmnnammihcoxshkdxd.supabase.co/storage/v1/object/public/partylist-photos/46/090.jpg,,1116011c-1ef3-4cca-a186-c1b9f7984ede,46,พรรคประชาชน,,#F57C00
ed907a2f-e1a9-4504-8bba-b0c4d855feb9,90,นาย,จิรเมศร์,อุดมประยูรศักดิ์,นายจิรเมศร์ อุดมประยูรศักดิ์,,,115da917-bf32-4e96-a2ae-b7818d0909ee,6,พรรครวมไทยสร้างชาติ,,#FF6D00
1ebe5f73-a48d-430c-a584-dead50d44fd7,91,พลอากาศโท,สาคร,พรหมภักดี,พลอากาศโทสาคร พรหมภักดี,,,a62aca08-91b7-4f3f-ba8f-cb9e884a3799,42,พรรคกล้าธรรม,,#5D4037
3a312555-afba-4b03-8106-2f1916a5dd03,91,นาย,กฤษฎา,อุดมเวช,นายกฤษฎา อุดมเวช,https://gbqmnnammihcoxshkdxd.supabase.co/storage/v1/object/public/partylist-photos/46/091.jpg,,1116011c-1ef3-4cca-a186-c1b9f7984ede,46,พรรคประชาชน,,#F57C00
7c09dceb-0bb8-45aa-b202-811eb3ab3b10,91,ร้อยเอกหญิง,ภัทร์ดารัสมิ์,ทองสลวยกร,ร้อยเอกหญิงภัทร์ดารัสมิ์ ทองสลวยกร,https://gbqmnnammihcoxshkdxd.supabase.co/storage/v1/object/public/partylist-photos/9/091.jpg,,2d8a1c84-0bc8-4377-965d-c020a0097c27,9,พรรคเพื่อไทย,,#E4002B
a9008f04-6f2e-445b-9f28-9d040d11a3db,91,นาย,รังสิกร,ทิมาตฤกะ,นายรังสิกร ทิมาตฤกะ,,,013c219e-e197-416d-84ea-00ba9c35465e,37,พรรคภูมิใจไทย,,#3949AB
b0a4f845-b707-4cc5-a3f7-2467254df613,91,นาย,สมบัติ,จันมาทนะ,นายสมบัติ จันมาทนะ,,,115da917-bf32-4e96-a2ae-b7818d0909ee,6,พรรครวมไทยสร้างชาติ,,#FF6D00
ed609cb3-373f-4d29-9138-f0011b7685e1,91,นาย,ธีระ,สลักเพชร,นายธีระ สลักเพชร,https://gbqmnnammihcoxshkdxd.supabase.co/storage/v1/object/public/partylist-photos/27/091.jpg,,d7155f6d-736d-42c0-8bc0-00ee6e1970dc,27,พรรคประชาธิปัตย์,,#0066B3
854161eb-cefc-4662-9c6b-eccae050f386,92,นาย,อรรถพร,พลบุตร,นายอรรถพร พลบุตร,https://gbqmnnammihcoxshkdxd.supabase.co/storage/v1/object/public/partylist-photos/27/092.jpg,,d7155f6d-736d-42c0-8bc0-00ee6e1970dc,27,พรรคประชาธิปัตย์,,#0066B3
879ff9d1-c786-46a7-9066-b5fa00f31a76,92,พลตำรวจตรี,วัชรวิชย์,ณรงค์พันธุ์,พลตำรวจตรีวัชรวิชย์ ณรงค์พันธุ์,,,a62aca08-91b7-4f3f-ba8f-cb9e884a3799,42,พรรคกล้าธรรม,,#5D4037
885d79ab-91ea-44e0-9e6e-4b9d6c3b2ec2,92,นาย,พิกิฏ,ศรีชนะ,นายพิกิฏ ศรีชนะ,https://gbqmnnammihcoxshkdxd.supabase.co/storage/v1/object/public/partylist-photos/37/092.jpg,,013c219e-e197-416d-84ea-00ba9c35465e,37,พรรคภูมิใจไทย,,#3949AB
b253c2c1-4eb3-447f-9831-c3cf3d8378ff,92,นางสาว,จุฬารัตน์,วัฒนะวิรุณ,นางสาวจุฬารัตน์ วัฒนะวิรุณ,,,115da917-bf32-4e96-a2ae-b7818d0909ee,6,พรรครวมไทยสร้างชาติ,,#FF6D00
b50bb7cf-feb0-4ae6-8047-2ce235464cdc,92,นาย,พงศ์ศรัณย์,อัศวชัยโสภณ,นายพงศ์ศรัณย์ อัศวชัยโสภณ,https://gbqmnnammihcoxshkdxd.supabase.co/storage/v1/object/public/partylist-photos/9/092.jpg,,2d8a1c84-0bc8-4377-965d-c020a0097c27,9,พรรคเพื่อไทย,,#E4002B
ecbc3d1d-26c9-4dfc-923b-3d32763ed2eb,92,นาย,ภีศเดช,สัมมานันท์,นายภีศเดช สัมมานันท์,https://gbqmnnammihcoxshkdxd.supabase.co/storage/v1/object/public/partylist-photos/46/092.jpg,,1116011c-1ef3-4cca-a186-c1b9f7984ede,46,พรรคประชาชน,,#F57C00
10c50406-feff-426b-964f-e00f64611079,93,นาย,พอล ศุภศิษย์,นิ่มสุวรรณ,นายพอล ศุภศิษย์ นิ่มสุวรรณ,https://gbqmnnammihcoxshkdxd.supabase.co/storage/v1/object/public/partylist-photos/46/093.jpg,,1116011c-1ef3-4cca-a186-c1b9f7984ede,46,พรรคประชาชน,,#F57C00
16a90270-cfec-41a0-96a5-8f7287f901f9,93,นาย,เผ่าภูมิ,โรจนสกุล,นายเผ่าภูมิ โรจนสกุล,https://gbqmnnammihcoxshkdxd.supabase.co/storage/v1/object/public/partylist-photos/9/093.jpg,,2d8a1c84-0bc8-4377-965d-c020a0097c27,9,พรรคเพื่อไทย,,#E4002B
2bb4eac0-350c-4f2d-9695-89c10e0f77cf,93,นาย,ประกอบ,รัตนพันธ์,นายประกอบ รัตนพันธ์,https://gbqmnnammihcoxshkdxd.supabase.co/storage/v1/object/public/partylist-photos/27/093.jpg,,d7155f6d-736d-42c0-8bc0-00ee6e1970dc,27,พรรคประชาธิปัตย์,,#0066B3
6e44dbc0-a857-40e3-8669-866d7f056847,93,ว่าที่ร้อยตรี,ธนิตศักดิ์,ดารามั่น,ว่าที่ร้อยตรีธนิตศักดิ์ ดารามั่น,,,115da917-bf32-4e96-a2ae-b7818d0909ee,6,พรรครวมไทยสร้างชาติ,,#FF6D00
a2e0f9a1-83c1-49be-9822-7c268e1d6264,93,นาย,ภูหลวง,เลิศรัฐการ,นายภูหลวง เลิศรัฐการ,,,a62aca08-91b7-4f3f-ba8f-cb9e884a3799,42,พรรคกล้าธรรม,,#5D4037
cb2f6bff-90fc-4266-85d1-67e347ecaf0c,93,นาย,สิรภพ,ดวงสอดศรี,นายสิรภพ ดวงสอดศรี,https://gbqmnnammihcoxshkdxd.supabase.co/storage/v1/object/public/partylist-photos/37/093.jpg,,013c219e-e197-416d-84ea-00ba9c35465e,37,พรรคภูมิใจไทย,,#3949AB
4d2f1089-dd6c-4b1d-a6f6-ba59867fd8d2,94,ว่าที่ร้อยตรี,ไต้หวัน,คำสร้าง,ว่าที่ร้อยตรีไต้หวัน คำสร้าง,,,115da917-bf32-4e96-a2ae-b7818d0909ee,6,พรรครวมไทยสร้างชาติ,,#FF6D00
8b7554dc-237f-4957-b566-0fbc49cf7664,94,นาย,คมเดช,หลิมรัตน์,นายคมเดช หลิมรัตน์,https://gbqmnnammihcoxshkdxd.supabase.co/storage/v1/object/public/partylist-photos/46/094.jpg,,1116011c-1ef3-4cca-a186-c1b9f7984ede,46,พรรคประชาชน,,#F57C00
a9502668-ee48-4803-8111-06e46053c79b,94,นาย,สุกิจ,ก้องธรนินทร์,นายสุกิจ ก้องธรนินทร์,https://gbqmnnammihcoxshkdxd.supabase.co/storage/v1/object/public/partylist-photos/27/094.jpg,,d7155f6d-736d-42c0-8bc0-00ee6e1970dc,27,พรรคประชาธิปัตย์,,#0066B3
e256d362-6977-4526-8352-049c77664196,94,นาย,ธนิศร์,ศรีประเทศ,นายธนิศร์ ศรีประเทศ,,,013c219e-e197-416d-84ea-00ba9c35465e,37,พรรคภูมิใจไทย,,#3949AB
e763fb6c-69a9-4695-be42-023bb1b7ad36,94,นาย,ประยูร,พูลจันทร์,นายประยูร พูลจันทร์,,,a62aca08-91b7-4f3f-ba8f-cb9e884a3799,42,พรรคกล้าธรรม,,#5D4037
fddf8a43-ab32-4725-9d83-90890b37db6b,94,นาย,สงคราม,กิจเลิศไพโรจน์,นายสงคราม กิจเลิศไพโรจน์,https://gbqmnnammihcoxshkdxd.supabase.co/storage/v1/object/public/partylist-photos/9/094.jpg,,2d8a1c84-0bc8-4377-965d-c020a0097c27,9,พรรคเพื่อไทย,,#E4002B
4f7fe549-62ab-4af2-88d9-e4a59ec05e27,95,นาย,อัศวโรจน์ เถาว์กลอย,กูจิ,นายอัศวโรจน์ เถาว์กลอย กูจิ,,,a62aca08-91b7-4f3f-ba8f-cb9e884a3799,42,พรรคกล้าธรรม,,#5D4037
586e33cc-9dc1-4b43-a662-13f1d28cfadb,95,นาง,ศรีสมร,รัศมีฤกษ์เศรษฐ์,นางศรีสมร รัศมีฤกษ์เศรษฐ์,https://gbqmnnammihcoxshkdxd.supabase.co/storage/v1/object/public/partylist-photos/27/095.jpg,,d7155f6d-736d-42c0-8bc0-00ee6e1970dc,27,พรรคประชาธิปัตย์,,#0066B3
6748b00c-18b6-48d1-a32b-118fdea5de94,95,นางสาว,ธีราภา,ไพโรหกุล,นางสาวธีราภา ไพโรหกุล,https://gbqmnnammihcoxshkdxd.supabase.co/storage/v1/object/public/partylist-photos/9/095.jpg,,2d8a1c84-0bc8-4377-965d-c020a0097c27,9,พรรคเพื่อไทย,,#E4002B
9d3b463e-8f31-4f30-9e5d-2780a9da2e92,95,นาย,ทรงศักดิ์,ทองศรี,นายทรงศักดิ์ ทองศรี,https://gbqmnnammihcoxshkdxd.supabase.co/storage/v1/object/public/partylist-photos/37/095.jpg,,013c219e-e197-416d-84ea-00ba9c35465e,37,พรรคภูมิใจไทย,,#3949AB
bdf46dc0-81e0-4d6d-9933-4eaedc66aedf,95,นาง,อังสนา โรมินทร์,คราวซ์,นางอังสนา โรมินทร์ คราวซ์,https://gbqmnnammihcoxshkdxd.supabase.co/storage/v1/object/public/partylist-photos/46/095.jpg,,1116011c-1ef3-4cca-a186-c1b9f7984ede,46,พรรคประชาชน,,#F57C00
cf0eae5d-ce15-4938-9b31-dcd07ebea5c9,95,นาง,ปรารถนา,สีม่วง,นางปรารถนา สีม่วง,,,115da917-bf32-4e96-a2ae-b7818d0909ee,6,พรรครวมไทยสร้างชาติ,,#FF6D00
5f91215d-2909-4791-a38b-05f988cb3905,96,นาย,นภินทร,ศรีสรรพางค์,นายนภินทร ศรีสรรพางค์,https://gbqmnnammihcoxshkdxd.supabase.co/storage/v1/object/public/partylist-photos/37/096.jpg,,013c219e-e197-416d-84ea-00ba9c35465e,37,พรรคภูมิใจไทย,,#3949AB
9e6a21f9-4544-4b6a-94d5-1add9377589a,96,นาย,อธิวัฒน์,จันครา,นายอธิวัฒน์ จันครา,,,a62aca08-91b7-4f3f-ba8f-cb9e884a3799,42,พรรคกล้าธรรม,,#5D4037
abaadbf3-2582-45c8-81a4-f7fc57c96a3b,96,พลตำรวจเอก,อัศวิน,ขวัญเมือง,พลตำรวจเอกอัศวิน ขวัญเมือง,https://gbqmnnammihcoxshkdxd.supabase.co/storage/v1/object/public/partylist-photos/27/096.jpg,,d7155f6d-736d-42c0-8bc0-00ee6e1970dc,27,พรรคประชาธิปัตย์,,#0066B3
b9ed84bf-6dc8-4d4d-9d5c-9a7efceee008,96,นาย,พชรพล,จิตรีปลื้ม,นายพชรพล จิตรีปลื้ม,,,115da917-bf32-4e96-a2ae-b7818d0909ee,6,พรรครวมไทยสร้างชาติ,,#FF6D00
f356f35c-92ce-4c94-9209-fa6fa509e02b,96,นาย,พิชัย,นริพทะพันธุ์,นายพิชัย นริพทะพันธุ์,https://gbqmnnammihcoxshkdxd.supabase.co/storage/v1/object/public/partylist-photos/9/096.jpg,,2d8a1c84-0bc8-4377-965d-c020a0097c27,9,พรรคเพื่อไทย,,#E4002B
fa67168c-6c42-42dc-825b-0650ca3ccc85,96,นาย,วรภพ,วิริยะโรจน์,นายวรภพ วิริยะโรจน์,https://gbqmnnammihcoxshkdxd.supabase.co/storage/v1/object/public/partylist-photos/46/096.jpg,,1116011c-1ef3-4cca-a186-c1b9f7984ede,46,พรรคประชาชน,,#F57C00
9b708942-7e59-423e-88fa-3ddd5065ccdb,97,นาย,จรัล,บุญพนาศรี,นายจรัล บุญพนาศรี,,,115da917-bf32-4e96-a2ae-b7818d0909ee,6,พรรครวมไทยสร้างชาติ,,#FF6D00
a0ba7c35-082f-414c-ad01-d5b1c85a35be,97,นาย,ชัย,วัชรงค์,นายชัย วัชรงค์,https://gbqmnnammihcoxshkdxd.supabase.co/storage/v1/object/public/partylist-photos/9/097.jpg,,2d8a1c84-0bc8-4377-965d-c020a0097c27,9,พรรคเพื่อไทย,,#E4002B
abea9549-0c56-4d18-ac2f-0987da3b126f,97,นาย,ชินวรณ์,บุณยเกียรติ,นายชินวรณ์ บุณยเกียรติ,https://gbqmnnammihcoxshkdxd.supabase.co/storage/v1/object/public/partylist-photos/27/097.jpg,,d7155f6d-736d-42c0-8bc0-00ee6e1970dc,27,พรรคประชาธิปัตย์,,#0066B3
aeeb6bb9-3157-4e42-ae45-3111cd681654,97,นาย,พัฒนา,พร้อมพัฒน์,นายพัฒนา พร้อมพัฒน์,,,013c219e-e197-416d-84ea-00ba9c35465e,37,พรรคภูมิใจไทย,,#3949AB
f3fc091c-3130-4403-8509-04b69955b572,97,นาย,นิติพล,ผิวเหมาะ,นายนิติพล ผิวเหมาะ,https://gbqmnnammihcoxshkdxd.supabase.co/storage/v1/object/public/partylist-photos/46/097.jpg,,1116011c-1ef3-4cca-a186-c1b9f7984ede,46,พรรคประชาชน,,#F57C00
f69ae44a-ac44-48d8-b304-966eb25194bd,97,นาย,สุนทร,รักษ์รงค์,นายสุนทร รักษ์รงค์,,,a62aca08-91b7-4f3f-ba8f-cb9e884a3799,42,พรรคกล้าธรรม,,#5D4037
45ff7c24-afbf-4987-b7ae-f9847adcd533,98,นาย,คำพอง,เทพาคำ,นายคำพอง เทพาคำ,https://gbqmnnammihcoxshkdxd.supabase.co/storage/v1/object/public/partylist-photos/46/098.jpg,,1116011c-1ef3-4cca-a186-c1b9f7984ede,46,พรรคประชาชน,,#F57C00
4966b295-d9c8-45b3-8d11-1ced0f369635,98,นาย,สุรศักดิ์,พันธ์เจริญวรกุล,นายสุรศักดิ์ พันธ์เจริญวรกุล,,,013c219e-e197-416d-84ea-00ba9c35465e,37,พรรคภูมิใจไทย,,#3949AB
5b230f8e-e250-4f07-ad71-882129b7501a,98,นาย,เลิศบุตร,บูรณะคุณาภรณ์,นายเลิศบุตร บูรณะคุณาภรณ์,,,a62aca08-91b7-4f3f-ba8f-cb9e884a3799,42,พรรคกล้าธรรม,,#5D4037
ccda5895-d44d-4159-83cd-b3fecf8d0036,98,นางสาว,จิราภา,มุขจร,นางสาวจิราภา มุขจร,,,115da917-bf32-4e96-a2ae-b7818d0909ee,6,พรรครวมไทยสร้างชาติ,,#FF6D00
d31ce5f0-e60d-4db3-83c2-999325c88c9d,98,นาย,อลงกรณ์,พลบุตร,นายอลงกรณ์ พลบุตร,https://gbqmnnammihcoxshkdxd.supabase.co/storage/v1/object/public/partylist-photos/27/098.jpg,,d7155f6d-736d-42c0-8bc0-00ee6e1970dc,27,พรรคประชาธิปัตย์,,#0066B3
e2c2ef49-709a-4250-ab50-d7f780004131,98,นาย,จักรพงษ์,แสงมณี,นายจักรพงษ์ แสงมณี,https://gbqmnnammihcoxshkdxd.supabase.co/storage/v1/object/public/partylist-photos/9/098.jpg,,2d8a1c84-0bc8-4377-965d-c020a0097c27,9,พรรคเพื่อไทย,,#E4002B
4a7b2e8a-e583-4454-8a56-0c01a3500f6f,99,นาย,วิโรจน์,ลักขณาอดิศร,นายวิโรจน์ ลักขณาอดิศร,https://gbqmnnammihcoxshkdxd.supabase.co/storage/v1/object/public/partylist-photos/46/099.jpg,,1116011c-1ef3-4cca-a186-c1b9f7984ede,46,พรรคประชาชน,,#F57C00
5d7b7daa-1180-4288-b04b-14f75b47972e,99,นาย,ณัฐนนท์,เอี่ยมพูลทรัพย์,นายณัฐนนท์ เอี่ยมพูลทรัพย์,,,a62aca08-91b7-4f3f-ba8f-cb9e884a3799,42,พรรคกล้าธรรม,,#5D4037
70e4deb0-c495-431e-8ede-c2720ab37d9d,99,นาย,สมศักดิ์,เทพสุทิน,นายสมศักดิ์ เทพสุทิน,https://gbqmnnammihcoxshkdxd.supabase.co/storage/v1/object/public/partylist-photos/9/099.jpg,,2d8a1c84-0bc8-4377-965d-c020a0097c27,9,พรรคเพื่อไทย,,#E4002B
97743d8d-8601-4245-b244-ea375f47ba50,99,นางสาว,นูรนีซา,มะยิ,นางสาวนูรนีซา มะยิ,,,115da917-bf32-4e96-a2ae-b7818d0909ee,6,พรรครวมไทยสร้างชาติ,,#FF6D00
051d5692-3905-4105-99b6-6d5a9be3e7fc,100,นาย,ภูมิธรรม,เวชยชัย,นายภูมิธรรม เวชยชัย,https://gbqmnnammihcoxshkdxd.supabase.co/storage/v1/object/public/partylist-photos/9/100.jpg,,2d8a1c84-0bc8-4377-965d-c020a0097c27,9,พรรคเพื่อไทย,,#E4002B
913b1ca9-7436-42e6-bf4d-727de545e1fb,100,นาย,สยามรัตน์,ตติยานนท์,นายสยามรัตน์ ตติยานนท์,,,115da917-bf32-4e96-a2ae-b7818d0909ee,6,พรรครวมไทยสร้างชาติ,,#FF6D00
f4b05dd4-7046-423b-a8bd-f64a0f8b69ec,100,นาย,พิชาณัฐ,เกษมธนาภิรักษ์,นายพิชาณัฐ เกษมธนาภิรักษ์,,,a62aca08-91b7-4f3f-ba8f-cb9e884a3799,42,พรรคกล้าธรรม,,#5D4037
